{
  "type": "FeatureCollection",
  "features": [
    {
      "type": "Feature",
      "geometry": {
        "type": "Point",
        "coordinates": [
          46.529785,
          6.627368
        ]
      },
      "properties": {
        "points": [
          {
            "address": "['avenueDruey 19']",
            "Nom": "Avenue Druey",
            "Métier": "[]",
            "Classification": "???",
            "LigneOriginal": "Jaccottet-Rociiat Suzanne-M.. avenueDruey 19.",
            "sheet": "Avenue Druey",
            "year": 1923
          }
        ],
        "merged_count": 1
      }
    },
    {
      "type": "Feature",
      "geometry": {
        "type": "Point",
        "coordinates": [
          46.529344,
          6.628454
        ]
      },
      "properties": {
        "points": [
          {
            "address": "['avenueDruey 13']",
            "Nom": "Avenue Druey",
            "Métier": "[]",
            "Classification": "???",
            "LigneOriginal": "J(•anrichard-Fauclierrc Lina, avenueDruey 13.",
            "sheet": "Avenue Druey",
            "year": 1923
          }
        ],
        "merged_count": 1
      }
    },
    {
      "type": "Feature",
      "geometry": {
        "type": "Point",
        "coordinates": [
          46.530103,
          6.6279
        ]
      },
      "properties": {
        "points": [
          {
            "address": "['avenueDruey 24']",
            "Nom": "Avenue Druey",
            "Métier": "['compt']",
            "Classification": "intermediaire",
            "LigneOriginal": "Wyss-Henny Joseph, compt., avenueDruey 24 a.",
            "sheet": "Avenue Druey",
            "year": 1923
          }
        ],
        "merged_count": 1
      }
    },
    {
      "type": "Feature",
      "geometry": {
        "type": "Point",
        "coordinates": [
          46.525551,
          6.631354
        ]
      },
      "properties": {
        "points": [
          {
            "address": "['avenueRiant-Mont 1']",
            "Nom": "Avenue Riant-Mont",
            "Métier": "['poêlier']",
            "Classification": "proletaire",
            "LigneOriginal": "Barth-Bolomey Jean, poêlier, avenueRiant-Mont 1.",
            "sheet": "Avenue Riant-Mont",
            "year": 1923
          },
          {
            "address": "['avenueRiant-Mont 9', 'r. Centrale 1']",
            "Nom": "Avenue Riant-Mont",
            "Métier": "['brosserie']",
            "Classification": "proletaire",
            "LigneOriginal": "Klein-Slck Robert, brosserie, avenueRiant-Mont 9. T3461. M. r. Centrale 1. RT9307.",
            "sheet": "Avenue Riant-Mont",
            "year": 1923
          },
          {
            "address": "['av. Riant-Mont 1']",
            "Nom": "Riant Mont",
            "Métier": "['télégr']",
            "Classification": "intermediaire",
            "LigneOriginal": "— Rose, télégr., av. Riant-Mont 1. __",
            "sheet": "Riant Mont",
            "year": 1923
          },
          {
            "address": "['av. Riant-Mont 1']",
            "Nom": "Riant Mont",
            "Métier": "[]",
            "Classification": "???",
            "LigneOriginal": "— Nelly, av. Riant-Mont 1.",
            "sheet": "Riant Mont",
            "year": 1923
          },
          {
            "address": "['av. Riant-Mont 1']",
            "Nom": "Riant Mont",
            "Métier": "[]",
            "Classification": "???",
            "LigneOriginal": "Heberlé Augustine, av. Riant-Mont 1",
            "sheet": "Riant Mont",
            "year": 1923
          }
        ],
        "merged_count": 5
      }
    },
    {
      "type": "Feature",
      "geometry": {
        "type": "Point",
        "coordinates": [
          46.528148,
          6.628948
        ]
      },
      "properties": {
        "points": [
          {
            "address": "['Belles RochesB, av. Jomini']",
            "Nom": "Belles Roches",
            "Métier": "['télégraph']",
            "Classification": "intermediaire",
            "LigneOriginal": "— Noémy, télégraph., Belles RochesB, av. Jomini.",
            "sheet": "Belles Roches",
            "year": 1923
          },
          {
            "address": "['Belles Roches B, av. Jomini']",
            "Nom": "Belles Roches",
            "Métier": "[]",
            "Classification": "???",
            "LigneOriginal": "Barbczat-Duvanel Marthe, Belles Roches B, av. Jomini.",
            "sheet": "Belles Roches",
            "year": 1923
          },
          {
            "address": "['Belles-Roches B.']",
            "Nom": "Belles Roches",
            "Métier": "[]",
            "Classification": "???",
            "LigneOriginal": "— Marie, Belles-Roches B.",
            "sheet": "Belles Roches",
            "year": 1923
          },
          {
            "address": "['Belles Roches B.']",
            "Nom": "Belles Roches",
            "Métier": "[]",
            "Classification": "???",
            "LigneOriginal": "Besson-Auroi Marie, Belles Roches B.",
            "sheet": "Belles Roches",
            "year": 1923
          },
          {
            "address": "['Belles Roches 5bis']",
            "Nom": "Belles Roches",
            "Métier": "['institut']",
            "Classification": "élevé",
            "LigneOriginal": "— Alice, institut.. Belles Roches 5bis",
            "sheet": "Belles Roches",
            "year": 1923
          },
          {
            "address": "['Belles Roches C.']",
            "Nom": "Belles Roches",
            "Métier": "['inst']",
            "Classification": "élevé",
            "LigneOriginal": "— Marguerite, inst., Belles Roches C.",
            "sheet": "Belles Roches",
            "year": 1923
          },
          {
            "address": "['anc. past.,Belles Roches B.']",
            "Nom": "Belles Roches",
            "Métier": "[]",
            "Classification": "???",
            "LigneOriginal": "de Léon-Meylan Fernand, anc. past.,Belles Roches B.",
            "sheet": "Belles Roches",
            "year": 1923
          },
          {
            "address": "['Veuve,Belles Roches B.']",
            "Nom": "Belles Roches",
            "Métier": "[]",
            "Classification": "???",
            "LigneOriginal": "Henny-Chauvy Louise-Rosine, Veuve,Belles Roches B. T8575.",
            "sheet": "Belles Roches",
            "year": 1923
          },
          {
            "address": "['profess.,av. Belles Roches B.']",
            "Nom": "Belles Roches",
            "Métier": "[]",
            "Classification": "???",
            "LigneOriginal": "Jaccard-Weingart Henri-A., profess.,av. Belles Roches B.",
            "sheet": "Belles Roches",
            "year": 1923
          },
          {
            "address": "['Belles Roches, av. J omini']",
            "Nom": "Belles Roches",
            "Métier": "[]",
            "Classification": "???",
            "LigneOriginal": "— Jeanne, Belles Roches, av. J omini",
            "sheet": "Belles Roches",
            "year": 1923
          },
          {
            "address": "['agricult.,camp, des Belles Roches']",
            "Nom": "Belles Roches",
            "Métier": "[]",
            "Classification": "???",
            "LigneOriginal": "Noverraz-Noverraz Samuel, agricult.,camp, des Belles Roches.",
            "sheet": "Belles Roches",
            "year": 1923
          },
          {
            "address": "['Belles Roches B.']",
            "Nom": "Belles Roches",
            "Métier": "['laitier']",
            "Classification": "proletaire",
            "LigneOriginal": "Parisod-Zuchuat Emest, laitier, Belles Roches B.",
            "sheet": "Belles Roches",
            "year": 1923
          },
          {
            "address": "['Belles Roches A.']",
            "Nom": "Belles Roches",
            "Métier": "['Vve']",
            "Classification": "inactif",
            "LigneOriginal": "Ramuz-Davel Louise, Vve, Belles Roches A.",
            "sheet": "Belles Roches",
            "year": 1923
          },
          {
            "address": "['Belles Roches 6. Cab. Mornex1']",
            "Nom": "Belles Roches",
            "Métier": "['dentiste']",
            "Classification": "élevé",
            "LigneOriginal": "Sehaufelbcrger-Zbindcn Gges, dentiste. Belles Roches 6. Cab. Mornex1. T8226.",
            "sheet": "Belles Roches",
            "year": 1923
          },
          {
            "address": "['Belles Roches G.']",
            "Nom": "Belles Roches",
            "Métier": "[]",
            "Classification": "???",
            "LigneOriginal": "Schmidt-Rccher Elisabeth, Belles Roches G.",
            "sheet": "Belles Roches",
            "year": 1923
          },
          {
            "address": "['BellesRoches A, ch. de l’Orphelinat']",
            "Nom": "Belles Roches",
            "Métier": "['prof']",
            "Classification": "élevé",
            "LigneOriginal": "Taverney-tiarln Adrien, prof., BellesRoches A, ch. de l’Orphelinat.",
            "sheet": "Belles Roches",
            "year": 1923
          },
          {
            "address": "['Belles Roches B.']",
            "Nom": "Belles Roches",
            "Métier": "[]",
            "Classification": "???",
            "LigneOriginal": "Wellauer-Henny Julia, Belles Roches B.",
            "sheet": "Belles Roches",
            "year": 1923
          },
          {
            "address": "['Bolles-Roches B.']",
            "Nom": "Belles-Roches",
            "Métier": "[]",
            "Classification": "???",
            "LigneOriginal": "— Georgette-Math., Bolles-Roches B.",
            "sheet": "Belles-Roches",
            "year": 1923
          },
          {
            "address": "['Belles-RochesB.']",
            "Nom": "Belles-Roches",
            "Métier": "['lieutenant-colonel instructeur']",
            "Classification": "intermediaire",
            "LigneOriginal": "Baumann-Zwigart Eugène, lieutenant-colonel instructeur, Belles-RochesB. T. 2827.",
            "sheet": "Belles-Roches",
            "year": 1923
          },
          {
            "address": "['Belles-Rochee 1', '.']",
            "Nom": "Belles-Roches",
            "Métier": "['étud']",
            "Classification": "inactif",
            "LigneOriginal": "— Philippe, étud., Belles-Rochee 1.",
            "sheet": "Belles-Roches",
            "year": 1923
          },
          {
            "address": "['Bellcs-Roches B.']",
            "Nom": "Belles-Roches",
            "Métier": "['étud']",
            "Classification": "inactif",
            "LigneOriginal": "— Pierre, étud., Bellcs-Roches B.",
            "sheet": "Belles-Roches",
            "year": 1923
          },
          {
            "address": "['aven.Belles-Roches B.']",
            "Nom": "Belles-Roches",
            "Métier": "['représ']",
            "Classification": "intermediaire",
            "LigneOriginal": "Wertheimer-Claes R., représ., aven.Belles-Roches B. T2769.",
            "sheet": "Belles-Roches",
            "year": 1923
          }
        ],
        "merged_count": 22
      }
    },
    {
      "type": "Feature",
      "geometry": {
        "type": "Point",
        "coordinates": [
          46.527975,
          6.628901
        ]
      },
      "properties": {
        "points": [
          {
            "address": "['Belles-Roches 4']",
            "Nom": "Belles Roches",
            "Métier": "[]",
            "Classification": "???",
            "LigneOriginal": "Bieler-Wursten Ilél. Belles-Roches 4.",
            "sheet": "Belles Roches",
            "year": 1923
          },
          {
            "address": "['Belles Roches 4']",
            "Nom": "Belles Roches",
            "Métier": "[]",
            "Classification": "???",
            "LigneOriginal": "— Jaques, Belles Roches 4.",
            "sheet": "Belles Roches",
            "year": 1923
          },
          {
            "address": "['Belles Roches 4']",
            "Nom": "Belles Roches",
            "Métier": "[]",
            "Classification": "???",
            "LigneOriginal": "— Victor-Jules, Belles Roches 4.",
            "sheet": "Belles Roches",
            "year": 1923
          },
          {
            "address": "['Belles Roches 4']",
            "Nom": "Belles Roches",
            "Métier": "[]",
            "Classification": "???",
            "LigneOriginal": "liridel-Schnetzlcr Michel, Belles Roches 4.",
            "sheet": "Belles Roches",
            "year": 1923
          },
          {
            "address": "['Belles Roches 4']",
            "Nom": "Belles Roches",
            "Métier": "['imprimeur']",
            "Classification": "proletaire",
            "LigneOriginal": "Gonln-Trog Edouard, imprimeur, Belles Roches 4. T8770.",
            "sheet": "Belles Roches",
            "year": 1923
          }
        ],
        "merged_count": 5
      }
    },
    {
      "type": "Feature",
      "geometry": {
        "type": "Point",
        "coordinates": [
          46.52814,
          6.628575
        ]
      },
      "properties": {
        "points": [
          {
            "address": "['Belles-Roches 7']",
            "Nom": "Belles Roches",
            "Métier": "[]",
            "Classification": "???",
            "LigneOriginal": "— Fernand, Belles-Roches 7.",
            "sheet": "Belles Roches",
            "year": 1923
          },
          {
            "address": "['Belles-Roches 7']",
            "Nom": "Belles Roches",
            "Métier": "['étud']",
            "Classification": "inactif",
            "LigneOriginal": "Gampert René, étud., Belles-Roches 7",
            "sheet": "Belles Roches",
            "year": 1923
          },
          {
            "address": "['Belles-Roches 7']",
            "Nom": "Belles Roches",
            "Métier": "['prof']",
            "Classification": "élevé",
            "LigneOriginal": "Gampert-Picot Auguste, prof., Belles-Roches 7. T9131.",
            "sheet": "Belles Roches",
            "year": 1923
          },
          {
            "address": "['av. Belles-Roches 7']",
            "Nom": "Belles Roches",
            "Métier": "['d. de mag']",
            "Classification": "intermediaire",
            "LigneOriginal": "Roussy Marie, d. de mag., av. Belles-Roches 7.",
            "sheet": "Belles Roches",
            "year": 1923
          },
          {
            "address": "['Belles Roches 7']",
            "Nom": "Belles Roches",
            "Métier": "['inf']",
            "Classification": "intermediaire",
            "LigneOriginal": "Torny Alice, inf., Belles Roches 7.",
            "sheet": "Belles Roches",
            "year": 1923
          }
        ],
        "merged_count": 5
      }
    },
    {
      "type": "Feature",
      "geometry": {
        "type": "Point",
        "coordinates": [
          46.5278,
          6.629253
        ]
      },
      "properties": {
        "points": [
          {
            "address": "['Belles-Roches 1']",
            "Nom": "Belles Roches",
            "Métier": "[]",
            "Classification": "???",
            "LigneOriginal": "— Marie, Belles-Roches 1.",
            "sheet": "Belles Roches",
            "year": 1923
          },
          {
            "address": "['Belles Roches 1']",
            "Nom": "Belles Roches",
            "Métier": "['dom']",
            "Classification": "proletaire",
            "LigneOriginal": "Guillaume Elisa, dom., Belles Roches 1",
            "sheet": "Belles Roches",
            "year": 1923
          },
          {
            "address": "['juge féd.,Belles-Roches 1']",
            "Nom": "Belles-Roches",
            "Métier": "[]",
            "Classification": "???",
            "LigneOriginal": "Couchepin Closait Arthur, juge féd.,Belles-Roches 1. T1769.",
            "sheet": "Belles-Roches",
            "year": 1923
          }
        ],
        "merged_count": 3
      }
    },
    {
      "type": "Feature",
      "geometry": {
        "type": "Point",
        "coordinates": [
          46.527918,
          6.629012
        ]
      },
      "properties": {
        "points": [
          {
            "address": "['Belles Roches 3']",
            "Nom": "Belles Roches",
            "Métier": "['gérant']",
            "Classification": "inactif",
            "LigneOriginal": "Demicville-Favrod-Coune Fern., gérant, Belles Roches 3. RT8569.",
            "sheet": "Belles Roches",
            "year": 1923
          }
        ],
        "merged_count": 1
      }
    },
    {
      "type": "Feature",
      "geometry": {
        "type": "Point",
        "coordinates": [
          46.528092,
          6.62867
        ]
      },
      "properties": {
        "points": [
          {
            "address": "['Belles Roches 6']",
            "Nom": "Belles Roches",
            "Métier": "['emp. banque']",
            "Classification": "intermediaire",
            "LigneOriginal": "— Georges, emp. banque, Belles Roches 6.",
            "sheet": "Belles Roches",
            "year": 1923
          },
          {
            "address": "['Belles Roches 6']",
            "Nom": "Belles Roches",
            "Métier": "['commis']",
            "Classification": "proletaire",
            "LigneOriginal": "lvully Siegfried, commis. Belles Roches 6.",
            "sheet": "Belles Roches",
            "year": 1923
          },
          {
            "address": "['Belles-Roches 6']",
            "Nom": "Belles Roches",
            "Métier": "['empi']",
            "Classification": "intermediaire",
            "LigneOriginal": "— Franz, empi., Belles-Roches 6.",
            "sheet": "Belles Roches",
            "year": 1923
          },
          {
            "address": "['Belles Roches 6']",
            "Nom": "Belles Roches",
            "Métier": "[]",
            "Classification": "???",
            "LigneOriginal": "— Marie, Belles Roches 6.",
            "sheet": "Belles Roches",
            "year": 1923
          },
          {
            "address": "['Belles-Roches 6']",
            "Nom": "Belles Roches",
            "Métier": "[]",
            "Classification": "???",
            "LigneOriginal": "— Julie-Elisabeth, Belles-Roches 6.",
            "sheet": "Belles Roches",
            "year": 1923
          },
          {
            "address": "['BellesRoches 6']",
            "Nom": "Belles Roches",
            "Métier": "['pension']",
            "Classification": "inactif",
            "LigneOriginal": "Schmidt-Mortz Robert, pension. BellesRoches 6.",
            "sheet": "Belles Roches",
            "year": 1923
          },
          {
            "address": "['BellesRoches 2', 'rue du Liond’Or 6']",
            "Nom": "Belles Roches",
            "Métier": "['banq']",
            "Classification": "intermediaire",
            "LigneOriginal": "Stouky-Bergier Charles, banq., BellesRoches 2. T9011. B. rue du Liond’Or 6. T2681.",
            "sheet": "Belles Roches",
            "year": 1923
          },
          {
            "address": "['ingén.,Belles-Roches 6']",
            "Nom": "Belles-Roches",
            "Métier": "[]",
            "Classification": "???",
            "LigneOriginal": "Wernly-Herrmann Auguste, ingén.,Belles-Roches 6.",
            "sheet": "Belles-Roches",
            "year": 1923
          }
        ],
        "merged_count": 8
      }
    },
    {
      "type": "Feature",
      "geometry": {
        "type": "Point",
        "coordinates": [
          46.528034,
          6.62878
        ]
      },
      "properties": {
        "points": [
          {
            "address": "['dir.de La Source, Belles Roches 5']",
            "Nom": "Belles Roches",
            "Métier": "[]",
            "Classification": "???",
            "LigneOriginal": "Vuilleumier-Dcmicvillc Maurice, dir.de La Source, Belles Roches 5.",
            "sheet": "Belles Roches",
            "year": 1923
          }
        ],
        "merged_count": 1
      }
    },
    {
      "type": "Feature",
      "geometry": {
        "type": "Point",
        "coordinates": [
          46.525517,
          6.660861
        ]
      },
      "properties": {
        "points": [
          {
            "address": "['Haute Vue, av.Ruehonnet 29']",
            "Nom": "Haute Vue",
            "Métier": "['redact']",
            "Classification": "inactif",
            "LigneOriginal": "Læscr Henri, redact., Haute Vue, av.Ruehonnet 29. T5293.",
            "sheet": "Haute Vue",
            "year": 1923
          }
        ],
        "merged_count": 1
      }
    },
    {
      "type": "Feature",
      "geometry": {
        "type": "Point",
        "coordinates": [
          46.526151,
          6.609793
        ]
      },
      "properties": {
        "points": [
          {
            "address": "['Etoile duSoir, av. Druey']",
            "Nom": "L'Etoile",
            "Métier": "['instit']",
            "Classification": "élevé",
            "LigneOriginal": "Cherix Rossat Marc, instit., Etoile duSoir, av. Druey.",
            "sheet": "L'Etoile",
            "year": 1923
          }
        ],
        "merged_count": 1
      }
    },
    {
      "type": "Feature",
      "geometry": {
        "type": "Point",
        "coordinates": [
          46.532314,
          6.629976
        ]
      },
      "properties": {
        "points": [
          {
            "address": "['Sentierde la Borde 1', '.']",
            "Nom": "La Borde",
            "Métier": "['tapiss']",
            "Classification": "proletaire",
            "LigneOriginal": "Barbey-Biolay Paul, tapiss., Sentierde la Borde 1.",
            "sheet": "La Borde",
            "year": 1923
          },
          {
            "address": "['Printemps de la Borde']",
            "Nom": "La Borde",
            "Métier": "['char']",
            "Classification": "proletaire",
            "LigneOriginal": "Chesanx-Perrin Edmond, char.. Printemps de la Borde.",
            "sheet": "La Borde",
            "year": 1923
          },
          {
            "address": "[', sent, de la Borde']",
            "Nom": "La Borde",
            "Métier": "[]",
            "Classification": "???",
            "LigneOriginal": "Collet-Betiens Aug.-Franç., commis,La Citadelle, sent, de la Borde.",
            "sheet": "La Borde",
            "year": 1923
          },
          {
            "address": "['Sentier de la Borde 1', '.']",
            "Nom": "La Borde",
            "Métier": "[]",
            "Classification": "???",
            "LigneOriginal": "— Francis, Sentier de la Borde 1.",
            "sheet": "La Borde",
            "year": 1923
          },
          {
            "address": "['Sentier de la Borde 1', '.']",
            "Nom": "La Borde",
            "Métier": "[]",
            "Classification": "???",
            "LigneOriginal": "— Louise, Sentier de la Borde 1.",
            "sheet": "La Borde",
            "year": 1923
          },
          {
            "address": "['Sentier dela Borde 1', '.']",
            "Nom": "La Borde",
            "Métier": "['Vve']",
            "Classification": "inactif",
            "LigneOriginal": "Dupraz-Blanc Julie, Vve, Sentier dela Borde 1.",
            "sheet": "La Borde",
            "year": 1923
          },
          {
            "address": "['l’Avenir,sentier de la Borde']",
            "Nom": "La Borde",
            "Métier": "['peintre']",
            "Classification": "proletaire",
            "LigneOriginal": "Fischer-Muff Louis, peintre, l’Avenir,sentier de la Borde.",
            "sheet": "La Borde",
            "year": 1923
          },
          {
            "address": "['Printemps de la Borde 1', '.']",
            "Nom": "La Borde",
            "Métier": "['gyps']",
            "Classification": "proletaire",
            "LigneOriginal": "Imperiall-Sonzini Louis, gyps., Printemps de la Borde 1.",
            "sheet": "La Borde",
            "year": 1923
          },
          {
            "address": "['l’Avenir, sent,de la Borde']",
            "Nom": "La Borde",
            "Métier": "['coutur.']",
            "Classification": "proletaire",
            "LigneOriginal": "Junod Adèle, coutur., l’Avenir, sent,de la Borde.",
            "sheet": "La Borde",
            "year": 1923
          },
          {
            "address": "['La Borde (roulotte']",
            "Nom": "La Borde",
            "Métier": "[]",
            "Classification": "???",
            "LigneOriginal": "Kohl-Berthold Henri, La Borde (roulotte) .",
            "sheet": "La Borde",
            "year": 1923
          },
          {
            "address": "['Sentierde la Borde 2']",
            "Nom": "La Borde",
            "Métier": "['typo']",
            "Classification": "intermediaire",
            "LigneOriginal": "Noy-Kauîmami Emile, typo, Sentierde la Borde 2.",
            "sheet": "La Borde",
            "year": 1923
          },
          {
            "address": "['LaCitadelle, sentier de la Borde']",
            "Nom": "La Borde",
            "Métier": "['boucher']",
            "Classification": "proletaire",
            "LigneOriginal": "Xicola-Regamey Vittorio, boucher, LaCitadelle, sentier de la Borde.",
            "sheet": "La Borde",
            "year": 1923
          },
          {
            "address": "['Sentier de la Borde 1', '.']",
            "Nom": "La Borde",
            "Métier": "['mécan']",
            "Classification": "intermediaire",
            "LigneOriginal": "Romanelli-Morelli Guido, mécan., Sentier de la Borde 1.",
            "sheet": "La Borde",
            "year": 1923
          }
        ],
        "merged_count": 13
      }
    },
    {
      "type": "Feature",
      "geometry": {
        "type": "Point",
        "coordinates": [
          46.526782,
          6.633421
        ]
      },
      "properties": {
        "points": [
          {
            "address": "['Sentier de la Borde 1']",
            "Nom": "La Borde",
            "Métier": "['charretier']",
            "Classification": "proletaire",
            "LigneOriginal": "Bô-Lagna Dominique, charretier. Sentier de la Borde 1.",
            "sheet": "La Borde",
            "year": 1923
          },
          {
            "address": "['Sent, de la Borde 1']",
            "Nom": "La Borde",
            "Métier": "['cout']",
            "Classification": "proletaire",
            "LigneOriginal": "— Jeanne, cout.. Sent, de la Borde 1.",
            "sheet": "La Borde",
            "year": 1923
          },
          {
            "address": "['journalier.Sentier de la Borde 1']",
            "Nom": "La Borde",
            "Métier": "[]",
            "Classification": "???",
            "LigneOriginal": "Pizzotti-Duboux André, journalier.Sentier de la Borde 1.",
            "sheet": "La Borde",
            "year": 1923
          }
        ],
        "merged_count": 3
      }
    },
    {
      "type": "Feature",
      "geometry": {
        "type": "Point",
        "coordinates": [
          46.529129,
          6.631991
        ]
      },
      "properties": {
        "points": [
          {
            "address": "['r.de la Borde 27']",
            "Nom": "La Borde",
            "Métier": "['confiseur']",
            "Classification": "proletaire",
            "LigneOriginal": "Bouvet-Panero Joseph, confiseur, r.de la Borde 27.",
            "sheet": "La Borde",
            "year": 1923
          }
        ],
        "merged_count": 1
      }
    },
    {
      "type": "Feature",
      "geometry": {
        "type": "Point",
        "coordinates": [
          46.527288,
          6.633038
        ]
      },
      "properties": {
        "points": [
          {
            "address": "['Sont, de la Borde 3']",
            "Nom": "La Borde",
            "Métier": "[]",
            "Classification": "???",
            "LigneOriginal": "Durisch Alice, Sont, de la Borde 3.",
            "sheet": "La Borde",
            "year": 1923
          },
          {
            "address": "['sentier de la Borde 3']",
            "Nom": "La Borde",
            "Métier": "['teinturier']",
            "Classification": "proletaire",
            "LigneOriginal": "Durisch-Gricder Karl, teinturier, sentier de la Borde 3.",
            "sheet": "La Borde",
            "year": 1923
          },
          {
            "address": "['sentierde la Borde 3']",
            "Nom": "La Borde",
            "Métier": "['maçon']",
            "Classification": "proletaire",
            "LigneOriginal": "Ogliaro-Biasetti Jean, maçon, sentierde la Borde 3.",
            "sheet": "La Borde",
            "year": 1923
          }
        ],
        "merged_count": 3
      }
    },
    {
      "type": "Feature",
      "geometry": {
        "type": "Point",
        "coordinates": [
          46.530333,
          6.631494
        ]
      },
      "properties": {
        "points": [
          {
            "address": "['r.de la Borde 39']",
            "Nom": "La Borde",
            "Métier": "['empi.']",
            "Classification": "proletaire",
            "LigneOriginal": "Hertig-Brcelibuliler Ernest, empi., r.de la Borde 39.",
            "sheet": "La Borde",
            "year": 1923
          }
        ],
        "merged_count": 1
      }
    },
    {
      "type": "Feature",
      "geometry": {
        "type": "Point",
        "coordinates": [
          46.528365,
          6.632387
        ]
      },
      "properties": {
        "points": [
          {
            "address": "['la Borde 3', 'At.av. d’Eehallens 17']",
            "Nom": "La Borde",
            "Métier": "[]",
            "Classification": "???",
            "LigneOriginal": "Oulevay-Gonnet Adolplie-J.-F„ menuisier, Sentier de la Borde 3. At.av. d’Eehallens 17.",
            "sheet": "La Borde",
            "year": 1923
          }
        ],
        "merged_count": 1
      }
    },
    {
      "type": "Feature",
      "geometry": {
        "type": "Point",
        "coordinates": [
          46.530157,
          6.63155
        ]
      },
      "properties": {
        "points": [
          {
            "address": "['odat Fritz', 'LaBorde 37']",
            "Nom": "La Borde",
            "Métier": "['mécan']",
            "Classification": "intermediaire",
            "LigneOriginal": "Scheidegger-ti odat Fritz, mécan., LaBorde 37.",
            "sheet": "La Borde",
            "year": 1923
          }
        ],
        "merged_count": 1
      }
    },
    {
      "type": "Feature",
      "geometry": {
        "type": "Point",
        "coordinates": [
          46.521631,
          6.611954
        ]
      },
      "properties": {
        "points": [
          {
            "address": "['La Colline, Montoie']",
            "Nom": "La Colline",
            "Métier": "[]",
            "Classification": "???",
            "LigneOriginal": "Burren Berthe, La Colline, Montoie.",
            "sheet": "La Colline",
            "year": 1923
          },
          {
            "address": "['La Colline,Montoie']",
            "Nom": "La Colline",
            "Métier": "['charretier']",
            "Classification": "proletaire",
            "LigneOriginal": "Genuel Louis, charretier, La Colline,Montoie.",
            "sheet": "La Colline",
            "year": 1923
          },
          {
            "address": "['La Colline,Montoio']",
            "Nom": "La Colline",
            "Métier": "['ciment']",
            "Classification": "???",
            "LigneOriginal": "Marzetti Louis, ciment.. La Colline,Montoio.",
            "sheet": "La Colline",
            "year": 1923
          },
          {
            "address": "['La Colline, Montoie']",
            "Nom": "La Colline",
            "Métier": "['man']",
            "Classification": "proletaire",
            "LigneOriginal": "Pellet Alfred, man., La Colline, Montoie.",
            "sheet": "La Colline",
            "year": 1923
          }
        ],
        "merged_count": 4
      }
    },
    {
      "type": "Feature",
      "geometry": {
        "type": "Point",
        "coordinates": [
          46.541964,
          6.654553
        ]
      },
      "properties": {
        "points": [
          {
            "address": "['La Source, Cour']",
            "Nom": "La Source",
            "Métier": "[]",
            "Classification": "???",
            "LigneOriginal": "— Germaine, La Source, Cour.",
            "sheet": "La Source",
            "year": 1923
          },
          {
            "address": "['La Source, Cour']",
            "Nom": "La Source",
            "Métier": "['ingénieur C. F.F.']",
            "Classification": "élevé",
            "LigneOriginal": "Dutoit-Verrey Gaston, ingénieur C. F.F., La Source, Cour. T. 2965.",
            "sheet": "La Source",
            "year": 1923
          }
        ],
        "merged_count": 2
      }
    },
    {
      "type": "Feature",
      "geometry": {
        "type": "Point",
        "coordinates": [
          46.541842,
          6.65485
        ]
      },
      "properties": {
        "points": [
          {
            "address": "['Foyer de la Source, ch. Vinet 27']",
            "Nom": "La Source",
            "Métier": "['direct']",
            "Classification": "élevé",
            "LigneOriginal": "— Esther, direct.. Foyer de la Source, ch. Vinet 27. T8984.",
            "sheet": "La Source",
            "year": 1923
          }
        ],
        "merged_count": 1
      }
    },
    {
      "type": "Feature",
      "geometry": {
        "type": "Point",
        "coordinates": [
          46.509884,
          6.635263
        ]
      },
      "properties": {
        "points": [
          {
            "address": "['Ma Fantaisie, sous Mont-Choisi']",
            "Nom": "Ma Fantaisie",
            "Métier": "[]",
            "Classification": "???",
            "LigneOriginal": "de Cerjat Louisa-Elisabeth, Ma Fantaisie, sous Mont-Choisi. T8990.",
            "sheet": "Ma Fantaisie",
            "year": 1923
          }
        ],
        "merged_count": 1
      }
    },
    {
      "type": "Feature",
      "geometry": {
        "type": "Point",
        "coordinates": [
          46.525843,
          6.625203
        ]
      },
      "properties": {
        "points": [
          {
            "address": "['Petit Beaulieu 4a']",
            "Nom": "Petit Beaulieu",
            "Métier": "['tonnelier']",
            "Classification": "proletaire",
            "LigneOriginal": "Blœsch-Pingoud Rodolphe, tonnelier,Petit Beaulieu 4a.",
            "sheet": "Petit Beaulieu",
            "year": 1923
          },
          {
            "address": "['Petit Beaulieu, aven.Beaulieu']",
            "Nom": "Petit Beaulieu",
            "Métier": "['com.de poste']",
            "Classification": "intermediaire",
            "LigneOriginal": "Burnier-Liardet Jean-Edmond, com.de poste, Petit Beaulieu, aven.Beaulieu.",
            "sheet": "Petit Beaulieu",
            "year": 1923
          },
          {
            "address": "['PetitBeaulieu 8a']",
            "Nom": "Petit Beaulieu",
            "Métier": "['coutur']",
            "Classification": "proletaire",
            "LigneOriginal": "Caillot Alice-Léontine, coutur., PetitBeaulieu 8a.",
            "sheet": "Petit Beaulieu",
            "year": 1923
          },
          {
            "address": "['Petit Beaulieu, av. Beaulieu']",
            "Nom": "Petit Beaulieu",
            "Métier": "[]",
            "Classification": "???",
            "LigneOriginal": "Chavan-Quinche Ch.-Alb., empi. C. F.F., Petit Beaulieu, av. Beaulieu.",
            "sheet": "Petit Beaulieu",
            "year": 1923
          },
          {
            "address": "['Petit Beaulieu 2']",
            "Nom": "Petit Beaulieu",
            "Métier": "['empi']",
            "Classification": "intermediaire",
            "LigneOriginal": "Kivbcle Hans, empi.. Petit Beaulieu 2",
            "sheet": "Petit Beaulieu",
            "year": 1923
          },
          {
            "address": "['PetitBeaulieu, av. Beaulieu']",
            "Nom": "Petit Beaulieu",
            "Métier": "['compt']",
            "Classification": "intermediaire",
            "LigneOriginal": "Nerdenet-Payer Louis, compt., PetitBeaulieu, av. Beaulieu.",
            "sheet": "Petit Beaulieu",
            "year": 1923
          },
          {
            "address": "['av. PetitBeaulieu 1', '.']",
            "Nom": "Petit Beaulieu",
            "Métier": "['rédact']",
            "Classification": "intermediaire",
            "LigneOriginal": "Papi-Pavan Alex., rédact., av. PetitBeaulieu 1.",
            "sheet": "Petit Beaulieu",
            "year": 1923
          },
          {
            "address": "['prof.. Petit Beaulieu']",
            "Nom": "Petit Beaulieu",
            "Métier": "['ing']",
            "Classification": "intermediaire",
            "LigneOriginal": "Paris-Weitzel Adrien, ing., prof.. Petit Beaulieu. T. 4692.",
            "sheet": "Petit Beaulieu",
            "year": 1923
          },
          {
            "address": "['Petit-Beaulieu 8a']",
            "Nom": "Petit Beaulieu",
            "Métier": "['mécan']",
            "Classification": "intermediaire",
            "LigneOriginal": "Straubhardt Albert, mécan., Petit-Beaulieu 8a.",
            "sheet": "Petit Beaulieu",
            "year": 1923
          },
          {
            "address": "['Petit Beaulieu 8bis']",
            "Nom": "Petit Beaulieu",
            "Métier": "['typo']",
            "Classification": "intermediaire",
            "LigneOriginal": "— René, typo, Petit Beaulieu 8bis.",
            "sheet": "Petit Beaulieu",
            "year": 1923
          }
        ],
        "merged_count": 10
      }
    },
    {
      "type": "Feature",
      "geometry": {
        "type": "Point",
        "coordinates": [
          46.526227,
          6.625114
        ]
      },
      "properties": {
        "points": [
          {
            "address": "['PetitBeaulieu 8']",
            "Nom": "Petit Beaulieu",
            "Métier": "['mén']",
            "Classification": "inactif",
            "LigneOriginal": "Gilliard-Gimpcrt Fanny, mén., PetitBeaulieu 8.",
            "sheet": "Petit Beaulieu",
            "year": 1923
          }
        ],
        "merged_count": 1
      }
    },
    {
      "type": "Feature",
      "geometry": {
        "type": "Point",
        "coordinates": [
          46.52958,
          6.630901
        ]
      },
      "properties": {
        "points": [
          {
            "address": "['Pontaise 16']",
            "Nom": "Pontaise",
            "Métier": "['ag. de police']",
            "Classification": "intermediaire",
            "LigneOriginal": "Agassiz-Boschimg Robert, ag. de police, Pontaise 16.",
            "sheet": "Pontaise",
            "year": 1923
          },
          {
            "address": "['Pontaise 16']",
            "Nom": "Pontaise",
            "Métier": "['coutur']",
            "Classification": "proletaire",
            "LigneOriginal": "Burki Ida, coutur., Pontaise 16.",
            "sheet": "Pontaise",
            "year": 1923
          },
          {
            "address": "['Pontaise 16']",
            "Nom": "Pontaise",
            "Métier": "[]",
            "Classification": "???",
            "LigneOriginal": "Curchod-Delcsscrt Aline, Pontaise 16.",
            "sheet": "Pontaise",
            "year": 1923
          },
          {
            "address": "['Pontaise 16']",
            "Nom": "Pontaise",
            "Métier": "[]",
            "Classification": "???",
            "LigneOriginal": "— Elise, Pontaise 16.",
            "sheet": "Pontaise",
            "year": 1923
          },
          {
            "address": "['négoc.,Pontaise 16']",
            "Nom": "Pontaise",
            "Métier": "[]",
            "Classification": "???",
            "LigneOriginal": "Gruffel-Sondereggcr Louis, négoc.,Pontaise 16.",
            "sheet": "Pontaise",
            "year": 1923
          },
          {
            "address": "['Pontaise 16']",
            "Nom": "Pontaise",
            "Métier": "['représentant']",
            "Classification": "intermediaire",
            "LigneOriginal": "— Paul, représentant, Pontaise 16.",
            "sheet": "Pontaise",
            "year": 1923
          },
          {
            "address": "['Pontaise 16']",
            "Nom": "Pontaise",
            "Métier": "['Vve,épicerie']",
            "Classification": "proletaire",
            "LigneOriginal": "Jaqnes-Cucndet Louise-Marie, Vve,épicerie, Pontaise 16.",
            "sheet": "Pontaise",
            "year": 1923
          },
          {
            "address": "['Pontaise 16']",
            "Nom": "Pontaise",
            "Métier": "['couturière']",
            "Classification": "proletaire",
            "LigneOriginal": "— Marthe, couturière, Pontaise 16.",
            "sheet": "Pontaise",
            "year": 1923
          },
          {
            "address": "['Pontaise 16']",
            "Nom": "Pontaise",
            "Métier": "['menuisier']",
            "Classification": "proletaire",
            "LigneOriginal": "Lehmann-Dony Auguste, menuisier etprimeurs, Pontaise 16.",
            "sheet": "Pontaise",
            "year": 1923
          }
        ],
        "merged_count": 9
      }
    },
    {
      "type": "Feature",
      "geometry": {
        "type": "Point",
        "coordinates": [
          46.529542,
          6.630052
        ]
      },
      "properties": {
        "points": [
          {
            "address": "['Pontaise 13']",
            "Nom": "Pontaise",
            "Métier": "[]",
            "Classification": "???",
            "LigneOriginal": "— Hélène, Pontaise 13.",
            "sheet": "Pontaise",
            "year": 1923
          },
          {
            "address": "['Pontaise 13']",
            "Nom": "Pontaise",
            "Métier": "['cond. typo']",
            "Classification": "proletaire",
            "LigneOriginal": "Apothéloz-Pache Henri, cond. typo,Pontaise 13.",
            "sheet": "Pontaise",
            "year": 1923
          },
          {
            "address": "['ouvr. deville. Pontaise 13']",
            "Nom": "Pontaise",
            "Métier": "[]",
            "Classification": "???",
            "LigneOriginal": "Grognuz-Bezençon Charles, ouvr. deville. Pontaise 13.",
            "sheet": "Pontaise",
            "year": 1923
          },
          {
            "address": "['Pontaise 13']",
            "Nom": "Pontaise",
            "Métier": "[]",
            "Classification": "???",
            "LigneOriginal": "Henriod-Seliweizer Fritz, Pontaise 13",
            "sheet": "Pontaise",
            "year": 1923
          },
          {
            "address": "['Pontaise 13']",
            "Nom": "Pontaise",
            "Métier": "['comm. postal']",
            "Classification": "intermediaire",
            "LigneOriginal": "Moginier-Meicr Louis, comm. postal,Pontaise 13.",
            "sheet": "Pontaise",
            "year": 1923
          },
          {
            "address": "[',Pontaise 13']",
            "Nom": "Pontaise",
            "Métier": "['ferblantier']",
            "Classification": "proletaire",
            "LigneOriginal": "Richard - Perret Jules, ferblantier,Pontaise 13. T5440.",
            "sheet": "Pontaise",
            "year": 1923
          },
          {
            "address": "['Pontaise 13']",
            "Nom": "Pontaise",
            "Métier": "[]",
            "Classification": "???",
            "LigneOriginal": "Schär Angèle, Pontaise 13.",
            "sheet": "Pontaise",
            "year": 1923
          },
          {
            "address": "['Vve,Pontaise 13']",
            "Nom": "Pontaise",
            "Métier": "[]",
            "Classification": "???",
            "LigneOriginal": "Schär-Sclimidt Anna-Elisabeth, Vve,Pontaise 13.",
            "sheet": "Pontaise",
            "year": 1923
          }
        ],
        "merged_count": 8
      }
    },
    {
      "type": "Feature",
      "geometry": {
        "type": "Point",
        "coordinates": [
          46.531243,
          6.62875
        ]
      },
      "properties": {
        "points": [
          {
            "address": "['Pontaise 47']",
            "Nom": "Pontaise",
            "Métier": "['empi']",
            "Classification": "intermediaire",
            "LigneOriginal": "— Pervenche, empi., Pontaise 47.",
            "sheet": "Pontaise",
            "year": 1923
          },
          {
            "address": "['Pontaise 47']",
            "Nom": "Pontaise",
            "Métier": "['facteur']",
            "Classification": "proletaire",
            "LigneOriginal": "— Henri, facteur, Pontaise 47.",
            "sheet": "Pontaise",
            "year": 1923
          },
          {
            "address": "['Pontaise 47']",
            "Nom": "Pontaise",
            "Métier": "[]",
            "Classification": "???",
            "LigneOriginal": "— Marguerite, Pontaise 47.",
            "sheet": "Pontaise",
            "year": 1923
          },
          {
            "address": "['rentière. Pontaise 47']",
            "Nom": "Pontaise",
            "Métier": "[]",
            "Classification": "???",
            "LigneOriginal": "Correvon-Meylan Emma-Mélanie, rentière. Pontaise 47.",
            "sheet": "Pontaise",
            "year": 1923
          },
          {
            "address": "['Pontaise 47']",
            "Nom": "Pontaise",
            "Métier": "['empi']",
            "Classification": "intermediaire",
            "LigneOriginal": "— Fernande, empi., Pontaise 47.",
            "sheet": "Pontaise",
            "year": 1923
          },
          {
            "address": "['Pontaise 47']",
            "Nom": "Pontaise",
            "Métier": "[]",
            "Classification": "???",
            "LigneOriginal": "— Renée, Pontaise 47.",
            "sheet": "Pontaise",
            "year": 1923
          },
          {
            "address": "['Pontaise 47']",
            "Nom": "Pontaise",
            "Métier": "[]",
            "Classification": "???",
            "LigneOriginal": "Cuendet-Coderay Fernand-C.-Ls, employé postal, Pontaise 47.",
            "sheet": "Pontaise",
            "year": 1923
          },
          {
            "address": "[',Pontaise 47']",
            "Nom": "Pontaise",
            "Métier": "['tailleur']",
            "Classification": "proletaire",
            "LigneOriginal": "Damasino-Pillonel Alfredo, tailleur,Pontaise 47.",
            "sheet": "Pontaise",
            "year": 1923
          },
          {
            "address": "['Pontaise 47']",
            "Nom": "Pontaise",
            "Métier": "[]",
            "Classification": "???",
            "LigneOriginal": "— Bertha, Pontaise 47.",
            "sheet": "Pontaise",
            "year": 1923
          },
          {
            "address": "['r.Pontaise 47']",
            "Nom": "Pontaise",
            "Métier": "['jardinier']",
            "Classification": "proletaire",
            "LigneOriginal": "Dubois-Kobler Edouard, jardinier, r.Pontaise 47.",
            "sheet": "Pontaise",
            "year": 1923
          },
          {
            "address": "['Pontaise 47']",
            "Nom": "Pontaise",
            "Métier": "['coiffeur']",
            "Classification": "proletaire",
            "LigneOriginal": "Hofer-Jeanmonod Rodolphe, coiffeur,Pontaise 47.",
            "sheet": "Pontaise",
            "year": 1923
          },
          {
            "address": "['Pontaise 47']",
            "Nom": "Pontaise",
            "Métier": "['cordonn']",
            "Classification": "proletaire",
            "LigneOriginal": "— Werner, cordonn., Pontaise 47.",
            "sheet": "Pontaise",
            "year": 1923
          },
          {
            "address": "['Pontaise 47']",
            "Nom": "Pontaise",
            "Métier": "[]",
            "Classification": "???",
            "LigneOriginal": "— Mathilde, Pontaise 47.",
            "sheet": "Pontaise",
            "year": 1923
          },
          {
            "address": "[',Pontaise 47']",
            "Nom": "Pontaise",
            "Métier": "['charcutier']",
            "Classification": "proletaire",
            "LigneOriginal": "Rätz-Imobersteg Alfred, charcutier,Pontaise 47.",
            "sheet": "Pontaise",
            "year": 1923
          },
          {
            "address": "['Pontaise 47']",
            "Nom": "Pontaise",
            "Métier": "[]",
            "Classification": "???",
            "LigneOriginal": "Tauxe Elena, Pontaise 47.",
            "sheet": "Pontaise",
            "year": 1923
          },
          {
            "address": "['Pontaise 47']",
            "Nom": "Pontaise",
            "Métier": "['commis postal']",
            "Classification": "proletaire",
            "LigneOriginal": "Vaucher-Mcrmod René, commis postal, Pontaise 47.",
            "sheet": "Pontaise",
            "year": 1923
          },
          {
            "address": "['employé poetaiPontaise 47']",
            "Nom": "Pontaise",
            "Métier": "[]",
            "Classification": "???",
            "LigneOriginal": "Vez-Jomini Edouard, employé poetaiPontaise 47.",
            "sheet": "Pontaise",
            "year": 1923
          }
        ],
        "merged_count": 17
      }
    },
    {
      "type": "Feature",
      "geometry": {
        "type": "Point",
        "coordinates": [
          46.531395,
          6.628653
        ]
      },
      "properties": {
        "points": [
          {
            "address": "['ména g.,Pontaise 49']",
            "Nom": "Pontaise",
            "Métier": "[]",
            "Classification": "???",
            "LigneOriginal": "Ba n ncrt-Viearini Marguerite, ména g.,Pontaise 49.",
            "sheet": "Pontaise",
            "year": 1923
          },
          {
            "address": "['Pontaise 49']",
            "Nom": "Pontaise",
            "Métier": "['mén']",
            "Classification": "inactif",
            "LigneOriginal": "Compondu Adèle, mén.; Pontaise 49.",
            "sheet": "Pontaise",
            "year": 1923
          },
          {
            "address": "['Pontaise 49']",
            "Nom": "Pontaise",
            "Métier": "[]",
            "Classification": "???",
            "LigneOriginal": "— Georges, Pontaise 49.",
            "sheet": "Pontaise",
            "year": 1923
          },
          {
            "address": "['Pontaise 49']",
            "Nom": "Pontaise",
            "Métier": "['typo']",
            "Classification": "intermediaire",
            "LigneOriginal": "Jacot-Simmen Ces., typo, Pontaise 49",
            "sheet": "Pontaise",
            "year": 1923
          },
          {
            "address": "[',Pontaise 49']",
            "Nom": "Pontaise",
            "Métier": "['dessinât']",
            "Classification": "intermediaire",
            "LigneOriginal": "Journot-Dcsarzens Marius, dessinât.,Pontaise 49.",
            "sheet": "Pontaise",
            "year": 1923
          },
          {
            "address": "['Pontaise 49']",
            "Nom": "Pontaise",
            "Métier": "['d. de mag']",
            "Classification": "intermediaire",
            "LigneOriginal": "— Elisabeth, d. de mag., Pontaise 49.",
            "sheet": "Pontaise",
            "year": 1923
          },
          {
            "address": "['Pontaise 49']",
            "Nom": "Pontaise",
            "Métier": "['tourn']",
            "Classification": "???",
            "LigneOriginal": "— Otto. tourn., Pontaise 49.",
            "sheet": "Pontaise",
            "year": 1923
          },
          {
            "address": "['empi.Pontaise 49']",
            "Nom": "Pontaise",
            "Métier": "['Vve']",
            "Classification": "inactif",
            "LigneOriginal": "Mark-Burgener Elisabeth, Vve, empi.Pontaise 49.",
            "sheet": "Pontaise",
            "year": 1923
          },
          {
            "address": "['Pontaise 49']",
            "Nom": "Pontaise",
            "Métier": "[]",
            "Classification": "???",
            "LigneOriginal": "Mcuwly Hcnri-François, Pontaise 49.",
            "sheet": "Pontaise",
            "year": 1923
          },
          {
            "address": "['Pontaise 49']",
            "Nom": "Pontaise",
            "Métier": "['f. de salle']",
            "Classification": "proletaire",
            "LigneOriginal": "Sudan Berthe, f. de salle, Pontaise 49",
            "sheet": "Pontaise",
            "year": 1923
          },
          {
            "address": "['Pontaise 49']",
            "Nom": "Pontaise",
            "Métier": "[]",
            "Classification": "???",
            "LigneOriginal": "— René, Pontaise 49.",
            "sheet": "Pontaise",
            "year": 1923
          },
          {
            "address": "['ménagère,Pontaise 49']",
            "Nom": "Pontaise",
            "Métier": "['Vve']",
            "Classification": "inactif",
            "LigneOriginal": "Vouga-Henff Thérèse, Vve, ménagère,Pontaise 49.",
            "sheet": "Pontaise",
            "year": 1923
          }
        ],
        "merged_count": 12
      }
    },
    {
      "type": "Feature",
      "geometry": {
        "type": "Point",
        "coordinates": [
          46.530496,
          6.629915
        ]
      },
      "properties": {
        "points": [
          {
            "address": "['Pontaise 34']",
            "Nom": "Pontaise",
            "Métier": "['man']",
            "Classification": "proletaire",
            "LigneOriginal": "— Jacques-Viet., man., Pontaise 34.",
            "sheet": "Pontaise",
            "year": 1923
          },
          {
            "address": "['Pontaise 34']",
            "Nom": "Pontaise",
            "Métier": "['agent de publicité']",
            "Classification": "intermediaire",
            "LigneOriginal": "Uécosterd Adolphe, agent de publicité,Pontaise 34.",
            "sheet": "Pontaise",
            "year": 1923
          },
          {
            "address": "['Pontaise 34']",
            "Nom": "Pontaise",
            "Métier": "['man']",
            "Classification": "proletaire",
            "LigneOriginal": "— John, man., Pontaise 34.",
            "sheet": "Pontaise",
            "year": 1923
          },
          {
            "address": "['Pontaise 34']",
            "Nom": "Pontaise",
            "Métier": "['ouv']",
            "Classification": "proletaire",
            "LigneOriginal": "König Catherine, ouv., Pontaise 34.",
            "sheet": "Pontaise",
            "year": 1923
          },
          {
            "address": "['Pontaise 34']",
            "Nom": "Pontaise",
            "Métier": "['man']",
            "Classification": "proletaire",
            "LigneOriginal": "Maccaud-Ney John, man., Pontaise 34",
            "sheet": "Pontaise",
            "year": 1923
          },
          {
            "address": "['Pontaise 34']",
            "Nom": "Pontaise",
            "Métier": "['epicerie']",
            "Classification": "???",
            "LigneOriginal": "— Gyrine, epicerie, Pontaise 34.",
            "sheet": "Pontaise",
            "year": 1923
          },
          {
            "address": "['Pontaise 34']",
            "Nom": "Pontaise",
            "Métier": "[]",
            "Classification": "???",
            "LigneOriginal": "Morel-Raphoz Marie. Pontaise 34.",
            "sheet": "Pontaise",
            "year": 1923
          },
          {
            "address": "['Pontaise 34']",
            "Nom": "Pontaise",
            "Métier": "['épicerie']",
            "Classification": "proletaire",
            "LigneOriginal": "Ottavy & Morel, épicerie, Pontaise 34",
            "sheet": "Pontaise",
            "year": 1923
          }
        ],
        "merged_count": 8
      }
    },
    {
      "type": "Feature",
      "geometry": {
        "type": "Point",
        "coordinates": [
          46.530277,
          6.629428
        ]
      },
      "properties": {
        "points": [
          {
            "address": "['télég.Pontaise 29']",
            "Nom": "Pontaise",
            "Métier": "[]",
            "Classification": "???",
            "LigneOriginal": "Bemey-Rochat Femand-Gaston, télég.Pontaise 29.",
            "sheet": "Pontaise",
            "year": 1923
          },
          {
            "address": "['Pontaise 29']",
            "Nom": "Pontaise",
            "Métier": "[]",
            "Classification": "???",
            "LigneOriginal": "— Julie, Pontaise 29.",
            "sheet": "Pontaise",
            "year": 1923
          }
        ],
        "merged_count": 2
      }
    },
    {
      "type": "Feature",
      "geometry": {
        "type": "Point",
        "coordinates": [
          46.529908,
          6.629399
        ]
      },
      "properties": {
        "points": [
          {
            "address": "['Pontaise 23']",
            "Nom": "Pontaise",
            "Métier": "['gare, de café']",
            "Classification": "proletaire",
            "LigneOriginal": "Bessaud-Stocker Henri, gare, de café,Pontaise 23.",
            "sheet": "Pontaise",
            "year": 1923
          },
          {
            "address": "['Initier, Pontaise 23']",
            "Nom": "Pontaise",
            "Métier": "[]",
            "Classification": "???",
            "LigneOriginal": "Cavin-Zwahlen Henri, Initier, Pontaise 23.",
            "sheet": "Pontaise",
            "year": 1923
          },
          {
            "address": "[',Pontaise 23']",
            "Nom": "Pontaise",
            "Métier": "['ag. de police']",
            "Classification": "intermediaire",
            "LigneOriginal": "Déglisc-Kœhler Albert, ag. de police,Pontaise 23.",
            "sheet": "Pontaise",
            "year": 1923
          },
          {
            "address": "['teclmic. dentistePontaise 23']",
            "Nom": "Pontaise",
            "Métier": "[]",
            "Classification": "???",
            "LigneOriginal": "Favcz-Dcgot Ernest, teclmic. dentistePontaise 23.",
            "sheet": "Pontaise",
            "year": 1923
          },
          {
            "address": "['Pontaise 23']",
            "Nom": "Pontaise",
            "Métier": "['mon']",
            "Classification": "???",
            "LigneOriginal": "— Martino, mon., Pontaise 23.",
            "sheet": "Pontaise",
            "year": 1923
          },
          {
            "address": "['Pontaise 23']",
            "Nom": "Pontaise",
            "Métier": "['taill']",
            "Classification": "proletaire",
            "LigneOriginal": "Hoffmann-Obcle Richard, taill., Pontaise 23.",
            "sheet": "Pontaise",
            "year": 1923
          },
          {
            "address": "['Pontaise 23']",
            "Nom": "Pontaise",
            "Métier": "['ménag']",
            "Classification": "inactif",
            "LigneOriginal": "Heiliger Olga, ménag., Pontaise 23.",
            "sheet": "Pontaise",
            "year": 1923
          },
          {
            "address": "['Pontaise 23']",
            "Nom": "Pontaise",
            "Métier": "['ag. de poh']",
            "Classification": "intermediaire",
            "LigneOriginal": "Parisod-Rod Aloïs, ag. de poh, Pontaise 23.",
            "sheet": "Pontaise",
            "year": 1923
          },
          {
            "address": "['iler Ami', 'charpentierPontaise 23']",
            "Nom": "Pontaise",
            "Métier": "[]",
            "Classification": "???",
            "LigneOriginal": "Perrinjaquet-Ko'iler Ami, charpentierPontaise 23.",
            "sheet": "Pontaise",
            "year": 1923
          },
          {
            "address": "['Pontaise 23']",
            "Nom": "Pontaise",
            "Métier": "[]",
            "Classification": "???",
            "LigneOriginal": "Rcgamey-Baudin Louise, Pontaise 23.",
            "sheet": "Pontaise",
            "year": 1923
          },
          {
            "address": "[',Pontaise 23']",
            "Nom": "Pontaise",
            "Métier": "['ménag']",
            "Classification": "inactif",
            "LigneOriginal": "Rochat-Vieland Marguerite, ménag.,Pontaise 23.",
            "sheet": "Pontaise",
            "year": 1923
          },
          {
            "address": "['I.,Pontaise 23']",
            "Nom": "Pontaise",
            "Métier": "['encaiss']",
            "Classification": "proletaire",
            "LigneOriginal": "Séchaud-Gcx Armand, encaiss. S. I.,Pontaise 23 b.",
            "sheet": "Pontaise",
            "year": 1923
          },
          {
            "address": "['Pontaise 23']",
            "Nom": "Pontaise",
            "Métier": "['dente-lière']",
            "Classification": "proletaire",
            "LigneOriginal": "Wullyamoz-Frey Marguerite, dente-lière, Pontaise 23.",
            "sheet": "Pontaise",
            "year": 1923
          }
        ],
        "merged_count": 13
      }
    },
    {
      "type": "Feature",
      "geometry": {
        "type": "Point",
        "coordinates": [
          46.533228,
          6.624317
        ]
      },
      "properties": {
        "points": [
          {
            "address": "['Pontaise 47.T8216']",
            "Nom": "Pontaise",
            "Métier": "['représent']",
            "Classification": "intermediaire",
            "LigneOriginal": "Bideau Paul, représent.. Pontaise 47.T8216.",
            "sheet": "Pontaise",
            "year": 1923
          },
          {
            "address": "['Pontaise 17.-']",
            "Nom": "Pontaise",
            "Métier": "['coutur']",
            "Classification": "proletaire",
            "LigneOriginal": "— Berthe, coutur., Pontaise 17.-",
            "sheet": "Pontaise",
            "year": 1923
          },
          {
            "address": "['Pontaise37bis.']",
            "Nom": "Pontaise",
            "Métier": "[]",
            "Classification": "???",
            "LigneOriginal": "Clialland-Porchct Rachel, Pontaise37bis.",
            "sheet": "Pontaise",
            "year": 1923
          },
          {
            "address": "['Pontaise 37 bis']",
            "Nom": "Pontaise",
            "Métier": "['dame', 'régente']",
            "Classification": "élevé",
            "LigneOriginal": "Chappuis-Gentct, dame, régente, Pontaise 37 bis.",
            "sheet": "Pontaise",
            "year": 1923
          },
          {
            "address": "['Pontaise 54-56']",
            "Nom": "Pontaise",
            "Métier": "['restaur']",
            "Classification": "proletaire",
            "LigneOriginal": "— Louis, restaur., Pontaise 54-56.",
            "sheet": "Pontaise",
            "year": 1923
          },
          {
            "address": "[\"Vve, r. desCrêtes,' Pontaise\"]",
            "Nom": "Pontaise",
            "Métier": "[]",
            "Classification": "???",
            "LigneOriginal": "Clot-Steïfclbach Marie, Vve, r. desCrêtes,' Pontaise.",
            "sheet": "Pontaise",
            "year": 1923
          },
          {
            "address": "['La Pensée, Pontaise X>.']",
            "Nom": "Pontaise",
            "Métier": "['ménagère']",
            "Classification": "inactif",
            "LigneOriginal": "Curchoil-Sommer Anna-Marie, ménagère. La Pensée, Pontaise X>.",
            "sheet": "Pontaise",
            "year": 1923
          },
          {
            "address": "['Pontaise 2', 'B. r. Neuve 1.T.']",
            "Nom": "Pontaise",
            "Métier": "['ag. d’affaires']",
            "Classification": "proletaire",
            "LigneOriginal": "Dessert-Oberson Alexandre, ag. d’affaires, Pontaise 2. B. r. Neuve 1.T. 3909.",
            "sheet": "Pontaise",
            "year": 1923
          },
          {
            "address": "['Pontaise37bis.']",
            "Nom": "Pontaise",
            "Métier": "['banquier']",
            "Classification": "élevé",
            "LigneOriginal": "Dubois-Gyr Jean, banquier, Pontaise37bis. T8266.",
            "sheet": "Pontaise",
            "year": 1923
          },
          {
            "address": "['ch. dee Lilas 11, Pontaise']",
            "Nom": "Pontaise",
            "Métier": "[]",
            "Classification": "???",
            "LigneOriginal": "Ethenoz Louise, m. cout., ch. dee Lilas 11, Pontaise.",
            "sheet": "Pontaise",
            "year": 1923
          },
          {
            "address": "['tél.,Pontaise -11.']",
            "Nom": "Pontaise",
            "Métier": "['fact']",
            "Classification": "proletaire",
            "LigneOriginal": "Favrc-Péneveyre Frédéric, fact, tél.,Pontaise -11.",
            "sheet": "Pontaise",
            "year": 1923
          },
          {
            "address": "['Clos des Lotus, Pontaise']",
            "Nom": "Pontaise",
            "Métier": "[]",
            "Classification": "???",
            "LigneOriginal": "— Louise, Clos des Lotus, Pontaise.",
            "sheet": "Pontaise",
            "year": 1923
          },
          {
            "address": "['commis C.F. F„ Pontaise 37 bis']",
            "Nom": "Pontaise",
            "Métier": "[]",
            "Classification": "???",
            "LigneOriginal": "Gehri-Aeschbachcr Oscar, commis C.F. F„ Pontaise 37 bis.",
            "sheet": "Pontaise",
            "year": 1923
          },
          {
            "address": "['av. du MontBlanc 3, Pontaise']",
            "Nom": "Pontaise",
            "Métier": "['photographe']",
            "Classification": "intermediaire",
            "LigneOriginal": "— Charles, photographe, av. du MontBlanc 3, Pontaise. T9502.",
            "sheet": "Pontaise",
            "year": 1923
          },
          {
            "address": "['compt.,La Violette, Pontaise']",
            "Nom": "Pontaise",
            "Métier": "[]",
            "Classification": "???",
            "LigneOriginal": "Hagmann-Biitikofcr Alfred, compt.,La Violette, Pontaise.",
            "sheet": "Pontaise",
            "year": 1923
          },
          {
            "address": "['Pontaise 43 b.']",
            "Nom": "Pontaise",
            "Métier": "['voyageur']",
            "Classification": "inactif",
            "LigneOriginal": "Henry-Rohrbach Ernest, voyageur decommerce, Pontaise 43 b.",
            "sheet": "Pontaise",
            "year": 1923
          },
          {
            "address": "['r. des Lilas 19', '. Pontaise']",
            "Nom": "Pontaise",
            "Métier": "['contremaître']",
            "Classification": "proletaire",
            "LigneOriginal": "Lecoultre-Pifferini Henri, contremaître, r. des Lilas 19. Pontaise",
            "sheet": "Pontaise",
            "year": 1923
          },
          {
            "address": "['Pontaise43 bis']",
            "Nom": "Pontaise",
            "Métier": "['nég']",
            "Classification": "proletaire",
            "LigneOriginal": "Ottavy-Hubcr Adèle, nég., Pontaise43 bis.",
            "sheet": "Pontaise",
            "year": 1923
          },
          {
            "address": "[', Pontaise18']",
            "Nom": "Pontaise",
            "Métier": "['Vve']",
            "Classification": "inactif",
            "LigneOriginal": "Pahud-Gattabin Lina, Vve, Pontaise18.",
            "sheet": "Pontaise",
            "year": 1923
          },
          {
            "address": "['Pontaise 43 bis']",
            "Nom": "Pontaise",
            "Métier": "[]",
            "Classification": "???",
            "LigneOriginal": "— Alfred-Emile, Pontaise 43 bis.",
            "sheet": "Pontaise",
            "year": 1923
          },
          {
            "address": "['Pontaise 43 bis']",
            "Nom": "Pontaise",
            "Métier": "[]",
            "Classification": "???",
            "LigneOriginal": "— Jeanne, Pontaise 43 bis.",
            "sheet": "Pontaise",
            "year": 1923
          },
          {
            "address": "['Pontaise 43 bis']",
            "Nom": "Pontaise",
            "Métier": "['opérateur']",
            "Classification": "proletaire",
            "LigneOriginal": "— Julien, opérateur, Pontaise 43 bis.",
            "sheet": "Pontaise",
            "year": 1923
          },
          {
            "address": "['Pontaise 43 bis', 'Esc. du Marché 1', '.']",
            "Nom": "Pontaise",
            "Métier": "['fripière']",
            "Classification": "proletaire",
            "LigneOriginal": "Ribatto-Stellio Florina, fripière, Pontaise 43 bis. M. Esc. du Marché 1.",
            "sheet": "Pontaise",
            "year": 1923
          },
          {
            "address": "['Pontaise 43 bis']",
            "Nom": "Pontaise",
            "Métier": "[]",
            "Classification": "???",
            "LigneOriginal": "— Rosa-Berthe, Pontaise 43 bis.",
            "sheet": "Pontaise",
            "year": 1923
          },
          {
            "address": "['Pontaise 43 bis']",
            "Nom": "Pontaise",
            "Métier": "['chef de train C. F.F. retraité']",
            "Classification": "inactif",
            "LigneOriginal": "Ribi-Bönzli Jean, chef de train C. F.F. retraité, Pontaise 43 bis.",
            "sheet": "Pontaise",
            "year": 1923
          },
          {
            "address": "['Pontaise 43 bis']",
            "Nom": "Pontaise",
            "Métier": "['commis postal']",
            "Classification": "proletaire",
            "LigneOriginal": "Roch-Divorne Alfred, commis postal,Pontaise 43 bis.",
            "sheet": "Pontaise",
            "year": 1923
          },
          {
            "address": "['r. des Crêtes B. M. Pontaiae 26.T3396']",
            "Nom": "Pontaise",
            "Métier": "['charcutier']",
            "Classification": "proletaire",
            "LigneOriginal": "Ruegsegger-Knuchel Jean, charcutier,r. des Crêtes B. M. Pontaiae 26.T3396.",
            "sheet": "Pontaise",
            "year": 1923
          },
          {
            "address": "['Ginnten Alois', ',Pontaise 23 bis']",
            "Nom": "Pontaise",
            "Métier": "['jardinier']",
            "Classification": "proletaire",
            "LigneOriginal": "Sonnard-von Ginnten Alois, jardinier,Pontaise 23 bis.",
            "sheet": "Pontaise",
            "year": 1923
          },
          {
            "address": "['Pontaise 43 bis', 'At. Chauderon 26.T9451']",
            "Nom": "Pontaise",
            "Métier": "['relieur']",
            "Classification": "intermediaire",
            "LigneOriginal": "Soutter-Rithner Fréd,. relieur, Pontaise 43 bis. At. Chauderon 26.T9451.",
            "sheet": "Pontaise",
            "year": 1923
          },
          {
            "address": "['Pontaise 37 bis']",
            "Nom": "Pontaise",
            "Métier": "[]",
            "Classification": "???",
            "LigneOriginal": "— Marie, Pontaise 37 bis.",
            "sheet": "Pontaise",
            "year": 1923
          },
          {
            "address": "['Pontaise 37 b.']",
            "Nom": "Pontaise",
            "Métier": "['greffier dujuge d’instruct']",
            "Classification": "élevé",
            "LigneOriginal": "Taillens-Devaud Emile, greffier dujuge d’instruct., Pontaise 37 b.",
            "sheet": "Pontaise",
            "year": 1923
          },
          {
            "address": "['v. Maria, Pontaise']",
            "Nom": "Pontaise",
            "Métier": "['secrétaire']",
            "Classification": "proletaire",
            "LigneOriginal": "Vallotton-ülivier Charles, secrétaire,v. Maria, Pontaise.",
            "sheet": "Pontaise",
            "year": 1923
          },
          {
            "address": "['Pontaise 47a']",
            "Nom": "Pontaise",
            "Métier": "['étud']",
            "Classification": "inactif",
            "LigneOriginal": "Vaucher André, étud., Pontaise 47a.",
            "sheet": "Pontaise",
            "year": 1923
          },
          {
            "address": "['Pontaise 23 b.']",
            "Nom": "Pontaise",
            "Métier": "['manœuvretrams']",
            "Classification": "proletaire",
            "LigneOriginal": "Vaucher-Modoux Alfred, manœuvretrams, Pontaise 23 b.",
            "sheet": "Pontaise",
            "year": 1923
          }
        ],
        "merged_count": 34
      }
    },
    {
      "type": "Feature",
      "geometry": {
        "type": "Point",
        "coordinates": [
          46.529137,
          6.630566
        ]
      },
      "properties": {
        "points": [
          {
            "address": "['Pontaise 10']",
            "Nom": "Pontaise",
            "Métier": "['mécon']",
            "Classification": "???",
            "LigneOriginal": "— Henri, mécon., Pontaise 10.",
            "sheet": "Pontaise",
            "year": 1923
          },
          {
            "address": "['Pontaise 10']",
            "Nom": "Pontaise",
            "Métier": "['a g. de police']",
            "Classification": "intermediaire",
            "LigneOriginal": "Corboz-Vittoz Gustave, a g. de police,Pontaise 10.",
            "sheet": "Pontaise",
            "year": 1923
          }
        ],
        "merged_count": 2
      }
    },
    {
      "type": "Feature",
      "geometry": {
        "type": "Point",
        "coordinates": [
          46.528904,
          6.630246
        ]
      },
      "properties": {
        "points": [
          {
            "address": "['Pontaise 5']",
            "Nom": "Pontaise",
            "Métier": "['mèli']",
            "Classification": "???",
            "LigneOriginal": "Binder Melanie, mèli., Pontaise 5.",
            "sheet": "Pontaise",
            "year": 1923
          },
          {
            "address": "['Pontaise 5']",
            "Nom": "Pontaise",
            "Métier": "[]",
            "Classification": "???",
            "LigneOriginal": "— Eugénie, Pontaise 5.",
            "sheet": "Pontaise",
            "year": 1923
          },
          {
            "address": "['Veuve,Pontaise 5']",
            "Nom": "Pontaise",
            "Métier": "[]",
            "Classification": "???",
            "LigneOriginal": "Bnhlmann-Sulzberger Emma, Veuve,Pontaise 5.",
            "sheet": "Pontaise",
            "year": 1923
          },
          {
            "address": "['Pontaise 5']",
            "Nom": "Pontaise",
            "Métier": "['employé']",
            "Classification": "intermediaire",
            "LigneOriginal": "Curchod-Bühlmann Gustave, employé,Pontaise 5. T4367.",
            "sheet": "Pontaise",
            "year": 1923
          },
          {
            "address": "['Pontaise 5']",
            "Nom": "Pontaise",
            "Métier": "['empi']",
            "Classification": "intermediaire",
            "LigneOriginal": "Curchod-Duruz Victor, empi., Pontaise 5.",
            "sheet": "Pontaise",
            "year": 1923
          },
          {
            "address": "['Castel Montherond, ch. do RenensAt, Pontaise 5']",
            "Nom": "Pontaise",
            "Métier": "['marbrier']",
            "Classification": "proletaire",
            "LigneOriginal": "Curchod-Thévenaz Louis, marbrier,Castel Montherond, ch. do RenensAt, Pontaise 5.",
            "sheet": "Pontaise",
            "year": 1923
          },
          {
            "address": "['Pontaise 5']",
            "Nom": "Pontaise",
            "Métier": "['ingén']",
            "Classification": "intermediaire",
            "LigneOriginal": "Piguet-Curchod Robert, ingén., Pontaise 5.",
            "sheet": "Pontaise",
            "year": 1923
          }
        ],
        "merged_count": 7
      }
    },
    {
      "type": "Feature",
      "geometry": {
        "type": "Point",
        "coordinates": [
          46.529588,
          6.629821
        ]
      },
      "properties": {
        "points": [
          {
            "address": "['Pontaise 17']",
            "Nom": "Pontaise",
            "Métier": "['lingère']",
            "Classification": "proletaire",
            "LigneOriginal": "— Marie, lingère. Pontaise 17.",
            "sheet": "Pontaise",
            "year": 1923
          },
          {
            "address": "['Pontaise 17']",
            "Nom": "Pontaise",
            "Métier": "['journalier']",
            "Classification": "proletaire",
            "LigneOriginal": "— François, journalier, Pontaise 17.",
            "sheet": "Pontaise",
            "year": 1923
          },
          {
            "address": "['Pontaise 17']",
            "Nom": "Pontaise",
            "Métier": "['nég']",
            "Classification": "proletaire",
            "LigneOriginal": "Chailiet-Perroud Henriette, nég., Pontaise 17.",
            "sheet": "Pontaise",
            "year": 1923
          },
          {
            "address": "['Vve. Pontaise 17']",
            "Nom": "Pontaise",
            "Métier": "[]",
            "Classification": "???",
            "LigneOriginal": "Delay-Laurent Julie. Vve. Pontaise 17",
            "sheet": "Pontaise",
            "year": 1923
          },
          {
            "address": "['Pontaise 17']",
            "Nom": "Pontaise",
            "Métier": "['menuis']",
            "Classification": "proletaire",
            "LigneOriginal": "Pahud-Mounoud Louis, menuis., Pontaise 17.",
            "sheet": "Pontaise",
            "year": 1923
          },
          {
            "address": "['Pontaise 17']",
            "Nom": "Pontaise",
            "Métier": "['huissiermunicipal']",
            "Classification": "intermediaire",
            "LigneOriginal": "Painblane-Martin François, huissiermunicipal, Pontaise 17.",
            "sheet": "Pontaise",
            "year": 1923
          },
          {
            "address": "['Pontaise 17']",
            "Nom": "Pontaise",
            "Métier": "[]",
            "Classification": "???",
            "LigneOriginal": "Rahm-Pfaff Emma, Pontaise 17.",
            "sheet": "Pontaise",
            "year": 1923
          }
        ],
        "merged_count": 7
      }
    },
    {
      "type": "Feature",
      "geometry": {
        "type": "Point",
        "coordinates": [
          46.52984,
          6.630165
        ]
      },
      "properties": {
        "points": [
          {
            "address": "['Pontaise 22']",
            "Nom": "Pontaise",
            "Métier": "[]",
            "Classification": "???",
            "LigneOriginal": "— Philippe, Pontaise 22.",
            "sheet": "Pontaise",
            "year": 1923
          },
          {
            "address": "['Pontaise 22']",
            "Nom": "Pontaise",
            "Métier": "[]",
            "Classification": "???",
            "LigneOriginal": "Blauc-Bolomey Ch.-Louis, employé debanque, Pontaise 22.",
            "sheet": "Pontaise",
            "year": 1923
          },
          {
            "address": "['épicier.Clos des Lotus, r. des Jardins.Mag. Pontaise 22']",
            "Nom": "Pontaise",
            "Métier": "[]",
            "Classification": "???",
            "LigneOriginal": "Grossen-Pfaffhauser Henri, épicier.Clos des Lotus, r. des Jardins.Mag. Pontaise 22.",
            "sheet": "Pontaise",
            "year": 1923
          }
        ],
        "merged_count": 3
      }
    },
    {
      "type": "Feature",
      "geometry": {
        "type": "Point",
        "coordinates": [
          46.530718,
          6.629605
        ]
      },
      "properties": {
        "points": [
          {
            "address": "['Pontaise 56']",
            "Nom": "Pontaise",
            "Métier": "['empi, aux Casernes']",
            "Classification": "proletaire",
            "LigneOriginal": "Blanç-Bovay Henri, empi, aux Casernes, Pontaise 56.",
            "sheet": "Pontaise",
            "year": 1923
          },
          {
            "address": "['coiffeur,Pontaise 56']",
            "Nom": "Pontaise",
            "Métier": "[]",
            "Classification": "???",
            "LigneOriginal": "Charberet-Ramseier Joseph, coiffeur,Pontaise 56.",
            "sheet": "Pontaise",
            "year": 1923
          },
          {
            "address": "['Pontaise 56']",
            "Nom": "Pontaise",
            "Métier": "[]",
            "Classification": "???",
            "LigneOriginal": "— Renée, Pontaise 56.",
            "sheet": "Pontaise",
            "year": 1923
          },
          {
            "address": "['Pontaise 56']",
            "Nom": "Pontaise",
            "Métier": "['tailleur']",
            "Classification": "proletaire",
            "LigneOriginal": "Clerc Const., tailleur, Pontaise 56.",
            "sheet": "Pontaise",
            "year": 1923
          },
          {
            "address": "['Pontaise 56']",
            "Nom": "Pontaise",
            "Métier": "[]",
            "Classification": "???",
            "LigneOriginal": "Clerc-Delisle Marianne. Pontaise 56.",
            "sheet": "Pontaise",
            "year": 1923
          },
          {
            "address": "['mén.,Pontaise 38']",
            "Nom": "Pontaise",
            "Métier": "[]",
            "Classification": "???",
            "LigneOriginal": "Darbellay-Bovay Emilie-Emma, mén.,Pontaise 38.",
            "sheet": "Pontaise",
            "year": 1923
          },
          {
            "address": "['Pontaise 56']",
            "Nom": "Pontaise",
            "Métier": "['empi']",
            "Classification": "intermediaire",
            "LigneOriginal": "Bela vigne Casimir, empi., Pontaise 56",
            "sheet": "Pontaise",
            "year": 1923
          },
          {
            "address": "['Pontaise 37bis']",
            "Nom": "Pontaise",
            "Métier": "['infirm']",
            "Classification": "intermediaire",
            "LigneOriginal": "— Berthe, infirm., Pontaise 37bis.",
            "sheet": "Pontaise",
            "year": 1923
          },
          {
            "address": "['café duStand, Pontaisc 58']",
            "Nom": "Pontaise",
            "Métier": "[]",
            "Classification": "???",
            "LigneOriginal": "Fasnacht-Porchct Alexandre, café duStand, Pontaisc 58. RT8538.",
            "sheet": "Pontaise",
            "year": 1923
          },
          {
            "address": "[',Pontaise 56']",
            "Nom": "Pontaise",
            "Métier": "['appareilleur']",
            "Classification": "proletaire",
            "LigneOriginal": "Gaudi:;-Siegrist Ulysse, appareilleur,Pontaise 56.",
            "sheet": "Pontaise",
            "year": 1923
          },
          {
            "address": "['Pontaise 56']",
            "Nom": "Pontaise",
            "Métier": "[]",
            "Classification": "???",
            "LigneOriginal": "Godcl-Licchti Raymond, Pontaise 56.",
            "sheet": "Pontaise",
            "year": 1923
          },
          {
            "address": "['boulang.,Pontaise^ 56']",
            "Nom": "Pontaise",
            "Métier": "[]",
            "Classification": "???",
            "LigneOriginal": "Guetty-Chappuis François, boulang.,Pontaise^ 56.",
            "sheet": "Pontaise",
            "year": 1923
          },
          {
            "address": "[',Pontaise 54']",
            "Nom": "Pontaise",
            "Métier": "['manoeuvre']",
            "Classification": "proletaire",
            "LigneOriginal": "Hornung-Prelss Auguste, manoeuvre,Pontaise 54.",
            "sheet": "Pontaise",
            "year": 1923
          },
          {
            "address": "['Le Grutli, Bellevaux-Dessous', 'Pontaise 54']",
            "Nom": "Pontaise",
            "Métier": "['boulanger']",
            "Classification": "proletaire",
            "LigneOriginal": "Jaquier-Vuagnaux Paul, boulanger,Le Grutli, Bellevaux-Dessous. RT9420 et Pontaise 54.",
            "sheet": "Pontaise",
            "year": 1923
          },
          {
            "address": "['Pontaise 43bis', 'Mag.Petit-Chêne 3']",
            "Nom": "Pontaise",
            "Métier": "['commerçant']",
            "Classification": "proletaire",
            "LigneOriginal": "Klrkby-Hartinann Frédéric, commerçant., Pontaise 43bis. '1*2390. Mag.Petit-Chêne 3. RT9852.",
            "sheet": "Pontaise",
            "year": 1923
          },
          {
            "address": "['Pontaise 56']",
            "Nom": "Pontaise",
            "Métier": "['empi, auxCasernes,']",
            "Classification": "intermediaire",
            "LigneOriginal": "Laurent-Potterat Charles, empi, auxCasernes, Pontaise 56.",
            "sheet": "Pontaise",
            "year": 1923
          },
          {
            "address": "['Pontaise 56']",
            "Nom": "Pontaise",
            "Métier": "['empi, postal']",
            "Classification": "proletaire",
            "LigneOriginal": "Mæder-Porchet Conrad, empi, postal,Pontaise 56.",
            "sheet": "Pontaise",
            "year": 1923
          },
          {
            "address": "['Pontaise 54']",
            "Nom": "Pontaise",
            "Métier": "['margeur']",
            "Classification": "proletaire",
            "LigneOriginal": "Margot-Freymond Charles-Hri, margeur, Pontaise 54.",
            "sheet": "Pontaise",
            "year": 1923
          },
          {
            "address": "['men.,Pontaise 17', 'At. Valentin 58']",
            "Nom": "Pontaise",
            "Métier": "[]",
            "Classification": "???",
            "LigneOriginal": "Matthey-Wam nfler Armand, men.,Pontaise 17. At. Valentin 58.",
            "sheet": "Pontaise",
            "year": 1923
          },
          {
            "address": "['Pontaise 56']",
            "Nom": "Pontaise",
            "Métier": "['empi']",
            "Classification": "intermediaire",
            "LigneOriginal": "—- Ernest, empi., Pontaise 56.",
            "sheet": "Pontaise",
            "year": 1923
          },
          {
            "address": "['Pontaise 56']",
            "Nom": "Pontaise",
            "Métier": "['scieur']",
            "Classification": "proletaire",
            "LigneOriginal": "Meylan-Crausaz Ami, scieur, Pontaise 56",
            "sheet": "Pontaise",
            "year": 1923
          },
          {
            "address": "['Pontaise 56']",
            "Nom": "Pontaise",
            "Métier": "['charcut']",
            "Classification": "proletaire",
            "LigneOriginal": "Pahud-Schmid Edmond, charcut., Pontaise 56.",
            "sheet": "Pontaise",
            "year": 1923
          },
          {
            "address": "['Pontaise 54']",
            "Nom": "Pontaise",
            "Métier": "['corn']",
            "Classification": "???",
            "LigneOriginal": "Pamblanc-Stocker Robert, corn., Pontaise 54.",
            "sheet": "Pontaise",
            "year": 1923
          },
          {
            "address": "['Pontaise 56']",
            "Nom": "Pontaise",
            "Métier": "['relieur']",
            "Classification": "intermediaire",
            "LigneOriginal": "— Emile, relieur, Pontaise 56.",
            "sheet": "Pontaise",
            "year": 1923
          },
          {
            "address": "['Henriette Pontaise 56']",
            "Nom": "Pontaise",
            "Métier": "[]",
            "Classification": "???",
            "LigneOriginal": "— Henriette Pontaise 56.",
            "sheet": "Pontaise",
            "year": 1923
          },
          {
            "address": "['ouvr. deville', 'Pontaise 56']",
            "Nom": "Pontaise",
            "Métier": "[]",
            "Classification": "???",
            "LigneOriginal": "Regamey-Regamey Aug., ouvr. deville, Pontaise 56.",
            "sheet": "Pontaise",
            "year": 1923
          },
          {
            "address": "['Pontaise 56']",
            "Nom": "Pontaise",
            "Métier": "['sculpt']",
            "Classification": "proletaire",
            "LigneOriginal": "— Julius, sculpt., Pontaise 56.",
            "sheet": "Pontaise",
            "year": 1923
          },
          {
            "address": "['Pontaise 56']",
            "Nom": "Pontaise",
            "Métier": "['coiffeur']",
            "Classification": "proletaire",
            "LigneOriginal": "Vasta Cyrille, coiffeur, Pontaise 56.",
            "sheet": "Pontaise",
            "year": 1923
          }
        ],
        "merged_count": 28
      }
    },
    {
      "type": "Feature",
      "geometry": {
        "type": "Point",
        "coordinates": [
          46.531723,
          6.628813
        ]
      },
      "properties": {
        "points": [
          {
            "address": "['Blanc-Lagnaz Emile', 'Pon-taise 52']",
            "Nom": "Pontaise",
            "Métier": "['manœuvre']",
            "Classification": "proletaire",
            "LigneOriginal": "Blanc-Lagnaz Emile, manœuvre, Pon-taise 52.",
            "sheet": "Pontaise",
            "year": 1923
          },
          {
            "address": "['Pontaise 52']",
            "Nom": "Pontaise",
            "Métier": "['tailleur']",
            "Classification": "proletaire",
            "LigneOriginal": "Mollet Fritz, tailleur, Pontaise 52.",
            "sheet": "Pontaise",
            "year": 1923
          }
        ],
        "merged_count": 2
      }
    },
    {
      "type": "Feature",
      "geometry": {
        "type": "Point",
        "coordinates": [
          46.528515,
          6.630884
        ]
      },
      "properties": {
        "points": [
          {
            "address": "['Pontaise 2']",
            "Nom": "Pontaise",
            "Métier": "['bibliothécaire']",
            "Classification": "intermediaire",
            "LigneOriginal": "— Henri, bibliothécaire, Pontaise 2.",
            "sheet": "Pontaise",
            "year": 1923
          },
          {
            "address": "['Pontaise 2']",
            "Nom": "Pontaise",
            "Métier": "['facteur postal']",
            "Classification": "proletaire",
            "LigneOriginal": "Dutoit-Dutoit Marcel, facteur postal,Pontaise 2.",
            "sheet": "Pontaise",
            "year": 1923
          },
          {
            "address": "['Pontaise 2']",
            "Nom": "Pontaise",
            "Métier": "['emp. banq']",
            "Classification": "intermediaire",
            "LigneOriginal": "Geier Henri, emp. banq., Pontaise 2.",
            "sheet": "Pontaise",
            "year": 1923
          },
          {
            "address": "['Pontaise 2']",
            "Nom": "Pontaise",
            "Métier": "[]",
            "Classification": "???",
            "LigneOriginal": "— Hortense, Pontaise 2.",
            "sheet": "Pontaise",
            "year": 1923
          },
          {
            "address": "['Pontaise 2']",
            "Nom": "Pontaise",
            "Métier": "['instit']",
            "Classification": "élevé",
            "LigneOriginal": "— Jeanne, instit., Pontaise 2.",
            "sheet": "Pontaise",
            "year": 1923
          },
          {
            "address": "['VillaFerrette, r. des Oliviers', 'M. Pontaise 2']",
            "Nom": "Pontaise",
            "Métier": "['épicier']",
            "Classification": "proletaire",
            "LigneOriginal": "Reymond-Groux Henri, épicier. VillaFerrette, r. des Oliviers. M. Pontaise 2. RT3358.",
            "sheet": "Pontaise",
            "year": 1923
          },
          {
            "address": "[',Pontaise 2']",
            "Nom": "Pontaise",
            "Métier": "['ménagère']",
            "Classification": "inactif",
            "LigneOriginal": "Rochat-Piguet Ernestine, ménagère,Pontaise 2.",
            "sheet": "Pontaise",
            "year": 1923
          },
          {
            "address": "['Mag. Pontaise 2']",
            "Nom": "Pontaise",
            "Métier": "['horloger']",
            "Classification": "intermediaire",
            "LigneOriginal": "Trcyer-Kobel Edouard, horloger, m.a. Mag. Pontaise 2.",
            "sheet": "Pontaise",
            "year": 1923
          },
          {
            "address": "['Pontaise 2']",
            "Nom": "Pontaise",
            "Métier": "['lait']",
            "Classification": "???",
            "LigneOriginal": "Viret-Cevey Eug., lait., Pontaise 2. R.T4352.",
            "sheet": "Pontaise",
            "year": 1923
          },
          {
            "address": "['Pontaise 2']",
            "Nom": "Pontaise",
            "Métier": "[]",
            "Classification": "???",
            "LigneOriginal": "Witschi Anna, Pontaise 2.",
            "sheet": "Pontaise",
            "year": 1923
          }
        ],
        "merged_count": 10
      }
    },
    {
      "type": "Feature",
      "geometry": {
        "type": "Point",
        "coordinates": [
          46.531018,
          6.628807
        ]
      },
      "properties": {
        "points": [
          {
            "address": "['Pontaise 43']",
            "Nom": "Pontaise",
            "Métier": "['coulis postal']",
            "Classification": "proletaire",
            "LigneOriginal": "Bornand-Jaceard Edouard, coulis postal, Pontaise 43.",
            "sheet": "Pontaise",
            "year": 1923
          },
          {
            "address": "['Pontaise 43']",
            "Nom": "Pontaise",
            "Métier": "['a g. de police']",
            "Classification": "intermediaire",
            "LigneOriginal": "Fawer-ïvpne Oscar, a g. de police,Pontaise 43.",
            "sheet": "Pontaise",
            "year": 1923
          },
          {
            "address": "['Pontaise 43']",
            "Nom": "Pontaise",
            "Métier": "['cout']",
            "Classification": "proletaire",
            "LigneOriginal": "— Mimosa, cout., Pontaise 43.",
            "sheet": "Pontaise",
            "year": 1923
          },
          {
            "address": "['Pontaise 43']",
            "Nom": "Pontaise",
            "Métier": "[]",
            "Classification": "???",
            "LigneOriginal": "— Marcelle-Eugén., Pontaise 43 b.",
            "sheet": "Pontaise",
            "year": 1923
          }
        ],
        "merged_count": 4
      }
    },
    {
      "type": "Feature",
      "geometry": {
        "type": "Point",
        "coordinates": [
          46.5307,
          6.629823
        ]
      },
      "properties": {
        "points": [
          {
            "address": "['Pontaise 40']",
            "Nom": "Pontaise",
            "Métier": "['cout']",
            "Classification": "proletaire",
            "LigneOriginal": "Brouty Augusta, cout., Pontaise 40.",
            "sheet": "Pontaise",
            "year": 1923
          },
          {
            "address": "['Pontaise 40']",
            "Nom": "Pontaise",
            "Métier": "['e ief-peintre']",
            "Classification": "???",
            "LigneOriginal": "Brouty-Clerret Auguste, e ief-peintre. Pontaise 40.",
            "sheet": "Pontaise",
            "year": 1923
          },
          {
            "address": "['Pontaise 40']",
            "Nom": "Pontaise",
            "Métier": "['admin. de cinéma']",
            "Classification": "intermediaire",
            "LigneOriginal": "Regamcy-Magne Louis, admin. de cinéma, Pontaise 40.",
            "sheet": "Pontaise",
            "year": 1923
          }
        ],
        "merged_count": 3
      }
    },
    {
      "type": "Feature",
      "geometry": {
        "type": "Point",
        "coordinates": [
          46.529385,
          6.629723
        ]
      },
      "properties": {
        "points": [
          {
            "address": "['Pontaise 15']",
            "Nom": "Pontaise",
            "Métier": "['caissier debanque']",
            "Classification": "proletaire",
            "LigneOriginal": "Brunner-Calame Auguste, caissier debanque, Pontaise 15.",
            "sheet": "Pontaise",
            "year": 1923
          },
          {
            "address": "['F.. Pontaise 15']",
            "Nom": "Pontaise",
            "Métier": "['huissier']",
            "Classification": "intermediaire",
            "LigneOriginal": "Hunziker-Grhnbot Friedr., huissier,T. F.. Pontaise 15.",
            "sheet": "Pontaise",
            "year": 1923
          },
          {
            "address": "['Pontaise 15']",
            "Nom": "Pontaise",
            "Métier": "['major', 'instructeur']",
            "Classification": "intermediaire",
            "LigneOriginal": "Jossevel-Ducret Louis, major instructeur, Pontaise 15.",
            "sheet": "Pontaise",
            "year": 1923
          },
          {
            "address": "['Pontaise 15']",
            "Nom": "Pontaise",
            "Métier": "[]",
            "Classification": "???",
            "LigneOriginal": "Piotet Adèle, Pontaise 15.",
            "sheet": "Pontaise",
            "year": 1923
          },
          {
            "address": "['Pontaise 15']",
            "Nom": "Pontaise",
            "Métier": "['chapelier']",
            "Classification": "intermediaire",
            "LigneOriginal": "Piotet-Corbaz Charles chapelier, Pontaise 15. M. Centrale 1. RT9199.",
            "sheet": "Pontaise",
            "year": 1923
          },
          {
            "address": "[',Pontaise 15']",
            "Nom": "Pontaise",
            "Métier": "['menuisier']",
            "Classification": "proletaire",
            "LigneOriginal": "Roglvue-Renaud Charles, menuisier,Pontaise 15.",
            "sheet": "Pontaise",
            "year": 1923
          }
        ],
        "merged_count": 6
      }
    },
    {
      "type": "Feature",
      "geometry": {
        "type": "Point",
        "coordinates": [
          46.529685,
          6.62991
        ]
      },
      "properties": {
        "points": [
          {
            "address": "['Pontaise 19']",
            "Nom": "Pontaise",
            "Métier": "['brigadier de police']",
            "Classification": "intermediaire",
            "LigneOriginal": "Cavin-Gavin Lucien, brigadier de police, Pontaise 19.",
            "sheet": "Pontaise",
            "year": 1923
          },
          {
            "address": "['Pontaise 19']",
            "Nom": "Pontaise",
            "Métier": "['sous-archiviste.']",
            "Classification": "intermediaire",
            "LigneOriginal": "Chastellain-Béranger Henri, sous-archiviste. Pontaise 19.",
            "sheet": "Pontaise",
            "year": 1923
          },
          {
            "address": "['Pontaise 19']",
            "Nom": "Pontaise",
            "Métier": "['facteur']",
            "Classification": "proletaire",
            "LigneOriginal": "— LéoiwAlbert, facteur, Pontaise 19.",
            "sheet": "Pontaise",
            "year": 1923
          },
          {
            "address": "['Pontaise 19']",
            "Nom": "Pontaise",
            "Métier": "[]",
            "Classification": "???",
            "LigneOriginal": "Chatelain-Bär Anna, Pontaise 19.",
            "sheet": "Pontaise",
            "year": 1923
          },
          {
            "address": "['Pontaise 19']",
            "Nom": "Pontaise",
            "Métier": "['maçon']",
            "Classification": "proletaire",
            "LigneOriginal": "— Cyrille, maçon, Pontaise 19.",
            "sheet": "Pontaise",
            "year": 1923
          },
          {
            "address": "['Pontaise 19']",
            "Nom": "Pontaise",
            "Métier": "['cuisinière']",
            "Classification": "proletaire",
            "LigneOriginal": "Krähenbühl-Rätz Bertha, cuisinière,Pontaise 19.",
            "sheet": "Pontaise",
            "year": 1923
          },
          {
            "address": "['Pontaise 19']",
            "Nom": "Pontaise",
            "Métier": "['gar. de bureau']",
            "Classification": "proletaire",
            "LigneOriginal": "Mausli-Belet Alfred, gar. de bureau,Pontaise 19.",
            "sheet": "Pontaise",
            "year": 1923
          },
          {
            "address": "['Pontaise 19']",
            "Nom": "Pontaise",
            "Métier": "[]",
            "Classification": "???",
            "LigneOriginal": "Moginier Lucie-Pauline, Pontaise 19.",
            "sheet": "Pontaise",
            "year": 1923
          },
          {
            "address": "['Pontaise 19']",
            "Nom": "Pontaise",
            "Métier": "['représ']",
            "Classification": "intermediaire",
            "LigneOriginal": "Moginier-Jaton Ernest, représ., Pontaise 19.",
            "sheet": "Pontaise",
            "year": 1923
          },
          {
            "address": "['Pontaise 19']",
            "Nom": "Pontaise",
            "Métier": "['banda-giste']",
            "Classification": "élevé",
            "LigneOriginal": "Streicher-Schindler Johann., banda-giste, Pontaise 19.",
            "sheet": "Pontaise",
            "year": 1923
          },
          {
            "address": "['Pontaise 19']",
            "Nom": "Pontaise",
            "Métier": "['Vve']",
            "Classification": "inactif",
            "LigneOriginal": "Vey-Troyon Marie, Vve, Pontaise 19",
            "sheet": "Pontaise",
            "year": 1923
          }
        ],
        "merged_count": 11
      }
    },
    {
      "type": "Feature",
      "geometry": {
        "type": "Point",
        "coordinates": [
          46.531008,
          6.628445
        ]
      },
      "properties": {
        "points": [
          {
            "address": "['Pontaise 45']",
            "Nom": "Pontaise",
            "Métier": "['voyag']",
            "Classification": "inactif",
            "LigneOriginal": "Cavin-Mcyer Gustave, voyag., Pontaise 45.",
            "sheet": "Pontaise",
            "year": 1923
          },
          {
            "address": "['Pontaise 45']",
            "Nom": "Pontaise",
            "Métier": "['pàtiss']",
            "Classification": "proletaire",
            "LigneOriginal": "Leutenegger Otto, pàtiss., Pontaise 45",
            "sheet": "Pontaise",
            "year": 1923
          },
          {
            "address": "['Pontaise 45']",
            "Nom": "Pontaise",
            "Métier": "['coutur']",
            "Classification": "proletaire",
            "LigneOriginal": "— Louise, coutur., Pontaise 45.",
            "sheet": "Pontaise",
            "year": 1923
          },
          {
            "address": "['Pontaise 45']",
            "Nom": "Pontaise",
            "Métier": "['empi. S.I.']",
            "Classification": "intermediaire",
            "LigneOriginal": "Longchamp-Sottaz Edouard, empi. S.I., Pontaise 45.",
            "sheet": "Pontaise",
            "year": 1923
          },
          {
            "address": "['Pontaise 45']",
            "Nom": "Pontaise",
            "Métier": "['manœuv']",
            "Classification": "proletaire",
            "LigneOriginal": "Meylan-Gilliéron Ch., manœuv., Pontaise 45.",
            "sheet": "Pontaise",
            "year": 1923
          }
        ],
        "merged_count": 5
      }
    },
    {
      "type": "Feature",
      "geometry": {
        "type": "Point",
        "coordinates": [
          46.529027,
          6.630414
        ]
      },
      "properties": {
        "points": [
          {
            "address": "['Pontaise 23bis']",
            "Nom": "Pontaise",
            "Métier": "['profess']",
            "Classification": "élevé",
            "LigneOriginal": "Challand-Ziem Alb., profess., Pontaise 23bis.",
            "sheet": "Pontaise",
            "year": 1923
          },
          {
            "address": "['primeurs,Pontaise 36']",
            "Nom": "Pontaise",
            "Métier": "[]",
            "Classification": "???",
            "LigneOriginal": "Chcrpit-Mermoud Etienne, primeurs,Pontaise 36.",
            "sheet": "Pontaise",
            "year": 1923
          },
          {
            "address": "['Pontaise 60']",
            "Nom": "Pontaise",
            "Métier": "['cantinier des casernes']",
            "Classification": "proletaire",
            "LigneOriginal": "Dorsaz-Rochat J., cantinier des casernes, Pontaise 60. RT3555.",
            "sheet": "Pontaise",
            "year": 1923
          },
          {
            "address": "['laiterie, Pontaise 32']",
            "Nom": "Pontaise",
            "Métier": "['Vve']",
            "Classification": "inactif",
            "LigneOriginal": "Forrer-Stoudemann Marie, Vve, laiterie, Pontaise 32. R.",
            "sheet": "Pontaise",
            "year": 1923
          },
          {
            "address": "['Pontaise 60']",
            "Nom": "Pontaise",
            "Métier": "['caissière']",
            "Classification": "proletaire",
            "LigneOriginal": "— Marguerite, caissière, Pontaise 60.",
            "sheet": "Pontaise",
            "year": 1923
          },
          {
            "address": "['Pontaise 36']",
            "Nom": "Pontaise",
            "Métier": "['mén']",
            "Classification": "inactif",
            "LigneOriginal": "Guillot Marie, mén., Pontaise 36.",
            "sheet": "Pontaise",
            "year": 1923
          },
          {
            "address": "['Pontaise 60']",
            "Nom": "Pontaise",
            "Métier": "['intendantdes casernes']",
            "Classification": "proletaire",
            "LigneOriginal": "Jeanmonod-Guigon Henri, intendantdes casernes, Pontaise 60. T9465.",
            "sheet": "Pontaise",
            "year": 1923
          },
          {
            "address": "['Pontaise 43bis']",
            "Nom": "Pontaise",
            "Métier": "['instit']",
            "Classification": "élevé",
            "LigneOriginal": "— Sophie, instit., Pontaise 43bis.",
            "sheet": "Pontaise",
            "year": 1923
          },
          {
            "address": "['Pontaise 35']",
            "Nom": "Pontaise",
            "Métier": "['rentière']",
            "Classification": "inactif",
            "LigneOriginal": "— Catherine, rentière, Pontaise 35.",
            "sheet": "Pontaise",
            "year": 1923
          },
          {
            "address": "['Pontaise 35']",
            "Nom": "Pontaise",
            "Métier": "['instit']",
            "Classification": "élevé",
            "LigneOriginal": "— Lydia, instit., Pontaise 35.",
            "sheet": "Pontaise",
            "year": 1923
          },
          {
            "address": "['s. faïences,Pontaise 35']",
            "Nom": "Pontaise",
            "Métier": "['peint']",
            "Classification": "proletaire",
            "LigneOriginal": "Nicolet-Paris Anna, peint, s. faïences,Pontaise 35.",
            "sheet": "Pontaise",
            "year": 1923
          },
          {
            "address": "['Pontaise 36']",
            "Nom": "Pontaise",
            "Métier": "['emp.']",
            "Classification": "proletaire",
            "LigneOriginal": "— Max, emp., Pontaise 36.",
            "sheet": "Pontaise",
            "year": 1923
          },
          {
            "address": "['Succursales: r. Neuve 1', 'Bdde G rane y 45', 'Pontaise32 : Martheray 15', 'LesPins, Cour: Va Maggiore, Malloy', 'av. d’Ouchy 70']",
            "Nom": "Pontaise",
            "Métier": "['Alimentation générale']",
            "Classification": "???",
            "LigneOriginal": "Pctitpierre Ch., Alimentation générale. Succursales: r. Neuve 1. RT.•1590: Petit-C-hêne 1-1. T4597 ; Bdde G rane y 45. T4591: Pontaise32 : Martheray 15. T1596; LesPins, Cour: Va Maggiore, Malloy. T4598: av. d’Ouchy 70.",
            "sheet": "Pontaise",
            "year": 1923
          },
          {
            "address": "['Pontaise 60']",
            "Nom": "Pontaise",
            "Métier": "['g. d’off']",
            "Classification": "proletaire",
            "LigneOriginal": "Ræmy Fernand, g. d’off., Pontaise 60",
            "sheet": "Pontaise",
            "year": 1923
          },
          {
            "address": "['Pontaise 43bis']",
            "Nom": "Pontaise",
            "Métier": "[]",
            "Classification": "???",
            "LigneOriginal": "Ribatto Joséphine, Pontaise 43bis.",
            "sheet": "Pontaise",
            "year": 1923
          },
          {
            "address": "['Pontaise 60']",
            "Nom": "Pontaise",
            "Métier": "['jardin']",
            "Classification": "proletaire",
            "LigneOriginal": "— Charles, jardin., Pontaise 60.",
            "sheet": "Pontaise",
            "year": 1923
          },
          {
            "address": "['Pontaise 35']",
            "Nom": "Pontaise",
            "Métier": "[]",
            "Classification": "???",
            "LigneOriginal": "Trittibach Emilie, Pontaise 35.",
            "sheet": "Pontaise",
            "year": 1923
          }
        ],
        "merged_count": 17
      }
    },
    {
      "type": "Feature",
      "geometry": {
        "type": "Point",
        "coordinates": [
          46.531136,
          6.628944
        ]
      },
      "properties": {
        "points": [
          {
            "address": "['Pontaise 41']",
            "Nom": "Pontaise",
            "Métier": "['iristitutr']",
            "Classification": "élevé",
            "LigneOriginal": "— Anna, iristitutr., Pontaise 41.",
            "sheet": "Pontaise",
            "year": 1923
          },
          {
            "address": "['Pontaise 41']",
            "Nom": "Pontaise",
            "Métier": "[]",
            "Classification": "???",
            "LigneOriginal": "Holland-Cottier Thomas, Pontaise 41.",
            "sheet": "Pontaise",
            "year": 1923
          },
          {
            "address": "[',Pontaise 41']",
            "Nom": "Pontaise",
            "Métier": "['cuisinier']",
            "Classification": "proletaire",
            "LigneOriginal": "Jeanmonod-Perrin Charles, cuisinier,Pontaise 41.",
            "sheet": "Pontaise",
            "year": 1923
          },
          {
            "address": "['Pontaise 41']",
            "Nom": "Pontaise",
            "Métier": "['emp. T. F.']",
            "Classification": "intermediaire",
            "LigneOriginal": "Läng-Broglie Emile, emp. T. F., Pontaise 41.",
            "sheet": "Pontaise",
            "year": 1923
          },
          {
            "address": "['Pontaise 41']",
            "Nom": "Pontaise",
            "Métier": "['coiff']",
            "Classification": "proletaire",
            "LigneOriginal": "Pahud-Vaney Rob., coiff., Pontaise 41",
            "sheet": "Pontaise",
            "year": 1923
          },
          {
            "address": "['Pontaise 41']",
            "Nom": "Pontaise",
            "Métier": "['retraité']",
            "Classification": "inactif",
            "LigneOriginal": "— Charles, retraité, Pontaise 41.",
            "sheet": "Pontaise",
            "year": 1923
          },
          {
            "address": "['Pontaise 41']",
            "Nom": "Pontaise",
            "Métier": "[]",
            "Classification": "???",
            "LigneOriginal": "— Jeanne. Pontaise 41.",
            "sheet": "Pontaise",
            "year": 1923
          },
          {
            "address": "['Pontaise 41']",
            "Nom": "Pontaise",
            "Métier": "['voyer du1er arrond']",
            "Classification": "???",
            "LigneOriginal": "Thlerry-Thierry Constant, voyer du1er arrond., Pontaise 41. T8151.",
            "sheet": "Pontaise",
            "year": 1923
          }
        ],
        "merged_count": 8
      }
    },
    {
      "type": "Feature",
      "geometry": {
        "type": "Point",
        "coordinates": [
          46.52895,
          6.630682
        ]
      },
      "properties": {
        "points": [
          {
            "address": "['Pontaise 37b is', 'B. Bourg 8']",
            "Nom": "Pontaise",
            "Métier": "['sténograp']",
            "Classification": "intermediaire",
            "LigneOriginal": "— Emma, sténograp., Pontaise 37b is.T8833. B. Bourg 8. T5008.",
            "sheet": "Pontaise",
            "year": 1923
          },
          {
            "address": "['Pontaise 8']",
            "Nom": "Pontaise",
            "Métier": "['pianos']",
            "Classification": "intermediaire",
            "LigneOriginal": "Krüger Eugène, pianos, Pontaise 8.",
            "sheet": "Pontaise",
            "year": 1923
          },
          {
            "address": "['Pontaise 8']",
            "Nom": "Pontaise",
            "Métier": "['ménagère']",
            "Classification": "inactif",
            "LigneOriginal": "— Eugénie, ménagère, Pontaise 8.",
            "sheet": "Pontaise",
            "year": 1923
          }
        ],
        "merged_count": 3
      }
    },
    {
      "type": "Feature",
      "geometry": {
        "type": "Point",
        "coordinates": [
          46.53125,
          6.629335
        ]
      },
      "properties": {
        "points": [
          {
            "address": "['Pontaise 46']",
            "Nom": "Pontaise",
            "Métier": "['maçon']",
            "Classification": "proletaire",
            "LigneOriginal": "Concini-Colliard Ferdinand, maçon,Pontaise 46.",
            "sheet": "Pontaise",
            "year": 1923
          },
          {
            "address": "['Pontaise 46']",
            "Nom": "Pontaise",
            "Métier": "['jardin']",
            "Classification": "proletaire",
            "LigneOriginal": "— Frederieh, jardin., Pontaise 46.",
            "sheet": "Pontaise",
            "year": 1923
          },
          {
            "address": "['Pontaise 46']",
            "Nom": "Pontaise",
            "Métier": "[]",
            "Classification": "???",
            "LigneOriginal": "— Max. commis, Pontaise 46.",
            "sheet": "Pontaise",
            "year": 1923
          },
          {
            "address": "['Pontaise 46']",
            "Nom": "Pontaise",
            "Métier": "['cafetier']",
            "Classification": "proletaire",
            "LigneOriginal": "Riat-Vauclair Louis, cafetier, Pontaise 46. RT2270.",
            "sheet": "Pontaise",
            "year": 1923
          },
          {
            "address": "['Pontaise 46']",
            "Nom": "Pontaise",
            "Métier": "[]",
            "Classification": "???",
            "LigneOriginal": "Rubin-Rey Marie, Pontaise 46.",
            "sheet": "Pontaise",
            "year": 1923
          },
          {
            "address": "['Pontaise 46']",
            "Nom": "Pontaise",
            "Métier": "[]",
            "Classification": "???",
            "LigneOriginal": "Vauclair Joseph. Pontaise 46.",
            "sheet": "Pontaise",
            "year": 1923
          }
        ],
        "merged_count": 6
      }
    },
    {
      "type": "Feature",
      "geometry": {
        "type": "Point",
        "coordinates": [
          46.529763,
          6.630808
        ]
      },
      "properties": {
        "points": [
          {
            "address": "['Pontaise 18']",
            "Nom": "Pontaise",
            "Métier": "['fondeur']",
            "Classification": "intermediaire",
            "LigneOriginal": "— Robert, fondeur, Pontaise 18.",
            "sheet": "Pontaise",
            "year": 1923
          },
          {
            "address": "['Pontaise 18']",
            "Nom": "Pontaise",
            "Métier": "['ménag']",
            "Classification": "inactif",
            "LigneOriginal": "— Elisa, ménag., Pontaise 18.",
            "sheet": "Pontaise",
            "year": 1923
          },
          {
            "address": "['Pontaise 18']",
            "Nom": "Pontaise",
            "Métier": "['brig, de police']",
            "Classification": "intermediaire",
            "LigneOriginal": "Hornung-Bcroud Jules, brig, de police, Pontaise 18.",
            "sheet": "Pontaise",
            "year": 1923
          },
          {
            "address": "['emp. T.-L.,Pontaise 18']",
            "Nom": "Pontaise",
            "Métier": "[]",
            "Classification": "???",
            "LigneOriginal": "Novcrraz-Dubois Edmond, emp. T.-L.,Pontaise 18.",
            "sheet": "Pontaise",
            "year": 1923
          },
          {
            "address": "['Pontaise 18']",
            "Nom": "Pontaise",
            "Métier": "[]",
            "Classification": "???",
            "LigneOriginal": "Pahnd Aimé, Pontaise 18.",
            "sheet": "Pontaise",
            "year": 1923
          },
          {
            "address": "['Pontaise 18']",
            "Nom": "Pontaise",
            "Métier": "['modes']",
            "Classification": "???",
            "LigneOriginal": "— Emma, modes, Pontaise 18.",
            "sheet": "Pontaise",
            "year": 1923
          },
          {
            "address": "['Pontaise 18']",
            "Nom": "Pontaise",
            "Métier": "['rctr. de police']",
            "Classification": "intermediaire",
            "LigneOriginal": "Parisod-Cornut Benjamin, rctr. de police, Pontaise 18.",
            "sheet": "Pontaise",
            "year": 1923
          },
          {
            "address": "['Pontaise 18']",
            "Nom": "Pontaise",
            "Métier": "['cout']",
            "Classification": "proletaire",
            "LigneOriginal": "Raccoursicr Adèle, cout.. Pontaise 18",
            "sheet": "Pontaise",
            "year": 1923
          },
          {
            "address": "['Pontaise 18']",
            "Nom": "Pontaise",
            "Métier": "['charpentier']",
            "Classification": "proletaire",
            "LigneOriginal": "Raecoursier-Dubois John, charpentier,Pontaise 18.",
            "sheet": "Pontaise",
            "year": 1923
          }
        ],
        "merged_count": 9
      }
    },
    {
      "type": "Feature",
      "geometry": {
        "type": "Point",
        "coordinates": [
          46.531347,
          6.629117
        ]
      },
      "properties": {
        "points": [
          {
            "address": "['Pontaise 48']",
            "Nom": "Pontaise",
            "Métier": "[]",
            "Classification": "???",
            "LigneOriginal": "Cirnu-Baudin Hortense, Vve, Pontaise 48.",
            "sheet": "Pontaise",
            "year": 1923
          },
          {
            "address": "['Pontaise 48']",
            "Nom": "Pontaise",
            "Métier": "['machiniste']",
            "Classification": "proletaire",
            "LigneOriginal": "Plumettaz-Kalser Charles, machiniste,Pontaise 48.",
            "sheet": "Pontaise",
            "year": 1923
          },
          {
            "address": "['Pontaise 48']",
            "Nom": "Pontaise",
            "Métier": "['mén']",
            "Classification": "inactif",
            "LigneOriginal": "— Elisa, mén., Pontaise 48,",
            "sheet": "Pontaise",
            "year": 1923
          }
        ],
        "merged_count": 3
      }
    },
    {
      "type": "Feature",
      "geometry": {
        "type": "Point",
        "coordinates": [
          46.52961,
          6.629524
        ]
      },
      "properties": {
        "points": [
          {
            "address": "['Pontaise 21']",
            "Nom": "Pontaise",
            "Métier": "['bross']",
            "Classification": "proletaire",
            "LigneOriginal": "Cuendet-Duthon Emile, bross., Pontaise 21.",
            "sheet": "Pontaise",
            "year": 1923
          },
          {
            "address": "['Pontaise 21']",
            "Nom": "Pontaise",
            "Métier": "['man']",
            "Classification": "proletaire",
            "LigneOriginal": "Berthe Joseph-Alphonse, man., Pontaise 21.",
            "sheet": "Pontaise",
            "year": 1923
          },
          {
            "address": "['Pontaise 21']",
            "Nom": "Pontaise",
            "Métier": "['maraîcher']",
            "Classification": "proletaire",
            "LigneOriginal": "Tenthorey-Badoux Alexandre, maraîcher, Pontaise 21.",
            "sheet": "Pontaise",
            "year": 1923
          }
        ],
        "merged_count": 3
      }
    },
    {
      "type": "Feature",
      "geometry": {
        "type": "Point",
        "coordinates": [
          46.52871,
          6.630815
        ]
      },
      "properties": {
        "points": [
          {
            "address": "['ch.des Lilas 13', 'Pontaise 6']",
            "Nom": "Pontaise",
            "Métier": "['voiturier']",
            "Classification": "proletaire",
            "LigneOriginal": "Curchod-Piguet Gust., voiturier, ch.des Lilas 13. T3620 et Pontaise 6.",
            "sheet": "Pontaise",
            "year": 1923
          },
          {
            "address": "['propriét,,Pontaise 6']",
            "Nom": "Pontaise",
            "Métier": "['Vve']",
            "Classification": "inactif",
            "LigneOriginal": "Purro-Perrom! Marie, Vve, propriét,,Pontaise 6.",
            "sheet": "Pontaise",
            "year": 1923
          },
          {
            "address": "['Pontaise 6']",
            "Nom": "Pontaise",
            "Métier": "['comptable']",
            "Classification": "intermediaire",
            "LigneOriginal": "Rithcner-Boulenaz Théodore, comptable, Pontaise 6.",
            "sheet": "Pontaise",
            "year": 1923
          }
        ],
        "merged_count": 3
      }
    },
    {
      "type": "Feature",
      "geometry": {
        "type": "Point",
        "coordinates": [
          46.53029,
          6.630017
        ]
      },
      "properties": {
        "points": [
          {
            "address": "['Pontaise 30']",
            "Nom": "Pontaise",
            "Métier": "[]",
            "Classification": "???",
            "LigneOriginal": "Domer Elisabeth, Pontaise 30.",
            "sheet": "Pontaise",
            "year": 1923
          }
        ],
        "merged_count": 1
      }
    },
    {
      "type": "Feature",
      "geometry": {
        "type": "Point",
        "coordinates": [
          46.528608,
          6.63077
        ]
      },
      "properties": {
        "points": [
          {
            "address": "['Pontaise 4']",
            "Nom": "Pontaise",
            "Métier": "['emp.']",
            "Classification": "proletaire",
            "LigneOriginal": "Dufey-Favre Alois, emp., Pontaise 4.",
            "sheet": "Pontaise",
            "year": 1923
          },
          {
            "address": "['Pontaise 4']",
            "Nom": "Pontaise",
            "Métier": "[]",
            "Classification": "???",
            "LigneOriginal": "Miéville-Chamot Elisa, Pontaise 4.",
            "sheet": "Pontaise",
            "year": 1923
          },
          {
            "address": "['Pontaise 4']",
            "Nom": "Pontaise",
            "Métier": "['téléph']",
            "Classification": "proletaire",
            "LigneOriginal": "Zurlinden Emilie, téléph., Pontaise 4.",
            "sheet": "Pontaise",
            "year": 1923
          }
        ],
        "merged_count": 3
      }
    },
    {
      "type": "Feature",
      "geometry": {
        "type": "Point",
        "coordinates": [
          46.532073,
          6.627638
        ]
      },
      "properties": {
        "points": [
          {
            "address": "['Pontaise 31']",
            "Nom": "Pontaise",
            "Métier": "[]",
            "Classification": "???",
            "LigneOriginal": "Durrenberger Albert, Pontaise 31.",
            "sheet": "Pontaise",
            "year": 1923
          }
        ],
        "merged_count": 1
      }
    },
    {
      "type": "Feature",
      "geometry": {
        "type": "Point",
        "coordinates": [
          46.529782,
          6.630045
        ]
      },
      "properties": {
        "points": [
          {
            "address": "['Pontaise 37']",
            "Nom": "Pontaise",
            "Métier": "[]",
            "Classification": "???",
            "LigneOriginal": "— Marie, Pontaise 37.",
            "sheet": "Pontaise",
            "year": 1923
          },
          {
            "address": "['Pontaise 37']",
            "Nom": "Pontaise",
            "Métier": "[]",
            "Classification": "???",
            "LigneOriginal": "Pittet-Morard Cyprien, Pontaise 37.",
            "sheet": "Pontaise",
            "year": 1923
          }
        ],
        "merged_count": 2
      }
    },
    {
      "type": "Feature",
      "geometry": {
        "type": "Point",
        "coordinates": [
          46.528271,
          6.630741
        ]
      },
      "properties": {
        "points": [
          {
            "address": "['Pontaise 25', 'an 27', 'av.de Morges 147']",
            "Nom": "Pontaise",
            "Métier": "['boucli']",
            "Classification": "proletaire",
            "LigneOriginal": "Horlacher-Piccard Jean, boucli., Pontaise 25. M. an 27. RT3924 et av.de Morges 147.",
            "sheet": "Pontaise",
            "year": 1923
          }
        ],
        "merged_count": 1
      }
    },
    {
      "type": "Feature",
      "geometry": {
        "type": "Point",
        "coordinates": [
          46.529376,
          6.630589
        ]
      },
      "properties": {
        "points": [
          {
            "address": "['Pontaise 14']",
            "Nom": "Pontaise",
            "Métier": "[]",
            "Classification": "???",
            "LigneOriginal": "— Edmée, Pontaise 14.",
            "sheet": "Pontaise",
            "year": 1923
          },
          {
            "address": "['Pontaise 14']",
            "Nom": "Pontaise",
            "Métier": "[]",
            "Classification": "???",
            "LigneOriginal": "Krcbs-Ducret Marie, Pontaise 14.",
            "sheet": "Pontaise",
            "year": 1923
          }
        ],
        "merged_count": 2
      }
    },
    {
      "type": "Feature",
      "geometry": {
        "type": "Point",
        "coordinates": [
          46.530129,
          6.630026
        ]
      },
      "properties": {
        "points": [
          {
            "address": "['Pontaise 26']",
            "Nom": "Pontaise",
            "Métier": "['entr']",
            "Classification": "???",
            "LigneOriginal": "Lenta-Rigoli Em„ entr., Pontaise 26.",
            "sheet": "Pontaise",
            "year": 1923
          },
          {
            "address": "['Pontaise 26']",
            "Nom": "Pontaise",
            "Métier": "['peintre']",
            "Classification": "proletaire",
            "LigneOriginal": "— Ernest, peintre. Pontaise 26.",
            "sheet": "Pontaise",
            "year": 1923
          },
          {
            "address": "['Pontaise 26']",
            "Nom": "Pontaise",
            "Métier": "[]",
            "Classification": "???",
            "LigneOriginal": "— Nellv-Louisa, Pontaise 26.",
            "sheet": "Pontaise",
            "year": 1923
          },
          {
            "address": "['Pontaise 26']",
            "Nom": "Pontaise",
            "Métier": "[]",
            "Classification": "???",
            "LigneOriginal": "— William, Pontaise 26.",
            "sheet": "Pontaise",
            "year": 1923
          },
          {
            "address": "['relieur,Pontaise 26']",
            "Nom": "Pontaise",
            "Métier": "[]",
            "Classification": "???",
            "LigneOriginal": "Margot-Ochsen bein Charles, relieur,Pontaise 26.",
            "sheet": "Pontaise",
            "year": 1923
          },
          {
            "address": "[',Pontaise 26']",
            "Nom": "Pontaise",
            "Métier": "['cuisin']",
            "Classification": "proletaire",
            "LigneOriginal": "Mermod-Kriihenbühl Eugène, cuisin.,Pontaise 26.",
            "sheet": "Pontaise",
            "year": 1923
          },
          {
            "address": "['Pontaise 26']",
            "Nom": "Pontaise",
            "Métier": "['boulang']",
            "Classification": "proletaire",
            "LigneOriginal": "— Auguste, boulang., Pontaise 26.",
            "sheet": "Pontaise",
            "year": 1923
          },
          {
            "address": "['Pontaise 26']",
            "Nom": "Pontaise",
            "Métier": "['boulanger']",
            "Classification": "proletaire",
            "LigneOriginal": "Morier-Antonin Auguste, boulanger,Pontaise 26. R.",
            "sheet": "Pontaise",
            "year": 1923
          }
        ],
        "merged_count": 8
      }
    },
    {
      "type": "Feature",
      "geometry": {
        "type": "Point",
        "coordinates": [
          46.529977,
          6.629805
        ]
      },
      "properties": {
        "points": [
          {
            "address": "['Pontaise 25']",
            "Nom": "Pontaise",
            "Métier": "['a g. sûreté']",
            "Classification": "intermediaire",
            "LigneOriginal": "Meylan Aimé, a g. sûreté, Pontaise 25.",
            "sheet": "Pontaise",
            "year": 1923
          },
          {
            "address": "[',Pontaise 25']",
            "Nom": "Pontaise",
            "Métier": "['comptable']",
            "Classification": "intermediaire",
            "LigneOriginal": "Séchaud-Caillet Samuel, comptable,Pontaise 25.",
            "sheet": "Pontaise",
            "year": 1923
          }
        ],
        "merged_count": 2
      }
    },
    {
      "type": "Feature",
      "geometry": {
        "type": "Point",
        "coordinates": [
          46.530964,
          6.629665
        ]
      },
      "properties": {
        "points": [
          {
            "address": "['Pontaise 44']",
            "Nom": "Pontaise",
            "Métier": "[]",
            "Classification": "???",
            "LigneOriginal": "— Adeline, Pontaise 44.",
            "sheet": "Pontaise",
            "year": 1923
          }
        ],
        "merged_count": 1
      }
    },
    {
      "type": "Feature",
      "geometry": {
        "type": "Point",
        "coordinates": [
          46.529455,
          6.630096
        ]
      },
      "properties": {
        "points": [
          {
            "address": "['Pontaise 37bis', 'M.Université 11']",
            "Nom": "Pontaise",
            "Métier": "['modiste']",
            "Classification": "intermediaire",
            "LigneOriginal": "— Elise, modiste, Pontaise 37bis. M.Université 11. R.",
            "sheet": "Pontaise",
            "year": 1923
          }
        ],
        "merged_count": 1
      }
    },
    {
      "type": "Feature",
      "geometry": {
        "type": "Point",
        "coordinates": [
          46.529984,
          6.630078
        ]
      },
      "properties": {
        "points": [
          {
            "address": "[',Pontaise 24']",
            "Nom": "Pontaise",
            "Métier": "['entrepren']",
            "Classification": "intermediaire",
            "LigneOriginal": "Porchet-Rubattel Emile, entrepren.,Pontaise 24.",
            "sheet": "Pontaise",
            "year": 1923
          },
          {
            "address": "['Pontaise 24']",
            "Nom": "Pontaise",
            "Métier": "[]",
            "Classification": "???",
            "LigneOriginal": "— Georges, Pontaise 24.",
            "sheet": "Pontaise",
            "year": 1923
          },
          {
            "address": "['Pontaise 24']",
            "Nom": "Pontaise",
            "Métier": "['épicerie']",
            "Classification": "proletaire",
            "LigneOriginal": "— Fanny, épicerie, Pontaise 24.",
            "sheet": "Pontaise",
            "year": 1923
          },
          {
            "address": "['Vve,Pontaise 24']",
            "Nom": "Pontaise",
            "Métier": "[]",
            "Classification": "???",
            "LigneOriginal": "Taillens - Duperret Catherine, Vve,Pontaise 24.",
            "sheet": "Pontaise",
            "year": 1923
          }
        ],
        "merged_count": 4
      }
    },
    {
      "type": "Feature",
      "geometry": {
        "type": "Point",
        "coordinates": [
          46.525853,
          6.632482
        ]
      },
      "properties": {
        "points": [
          {
            "address": "[',av. Riant-Mont 19']",
            "Nom": "Riant Mont",
            "Métier": "[]",
            "Classification": "???",
            "LigneOriginal": "Æby-Mouthy J.-Philippe, emp. post.,av. Riant-Mont 19.",
            "sheet": "Riant Mont",
            "year": 1923
          },
          {
            "address": "[',av. Riant-Mont 19']",
            "Nom": "Riant Mont",
            "Métier": "['man']",
            "Classification": "proletaire",
            "LigneOriginal": "Blanc-Duvoisin-Rossicr Ernest, man.,av. Riant-Mont 19.",
            "sheet": "Riant Mont",
            "year": 1923
          },
          {
            "address": "['av.. Riant Mont 19']",
            "Nom": "Riant Mont",
            "Métier": "['représentant']",
            "Classification": "intermediaire",
            "LigneOriginal": "Clavel-Beck Marc, représentant, av.. Riant Mont 19.",
            "sheet": "Riant Mont",
            "year": 1923
          },
          {
            "address": "['av. Riant-Mont 19']",
            "Nom": "Riant Mont",
            "Métier": "[]",
            "Classification": "???",
            "LigneOriginal": "— Juliette, av. Riant-Mont 19.",
            "sheet": "Riant Mont",
            "year": 1923
          },
          {
            "address": "['av. Riant-Mont 19']",
            "Nom": "Riant Mont",
            "Métier": "['insp. scolaire']",
            "Classification": "intermediaire",
            "LigneOriginal": "Cordey-Cordey Jules, insp. scolaire,av. Riant-Mont 19.",
            "sheet": "Riant Mont",
            "year": 1923
          },
          {
            "address": "['Haute Ville B, av. Riant Mont 19']",
            "Nom": "Riant Mont",
            "Métier": "['couturière']",
            "Classification": "proletaire",
            "LigneOriginal": "— Lina-Georg., couturière, Haute Ville B, av. Riant Mont 19.",
            "sheet": "Riant Mont",
            "year": 1923
          },
          {
            "address": "[',av. Riant-Mont 19']",
            "Nom": "Riant Mont",
            "Métier": "[]",
            "Classification": "???",
            "LigneOriginal": "— Louise-Henriette-Marguerite, inst.,av. Riant-Mont 19 b.",
            "sheet": "Riant Mont",
            "year": 1923
          },
          {
            "address": "['av. Riant-Mont. 19']",
            "Nom": "Riant Mont",
            "Métier": "['typo']",
            "Classification": "intermediaire",
            "LigneOriginal": "Pernet-Sala Marcel, typo, av. Riant-Mont. 19.",
            "sheet": "Riant Mont",
            "year": 1923
          },
          {
            "address": "['av. Riant-Mont 9', 'Labor. Solitude 19']",
            "Nom": "Riant Mont",
            "Métier": "['bactériologistecantonal,']",
            "Classification": "élevé",
            "LigneOriginal": "Roux - Imhof Louis, bactériologistecantonal, av. Riant-Mont 9. Labor. Solitude 19. T8550.",
            "sheet": "Riant Mont",
            "year": 1923
          },
          {
            "address": "['HauteVille B', ', av. Riant-Mont 19']",
            "Nom": "Riant Mont",
            "Métier": "[]",
            "Classification": "???",
            "LigneOriginal": "Sandmeyer - Gerber Isoline, HauteVille B, av. Riant-Mont 19.",
            "sheet": "Riant Mont",
            "year": 1923
          },
          {
            "address": "['av. RiantMont 19']",
            "Nom": "Riant Mont",
            "Métier": "['g.-malades,']",
            "Classification": "proletaire",
            "LigneOriginal": "Schlegel Hélène, g.-malades, av. RiantMont 19.",
            "sheet": "Riant Mont",
            "year": 1923
          },
          {
            "address": "['av. Riant Mont 19']",
            "Nom": "Riant Mont",
            "Métier": "[]",
            "Classification": "???",
            "LigneOriginal": "— Hélène, av. Riant Mont 19.",
            "sheet": "Riant Mont",
            "year": 1923
          }
        ],
        "merged_count": 12
      }
    },
    {
      "type": "Feature",
      "geometry": {
        "type": "Point",
        "coordinates": [
          46.526054,
          6.631881
        ]
      },
      "properties": {
        "points": [
          {
            "address": "['av. Riant-Mont 13']",
            "Nom": "Riant Mont",
            "Métier": "['commis deposte']",
            "Classification": "intermediaire",
            "LigneOriginal": "Bidiville-Guignet Louis, commis deposte, av. Riant-Mont 13.",
            "sheet": "Riant Mont",
            "year": 1923
          },
          {
            "address": "[',Riant Mont 13']",
            "Nom": "Riant Mont",
            "Métier": "['peintre']",
            "Classification": "proletaire",
            "LigneOriginal": "Bovard-Armbrustcr Fortuné, peintre,Riant Mont 13.",
            "sheet": "Riant Mont",
            "year": 1923
          },
          {
            "address": "['av. RiantMont 13']",
            "Nom": "Riant Mont",
            "Métier": "[]",
            "Classification": "???",
            "LigneOriginal": "Duperthuis-Crousaz Sylvie, av. RiantMont 13.",
            "sheet": "Riant Mont",
            "year": 1923
          },
          {
            "address": "['aven.Riant Mont 13']",
            "Nom": "Riant Mont",
            "Métier": "['commis']",
            "Classification": "proletaire",
            "LigneOriginal": "Gaberel-Gaueà Albert, commis, aven.Riant Mont 13.",
            "sheet": "Riant Mont",
            "year": 1923
          },
          {
            "address": "['av. Riant-Mont 13']",
            "Nom": "Riant Mont",
            "Métier": "[]",
            "Classification": "???",
            "LigneOriginal": "Merio-Borgatta Césarine, av. Riant-Mont 13.",
            "sheet": "Riant Mont",
            "year": 1923
          },
          {
            "address": "['de Lys', 'av. Riant-Mont 13']",
            "Nom": "Riant Mont",
            "Métier": "['compt.trams,']",
            "Classification": "intermediaire",
            "LigneOriginal": "Rossier-Fleur de Lys Marius, compt.trams, av. Riant-Mont 13.",
            "sheet": "Riant Mont",
            "year": 1923
          }
        ],
        "merged_count": 6
      }
    },
    {
      "type": "Feature",
      "geometry": {
        "type": "Point",
        "coordinates": [
          46.525288,
          6.63152
        ]
      },
      "properties": {
        "points": [
          {
            "address": "['-Cailler', 'Riant-Mont 4']",
            "Nom": "Riant Mont",
            "Métier": "['Georges', 'représent']",
            "Classification": "proletaire",
            "LigneOriginal": "Bidlingmeycr-Sibcr-Cailler, Georges,représent., Riant-Mont 4.",
            "sheet": "Riant Mont",
            "year": 1923
          },
          {
            "address": "['av. Riant-Mont 4']",
            "Nom": "Riant Mont",
            "Métier": "['iust.it']",
            "Classification": "élevé",
            "LigneOriginal": "— Alice, iust.it., av. Riant-Mont 4.",
            "sheet": "Riant Mont",
            "year": 1923
          },
          {
            "address": "['av. Riant-Mont 4']",
            "Nom": "Riant Mont",
            "Métier": "['prof']",
            "Classification": "élevé",
            "LigneOriginal": "Déglon-Roucau Aug.. prof., av. Riant-Mont 4.",
            "sheet": "Riant Mont",
            "year": 1923
          },
          {
            "address": "['emp. Riant-Mont 4']",
            "Nom": "Riant Mont",
            "Métier": "[]",
            "Classification": "???",
            "LigneOriginal": "— Joseph-Alofs, emp. Riant-Mont 4.",
            "sheet": "Riant Mont",
            "year": 1923
          },
          {
            "address": "['av. Riant Mont 3.M. Madeleine 4']",
            "Nom": "Riant Mont",
            "Métier": "['nég']",
            "Classification": "proletaire",
            "LigneOriginal": "— Armand, nég., av. Riant Mont 3.M. Madeleine 4. RT4876.",
            "sheet": "Riant Mont",
            "year": 1923
          },
          {
            "address": "['Riant Mont 4']",
            "Nom": "Riant Mont",
            "Métier": "['chef de serv.postal,']",
            "Classification": "élevé",
            "LigneOriginal": "Ramelct-Buttet Charles, chef de serv.postal, Riant Mont 4.",
            "sheet": "Riant Mont",
            "year": 1923
          },
          {
            "address": "['Riant Mont 4']",
            "Nom": "Riant Mont",
            "Métier": "['instit']",
            "Classification": "élevé",
            "LigneOriginal": "— Hector-Eug., instit., Riant Mont 4.",
            "sheet": "Riant Mont",
            "year": 1923
          },
          {
            "address": "['RiantMont 4']",
            "Nom": "Riant Mont",
            "Métier": "['taill']",
            "Classification": "proletaire",
            "LigneOriginal": "Ztnkliiser-Pellaux Angel, taill., RiantMont 4.",
            "sheet": "Riant Mont",
            "year": 1923
          }
        ],
        "merged_count": 8
      }
    },
    {
      "type": "Feature",
      "geometry": {
        "type": "Point",
        "coordinates": [
          46.524936,
          6.631992
        ]
      },
      "properties": {
        "points": [
          {
            "address": "['RiantMont 10']",
            "Nom": "Riant Mont",
            "Métier": "['pasteur']",
            "Classification": "proletaire",
            "LigneOriginal": "Bonnard-iSchas Emile, pasteur, RiantMont 10. T4526.",
            "sheet": "Riant Mont",
            "year": 1923
          },
          {
            "address": "['av. Riant-Mont 10']",
            "Nom": "Riant Mont",
            "Métier": "['instit']",
            "Classification": "élevé",
            "LigneOriginal": "Courtin Charlotte, instit., av. Riant-Mont 10.",
            "sheet": "Riant Mont",
            "year": 1923
          },
          {
            "address": "['aven. RiantMont 10']",
            "Nom": "Riant Mont",
            "Métier": "['pension']",
            "Classification": "inactif",
            "LigneOriginal": "Isnard Sophie, pension, aven. RiantMont 10.",
            "sheet": "Riant Mont",
            "year": 1923
          },
          {
            "address": "['aven.Riant Mont 10']",
            "Nom": "Riant Mont",
            "Métier": "['médecin']",
            "Classification": "élevé",
            "LigneOriginal": "Narbel-Vautier Jean, médecin, aven.Riant Mont 10. T. 2995.",
            "sheet": "Riant Mont",
            "year": 1923
          },
          {
            "address": "['av. Riant-Mont 10']",
            "Nom": "Riant Mont",
            "Métier": "['ingénieur']",
            "Classification": "élevé",
            "LigneOriginal": "Schwartz - Nossenko Max, ingénieur,av. Riant-Mont 10.",
            "sheet": "Riant Mont",
            "year": 1923
          }
        ],
        "merged_count": 5
      }
    },
    {
      "type": "Feature",
      "geometry": {
        "type": "Point",
        "coordinates": [
          46.525997,
          6.632201
        ]
      },
      "properties": {
        "points": [
          {
            "address": "['av. Riant-Mont 17']",
            "Nom": "Riant Mont",
            "Métier": "[]",
            "Classification": "???",
            "LigneOriginal": "— Germaine, av. Riant-Mont 17.",
            "sheet": "Riant Mont",
            "year": 1923
          },
          {
            "address": "['av. Riant-Mont 17']",
            "Nom": "Riant Mont",
            "Métier": "['coutur.']",
            "Classification": "proletaire",
            "LigneOriginal": "Bonzon-Fahrni Ida, coutur., av. Riant-Mont 17.",
            "sheet": "Riant Mont",
            "year": 1923
          },
          {
            "address": "['av. Riant-Mont 17']",
            "Nom": "Riant Mont",
            "Métier": "['commispost']",
            "Classification": "intermediaire",
            "LigneOriginal": "Borle-Vuilleumier Eugène, commispost., av. Riant-Mont 17.",
            "sheet": "Riant Mont",
            "year": 1923
          },
          {
            "address": "['Riant Mont 17']",
            "Nom": "Riant Mont",
            "Métier": "['secrét. à laChancellerie,']",
            "Classification": "intermediaire",
            "LigneOriginal": "Jaton-Reymond Adolphe, secrét. à laChancellerie, Riant Mont 17.",
            "sheet": "Riant Mont",
            "year": 1923
          },
          {
            "address": "['av.Riant Mont 17']",
            "Nom": "Riant Mont",
            "Métier": "['conducteur']",
            "Classification": "proletaire",
            "LigneOriginal": "Kaspar-Rohr Jacob, conducteur, av.Riant Mont 17.",
            "sheet": "Riant Mont",
            "year": 1923
          },
          {
            "address": "['av. Riant Mont, 17']",
            "Nom": "Riant Mont",
            "Métier": "['commisC.F.F..']",
            "Classification": "intermediaire",
            "LigneOriginal": "Mosimann-Weinmann Karl, commisC.F.F.. av. Riant Mont, 17.",
            "sheet": "Riant Mont",
            "year": 1923
          }
        ],
        "merged_count": 6
      }
    },
    {
      "type": "Feature",
      "geometry": {
        "type": "Point",
        "coordinates": [
          46.525548,
          6.631791
        ]
      },
      "properties": {
        "points": [
          {
            "address": "['av. Riant-Mont 3']",
            "Nom": "Riant Mont",
            "Métier": "['ag. de sûreté']",
            "Classification": "intermediaire",
            "LigneOriginal": "Cevey-Testaz Eugène, ag. de sûreté,av. Riant-Mont 3.",
            "sheet": "Riant Mont",
            "year": 1923
          },
          {
            "address": "['av. Riant-Mont 3']",
            "Nom": "Riant Mont",
            "Métier": "['vend']",
            "Classification": "proletaire",
            "LigneOriginal": "— Julia, vend., av. Riant-Mont 3.",
            "sheet": "Riant Mont",
            "year": 1923
          },
          {
            "address": "['a. RiantMont 3']",
            "Nom": "Riant Mont",
            "Métier": "['music']",
            "Classification": "intermediaire",
            "LigneOriginal": "Jurioil-Giiignct Marc, music., a. RiantMont 3.",
            "sheet": "Riant Mont",
            "year": 1923
          },
          {
            "address": "['av. Riant-Mont 3']",
            "Nom": "Riant Mont",
            "Métier": "['typo']",
            "Classification": "intermediaire",
            "LigneOriginal": "— Franz, typo, av. Riant-Mont 3.",
            "sheet": "Riant Mont",
            "year": 1923
          },
          {
            "address": "['av. Riant-Mont 3']",
            "Nom": "Riant Mont",
            "Métier": "[]",
            "Classification": "???",
            "LigneOriginal": "Pittet-Chapuis Marie, Vve, av. Riant-Mont 3.",
            "sheet": "Riant Mont",
            "year": 1923
          },
          {
            "address": "['. Riant-Mont 3']",
            "Nom": "Riant Mont",
            "Métier": "['comm. C. F. F,.av']",
            "Classification": "intermediaire",
            "LigneOriginal": "Ramelet-Perret Ch.-F», comm. C. F. F,.av. Riant-Mont 3.",
            "sheet": "Riant Mont",
            "year": 1923
          }
        ],
        "merged_count": 6
      }
    },
    {
      "type": "Feature",
      "geometry": {
        "type": "Point",
        "coordinates": [
          46.52608,
          6.632954
        ]
      },
      "properties": {
        "points": [
          {
            "address": "['av. Riant Mont 1', '.']",
            "Nom": "Riant Mont",
            "Métier": "['domestique']",
            "Classification": "proletaire",
            "LigneOriginal": "Chatelanat-Æsclilimann Suzanne, domestique, av. Riant Mont 1.",
            "sheet": "Riant Mont",
            "year": 1923
          },
          {
            "address": "['av. Riant-Mont 1', '.']",
            "Nom": "Riant Mont",
            "Métier": "['ag. de sûr']",
            "Classification": "intermediaire",
            "LigneOriginal": "Chollet Alexis, ag. de sûr., av. Riant-Mont 1.",
            "sheet": "Riant Mont",
            "year": 1923
          },
          {
            "address": "['av. Riant-Mont 1', '.']",
            "Nom": "Riant Mont",
            "Métier": "['tailleur']",
            "Classification": "proletaire",
            "LigneOriginal": "Lichtcncggcr-Tanner Alois, tailleur,av. Riant-Mont 1.",
            "sheet": "Riant Mont",
            "year": 1923
          },
          {
            "address": "['av. Riant-Mont 1', '.']",
            "Nom": "Riant Mont",
            "Métier": "['employé']",
            "Classification": "intermediaire",
            "LigneOriginal": "Nicod-Æschlhnann Gustave, employé,av. Riant-Mont 1.",
            "sheet": "Riant Mont",
            "year": 1923
          },
          {
            "address": "[',av. Riant-Mont 1. B. Riponne 4.T2709']",
            "Nom": "Riant Mont",
            "Métier": "['archit']",
            "Classification": "élevé",
            "LigneOriginal": "Oulevey-Grandchamp Oscar, archit.,av. Riant-Mont 1. B. Riponne 4.T2709.",
            "sheet": "Riant Mont",
            "year": 1923
          },
          {
            "address": "[',av. Riant-Mont 10', 'Mag.Ale 47']",
            "Nom": "Riant Mont",
            "Métier": "['négoc']",
            "Classification": "proletaire",
            "LigneOriginal": "Stampfli-Wyssbrod Edouard, négoc.,av. Riant-Mont 10. T. 4908. Mag.Ale 47. RT. 2357.",
            "sheet": "Riant Mont",
            "year": 1923
          }
        ],
        "merged_count": 6
      }
    },
    {
      "type": "Feature",
      "geometry": {
        "type": "Point",
        "coordinates": [
          46.525405,
          6.632132
        ]
      },
      "properties": {
        "points": [
          {
            "address": "['av. Riant-Mont 5']",
            "Nom": "Riant Mont",
            "Métier": "['Vve']",
            "Classification": "inactif",
            "LigneOriginal": "D épierraz-Desplands Henriette, Vve,av. Riant-Mont 5. T2563.",
            "sheet": "Riant Mont",
            "year": 1923
          },
          {
            "address": "['av. Riant-Mont 5']",
            "Nom": "Riant Mont",
            "Métier": "['commis']",
            "Classification": "proletaire",
            "LigneOriginal": "Lamunière-Pétroff Jaques, commis,av. Riant-Mont 5. T8351.",
            "sheet": "Riant Mont",
            "year": 1923
          },
          {
            "address": "['av. Riant Mont 5']",
            "Nom": "Riant Mont",
            "Métier": "['Vve']",
            "Classification": "inactif",
            "LigneOriginal": "Richon-Thomas-Brélaz Olympe, Vve,av. Riant Mont 5.",
            "sheet": "Riant Mont",
            "year": 1923
          },
          {
            "address": "['av. RiantMont 5']",
            "Nom": "Riant Mont",
            "Métier": "['empi']",
            "Classification": "intermediaire",
            "LigneOriginal": "Roullly-Bovard Louis, empi., av. RiantMont 5. T4335.",
            "sheet": "Riant Mont",
            "year": 1923
          },
          {
            "address": "['négoc.av. Riant-Mont 5']",
            "Nom": "Riant Mont",
            "Métier": "[]",
            "Classification": "???",
            "LigneOriginal": "Testuz-Maricot Charles-Henri, négoc.av. Riant-Mont 5. T5332.",
            "sheet": "Riant Mont",
            "year": 1923
          },
          {
            "address": "['s.-caiss.B.C.V.,', 'av. Riant-Mont 5']",
            "Nom": "Riant Mont",
            "Métier": "[]",
            "Classification": "???",
            "LigneOriginal": "Thomas-Bataillard Charles, s.-caiss.B.C.V., av. Riant-Mont 5.",
            "sheet": "Riant Mont",
            "year": 1923
          }
        ],
        "merged_count": 6
      }
    },
    {
      "type": "Feature",
      "geometry": {
        "type": "Point",
        "coordinates": [
          46.525837,
          6.631832
        ]
      },
      "properties": {
        "points": [
          {
            "address": "['av. Riant-Mont 7']",
            "Nom": "Riant Mont",
            "Métier": "[]",
            "Classification": "???",
            "LigneOriginal": "Desponds-Clot Mary, Vve, av. Riant-Mont 7.",
            "sheet": "Riant Mont",
            "year": 1923
          },
          {
            "address": "['av. Riant-Mont 7']",
            "Nom": "Riant Mont",
            "Métier": "['cout']",
            "Classification": "proletaire",
            "LigneOriginal": "— Juliette-Blanche, cout., av. Riant-Mont 7.",
            "sheet": "Riant Mont",
            "year": 1923
          },
          {
            "address": "['av. Riant-Mont 7']",
            "Nom": "Riant Mont",
            "Métier": "['imprimeur']",
            "Classification": "proletaire",
            "LigneOriginal": "Moulin-Regamey Henri, imprimeur,av. Riant-Mont 7.",
            "sheet": "Riant Mont",
            "year": 1923
          },
          {
            "address": "['avenue RiantMont 7']",
            "Nom": "Riant Mont",
            "Métier": "[]",
            "Classification": "???",
            "LigneOriginal": "Schmid-Cartens Elise, avenue RiantMont 7.",
            "sheet": "Riant Mont",
            "year": 1923
          }
        ],
        "merged_count": 4
      }
    },
    {
      "type": "Feature",
      "geometry": {
        "type": "Point",
        "coordinates": [
          46.525741,
          6.632107
        ]
      },
      "properties": {
        "points": [
          {
            "address": "['av.Riant Mont 9']",
            "Nom": "Riant Mont",
            "Métier": "['commis']",
            "Classification": "proletaire",
            "LigneOriginal": "Doriot-Chatclain Aurèle, commis, av.Riant Mont 9.",
            "sheet": "Riant Mont",
            "year": 1923
          },
          {
            "address": "['av. Riant-Mont 9']",
            "Nom": "Riant Mont",
            "Métier": "['couturière']",
            "Classification": "proletaire",
            "LigneOriginal": "Roggero-Schafincr Emma, couturière,av. Riant-Mont 9.",
            "sheet": "Riant Mont",
            "year": 1923
          },
          {
            "address": "['GrisCastel, Riant-Mont 9']",
            "Nom": "Riant Mont",
            "Métier": "['juge', 'cant']",
            "Classification": "élevé",
            "LigneOriginal": "Viret-Bersier Oscar, juge cant.. GrisCastel, Riant-Mont 9. T9284.",
            "sheet": "Riant Mont",
            "year": 1923
          }
        ],
        "merged_count": 3
      }
    },
    {
      "type": "Feature",
      "geometry": {
        "type": "Point",
        "coordinates": [
          46.526229,
          6.632014
        ]
      },
      "properties": {
        "points": [
          {
            "address": "['aven.Riant Mont 15']",
            "Nom": "Riant Mont",
            "Métier": "['comptable']",
            "Classification": "intermediaire",
            "LigneOriginal": "Dupuis-Kurz Félix, comptable, aven.Riant Mont 15.",
            "sheet": "Riant Mont",
            "year": 1923
          },
          {
            "address": "['av. Riant-Mont 15']",
            "Nom": "Riant Mont",
            "Métier": "[]",
            "Classification": "???",
            "LigneOriginal": "Dutoit frères, décorât., étalagistes,av. Riant-Mont 15.",
            "sheet": "Riant Mont",
            "year": 1923
          },
          {
            "address": "['RotaryCyclostyle, av. Riant Mont 15']",
            "Nom": "Riant Mont",
            "Métier": "['représent']",
            "Classification": "intermediaire",
            "LigneOriginal": "Frlck-Frey Charles, représent. RotaryCyclostyle, av. Riant Mont 15.",
            "sheet": "Riant Mont",
            "year": 1923
          },
          {
            "address": "['av. Riant-Mont 15']",
            "Nom": "Riant Mont",
            "Métier": "['empi, de banque']",
            "Classification": "intermediaire",
            "LigneOriginal": "Genton-Bron Ernest, empi, de banque,av. Riant-Mont 15.",
            "sheet": "Riant Mont",
            "year": 1923
          },
          {
            "address": "['av. Riant-Mont 15']",
            "Nom": "Riant Mont",
            "Métier": "['g. de laboratoire']",
            "Classification": "proletaire",
            "LigneOriginal": "Giddey-Maillard Robert, g. de laboratoire, av. Riant-Mont 15.",
            "sheet": "Riant Mont",
            "year": 1923
          },
          {
            "address": "[',av. Riant-Mont 15']",
            "Nom": "Riant Mont",
            "Métier": "['mén']",
            "Classification": "inactif",
            "LigneOriginal": "Hirschi-Jeanneret Héléna-Mina, mén.,av. Riant-Mont 15.",
            "sheet": "Riant Mont",
            "year": 1923
          },
          {
            "address": "['av. Riant-Mont 15']",
            "Nom": "Riant Mont",
            "Métier": "[]",
            "Classification": "???",
            "LigneOriginal": "— Flora, av. Riant-Mont 15.",
            "sheet": "Riant Mont",
            "year": 1923
          },
          {
            "address": "['av. Riant-Mont 15']",
            "Nom": "Riant Mont",
            "Métier": "['commis B.C. V']",
            "Classification": "intermediaire",
            "LigneOriginal": "Rouge-Borgeaud Adrien, commis B.C. V.. av. Riant-Mont 15.",
            "sheet": "Riant Mont",
            "year": 1923
          },
          {
            "address": "['Riant Mont 15']",
            "Nom": "Riant Mont",
            "Métier": "['coût']",
            "Classification": "proletaire",
            "LigneOriginal": "Rupp Aloïse, coût.. Riant Mont 15.",
            "sheet": "Riant Mont",
            "year": 1923
          },
          {
            "address": "['av. Riant-Mont 15']",
            "Nom": "Riant Mont",
            "Métier": "['Vve']",
            "Classification": "inactif",
            "LigneOriginal": "Rupp-Stanggassirigcr Appolonie, Vve,av. Riant-Mont 15.",
            "sheet": "Riant Mont",
            "year": 1923
          }
        ],
        "merged_count": 10
      }
    },
    {
      "type": "Feature",
      "geometry": {
        "type": "Point",
        "coordinates": [
          46.525417,
          6.63131
        ]
      },
      "properties": {
        "points": [
          {
            "address": "['av. Riant-Mont 2']",
            "Nom": "Riant Mont",
            "Métier": "['prof, de musique']",
            "Classification": "intermediaire",
            "LigneOriginal": "Forney-Studer Sophie, prof, de musique, av. Riant-Mont 2.",
            "sheet": "Riant Mont",
            "year": 1923
          },
          {
            "address": "['av. Riant-Mont 2']",
            "Nom": "Riant Mont",
            "Métier": "['empi.']",
            "Classification": "proletaire",
            "LigneOriginal": "Golay-Gross Henri, empi., av. Riant-Mont 2.",
            "sheet": "Riant Mont",
            "year": 1923
          },
          {
            "address": "['RiantMont 2']",
            "Nom": "Riant Mont",
            "Métier": "['boulang']",
            "Classification": "proletaire",
            "LigneOriginal": "Liithi-Christcn Jean, boulang.. RiantMont 2. RT4443.",
            "sheet": "Riant Mont",
            "year": 1923
          },
          {
            "address": "['av. Riant-Mont 2']",
            "Nom": "Riant Mont",
            "Métier": "['m. de danse']",
            "Classification": "intermediaire",
            "LigneOriginal": "Rebello-d’Andrad Julia, m. de danse,av. Riant-Mont 2.",
            "sheet": "Riant Mont",
            "year": 1923
          },
          {
            "address": "['aven. Riant-Mont 2']",
            "Nom": "Riant Mont",
            "Métier": "['Vve']",
            "Classification": "inactif",
            "LigneOriginal": "Reber-Demartines, Vve, aven. Riant-Mont 2.",
            "sheet": "Riant Mont",
            "year": 1923
          },
          {
            "address": "['av. Riant Mont 2']",
            "Nom": "Riant Mont",
            "Métier": "['profess']",
            "Classification": "élevé",
            "LigneOriginal": "Schmidhclni-Schwarz Alphonse, profess.. av. Riant Mont 2.",
            "sheet": "Riant Mont",
            "year": 1923
          }
        ],
        "merged_count": 6
      }
    },
    {
      "type": "Feature",
      "geometry": {
        "type": "Point",
        "coordinates": [
          46.524697,
          6.631847
        ]
      },
      "properties": {
        "points": [
          {
            "address": "['av. Riant-Mont 8']",
            "Nom": "Riant Mont",
            "Métier": "['euip']",
            "Classification": "???",
            "LigneOriginal": "Golliez-Smitli Ellen, euip., av. Riant-Mont 8.",
            "sheet": "Riant Mont",
            "year": 1923
          },
          {
            "address": "['av. Riant-Mont 8']",
            "Nom": "Riant Mont",
            "Métier": "['d. de magasin']",
            "Classification": "intermediaire",
            "LigneOriginal": "Landry Blanche-Marguerite, d. de magasin, av. Riant-Mont 8.",
            "sheet": "Riant Mont",
            "year": 1923
          },
          {
            "address": "['av. Riant Mont 8']",
            "Nom": "Riant Mont",
            "Métier": "[]",
            "Classification": "???",
            "LigneOriginal": "— Amélie, av. Riant Mont 8.",
            "sheet": "Riant Mont",
            "year": 1923
          }
        ],
        "merged_count": 3
      }
    },
    {
      "type": "Feature",
      "geometry": {
        "type": "Point",
        "coordinates": [
          46.525641,
          6.632383
        ]
      },
      "properties": {
        "points": [
          {
            "address": "['av. Riant-Mont 11']",
            "Nom": "Riant Mont",
            "Métier": "['instit']",
            "Classification": "élevé",
            "LigneOriginal": "Jaccottet Gabrielle, instit., av. Riant-Mont 11",
            "sheet": "Riant Mont",
            "year": 1923
          },
          {
            "address": "['a. Riant-Mont 11']",
            "Nom": "Riant Mont",
            "Métier": "['inst']",
            "Classification": "élevé",
            "LigneOriginal": "— Marguerite, inst., a. Riant-Mont 11",
            "sheet": "Riant Mont",
            "year": 1923
          },
          {
            "address": "['av. RiantMont 11']",
            "Nom": "Riant Mont",
            "Métier": "[]",
            "Classification": "???",
            "LigneOriginal": "Jaccottet-Chollet Léa-Elise, av. RiantMont 11.",
            "sheet": "Riant Mont",
            "year": 1923
          },
          {
            "address": "['av. Riant-Mont 11']",
            "Nom": "Riant Mont",
            "Métier": "[]",
            "Classification": "???",
            "LigneOriginal": "— Marthe, av. Riant-Mont 11.",
            "sheet": "Riant Mont",
            "year": 1923
          }
        ],
        "merged_count": 4
      }
    },
    {
      "type": "Feature",
      "geometry": {
        "type": "Point",
        "coordinates": [
          46.525542,
          6.633115
        ]
      },
      "properties": {
        "points": [
          {
            "address": "['aven.Riant Mont 11', 'M. Pré-du-Marché 14']",
            "Nom": "Riant Mont",
            "Métier": "['poêlier']",
            "Classification": "proletaire",
            "LigneOriginal": "Moulin-Glrardet Henri, poêlier, aven.Riant Mont 11. T3854. M. Pré-du-Marché 14. T8299.",
            "sheet": "Riant Mont",
            "year": 1923
          }
        ],
        "merged_count": 1
      }
    },
    {
      "type": "Feature",
      "geometry": {
        "type": "Point",
        "coordinates": [
          46.525672,
          6.634735
        ]
      },
      "properties": {
        "points": [
          {
            "address": "['route du Tunnel 10']",
            "Nom": "Route du Tunnel",
            "Métier": "['couturière']",
            "Classification": "proletaire",
            "LigneOriginal": "— Ma rgucrite-EIiee. couturière, route du Tunnel 10.",
            "sheet": "Route du Tunnel",
            "year": 1923
          }
        ],
        "merged_count": 1
      }
    },
    {
      "type": "Feature",
      "geometry": {
        "type": "Point",
        "coordinates": [
          46.526617,
          6.631915
        ]
      },
      "properties": {
        "points": [
          {
            "address": "['rue des Glaciers 6']",
            "Nom": "Rue Des Glaciers",
            "Métier": "[]",
            "Classification": "???",
            "LigneOriginal": "Peter-Ritter Rodolphe, rue des Glaciers 6.",
            "sheet": "Rue Des Glaciers",
            "year": 1923
          }
        ],
        "merged_count": 1
      }
    },
    {
      "type": "Feature",
      "geometry": {
        "type": "Point",
        "coordinates": [
          46.529267,
          6.630775
        ]
      },
      "properties": {
        "points": [
          {
            "address": "[',rue Traversière 1', '.']",
            "Nom": "Rue Traversière",
            "Métier": "['boucher']",
            "Classification": "proletaire",
            "LigneOriginal": "Solenthaler-Muller Emile, boucher,rue Traversière 1.",
            "sheet": "Rue Traversière",
            "year": 1923
          },
          {
            "address": "['rueTraversière 4']",
            "Nom": "Rue Traversière",
            "Métier": "['empi, téléph']",
            "Classification": "intermediaire",
            "LigneOriginal": "Yiret-Serez Emile, empi, téléph., rueTraversière 4.",
            "sheet": "Rue Traversière",
            "year": 1923
          }
        ],
        "merged_count": 2
      }
    },
    {
      "type": "Feature",
      "geometry": {
        "type": "Point",
        "coordinates": [
          46.531089,
          6.630235
        ]
      },
      "properties": {
        "points": [
          {
            "address": "['Beau Signal 1rue des Crêtes']",
            "Nom": "Rue des Crêtes",
            "Métier": "['coutur']",
            "Classification": "proletaire",
            "LigneOriginal": "— Marguerite, coutur., Beau Signal 1rue des Crêtes.",
            "sheet": "Rue des Crêtes",
            "year": 1923
          },
          {
            "address": "['ag. de poi.,villa_ des Crêtes, rue des Crêtes']",
            "Nom": "Rue des Crêtes",
            "Métier": "[]",
            "Classification": "???",
            "LigneOriginal": "Porchet-Penseyres Alfred, ag. de poi.,villa_ des Crêtes, rue des Crêtes.",
            "sheet": "Rue des Crêtes",
            "year": 1923
          },
          {
            "address": "['Beau-Signal 1,rue des Crêtes']",
            "Nom": "Rue des Crêtes",
            "Métier": "['mén']",
            "Classification": "inactif",
            "LigneOriginal": "Roquier Jeanne, mén., Beau-Signal 1,rue des Crêtes.",
            "sheet": "Rue des Crêtes",
            "year": 1923
          },
          {
            "address": "['Les Crêtes A,rue des Crêtes']",
            "Nom": "Rue des Crêtes",
            "Métier": "['taill']",
            "Classification": "proletaire",
            "LigneOriginal": "Spichtig Pauline, taill., Les Crêtes A,rue des Crêtes.",
            "sheet": "Rue des Crêtes",
            "year": 1923
          }
        ],
        "merged_count": 4
      }
    },
    {
      "type": "Feature",
      "geometry": {
        "type": "Point",
        "coordinates": [
          46.524195,
          6.631793
        ]
      },
      "properties": {
        "points": [
          {
            "address": "['rue du Valentin 62 bis']",
            "Nom": "Rue du Valentin",
            "Métier": "[]",
            "Classification": "???",
            "LigneOriginal": "Rausis-Brun Antoinette, rue du Valentin 62 bis.",
            "sheet": "Rue du Valentin",
            "year": 1923
          }
        ],
        "merged_count": 1
      }
    }
  ]
}