{
  "type": "FeatureCollection",
  "features": [
    {
      "type": "Feature",
      "geometry": {
        "type": "Point",
        "coordinates": [
          46.527867,
          6.629118
        ]
      },
      "properties": {
        "points": [
          {
            "address": "['avenueBelles-Roches 2']",
            "Nom": "Avenue Belles Roches",
            "Métier": "['maitresse de piano']",
            "Classification": "intermediaire",
            "LigneOriginal": "— Berthe, maitresse de piano, avenueBelles-Roches 2. T. 24 18 82.",
            "sheet": "Avenue Belles Roches",
            "year": 1951
          },
          {
            "address": "['Belles-Roches 2']",
            "Nom": "Belles Roches",
            "Métier": "['étud']",
            "Classification": "inactif",
            "LigneOriginal": "Haab Philippe, étud.. Belles-Roches 2.",
            "sheet": "Belles Roches",
            "year": 1951
          },
          {
            "address": "['av. Belles-Roches 2']",
            "Nom": "Belles Roches",
            "Métier": "['retr']",
            "Classification": "inactif",
            "LigneOriginal": "— Jeanne, retr., av. Belles-Roches 2.",
            "sheet": "Belles Roches",
            "year": 1951
          }
        ],
        "merged_count": 3
      }
    },
    {
      "type": "Feature",
      "geometry": {
        "type": "Point",
        "coordinates": [
          46.526537,
          6.630647
        ]
      },
      "properties": {
        "points": [
          {
            "address": "['Blanc-Grobéty Adrien', 'av.Vinet 17.', 'avenueDavel 1']",
            "Nom": "Avenue Davel",
            "Métier": "['horticulteur']",
            "Classification": "intermediaire",
            "LigneOriginal": "Blanc-Grobéty Adrien, horticulteur, av.Vinet 17. 'T. 24 75 09. B. avenueDavel 1. T. 24 46 77.",
            "sheet": "Avenue Davel",
            "year": 1951
          }
        ],
        "merged_count": 1
      }
    },
    {
      "type": "Feature",
      "geometry": {
        "type": "Point",
        "coordinates": [
          46.526946,
          6.630252
        ]
      },
      "properties": {
        "points": [
          {
            "address": "['avenueDavel 6']",
            "Nom": "Avenue Davel",
            "Métier": "['Vve']",
            "Classification": "inactif",
            "LigneOriginal": "Couchepin-Closuit Valérie, Vve. avenueDavel 6. T. 2416 44.",
            "sheet": "Avenue Davel",
            "year": 1951
          },
          {
            "address": "['avenue Davel 2.T.']",
            "Nom": "Avenue Davel",
            "Métier": "['chef de servicepolice administr']",
            "Classification": "élevé",
            "LigneOriginal": "Curchod-Taillenz Victor, chef de servicepolice administr.. avenue Davel 2.T. 23 99 56.",
            "sheet": "Avenue Davel",
            "year": 1951
          },
          {
            "address": "['avenue Davel 25.T.', 'At. av. de Menthon 12.T.']",
            "Nom": "Avenue Davel",
            "Métier": "['ébéniste']",
            "Classification": "proletaire",
            "LigneOriginal": "— Victor, ébéniste, avenue Davel 25.T. 24 76 29. At. av. de Menthon 12.T. 22 78 31.",
            "sheet": "Avenue Davel",
            "year": 1951
          },
          {
            "address": "['avenueDavel 6']",
            "Nom": "Avenue Davel",
            "Métier": "['veuve']",
            "Classification": "inactif",
            "LigneOriginal": "Mayor-Diserens Marthe, veuve, avenueDavel 6. T. 24 10 59.",
            "sheet": "Avenue Davel",
            "year": 1951
          },
          {
            "address": "['avenueDavel 3.']",
            "Nom": "Avenue Davel",
            "Métier": "['anc. prof']",
            "Classification": "inactif",
            "LigneOriginal": "Pahud-Sangy Albert, anc. prof., avenueDavel 3. T. 24 61 95,",
            "sheet": "Avenue Davel",
            "year": 1951
          },
          {
            "address": "['avenueDavel 8']",
            "Nom": "Avenue Davel",
            "Métier": "[]",
            "Classification": "???",
            "LigneOriginal": "von der Mühll-Méan Germaine, avenueDavel 8. T. 24 78 24.",
            "sheet": "Avenue Davel",
            "year": 1951
          }
        ],
        "merged_count": 6
      }
    },
    {
      "type": "Feature",
      "geometry": {
        "type": "Point",
        "coordinates": [
          46.527192,
          6.629381
        ]
      },
      "properties": {
        "points": [
          {
            "address": "['avenueDavel 9']",
            "Nom": "Avenue Davel",
            "Métier": "['Vve']",
            "Classification": "inactif",
            "LigneOriginal": "Favre-Périllard Mathilde, Vve, avenueDavel 9. T. 24 11 59.",
            "sheet": "Avenue Davel",
            "year": 1951
          }
        ],
        "merged_count": 1
      }
    },
    {
      "type": "Feature",
      "geometry": {
        "type": "Point",
        "coordinates": [
          46.526758,
          6.630235
        ]
      },
      "properties": {
        "points": [
          {
            "address": "['avenue Davel 3']",
            "Nom": "Avenue Davel",
            "Métier": "['institutrice retraitée']",
            "Classification": "élevé",
            "LigneOriginal": "— Jeanne, institutrice retraitée, avenue Davel 3.",
            "sheet": "Avenue Davel",
            "year": 1951
          }
        ],
        "merged_count": 1
      }
    },
    {
      "type": "Feature",
      "geometry": {
        "type": "Point",
        "coordinates": [
          46.526912,
          6.629943
        ]
      },
      "properties": {
        "points": [
          {
            "address": "['avenueDavel 5']",
            "Nom": "Avenue Davel",
            "Métier": "['prof', '.']",
            "Classification": "élevé",
            "LigneOriginal": "Taverney-Garin Adrien, prof., avenueDavel 5. T. 2414 93",
            "sheet": "Avenue Davel",
            "year": 1951
          }
        ],
        "merged_count": 1
      }
    },
    {
      "type": "Feature",
      "geometry": {
        "type": "Point",
        "coordinates": [
          46.52951,
          6.629015
        ]
      },
      "properties": {
        "points": [
          {
            "address": "['avenueDruey 14']",
            "Nom": "Avenue Druey",
            "Métier": "['Vve']",
            "Classification": "inactif",
            "LigneOriginal": "Bezençon-Coibaz Alice, Vve, avenueDruey 14. T. 241023.",
            "sheet": "Avenue Druey",
            "year": 1951
          }
        ],
        "merged_count": 1
      }
    },
    {
      "type": "Feature",
      "geometry": {
        "type": "Point",
        "coordinates": [
          46.530103,
          6.6279
        ]
      },
      "properties": {
        "points": [
          {
            "address": "['avenue Druey 14. Mag. et Ap. Téléphone 24']",
            "Nom": "Avenue Druey",
            "Métier": "['représentant']",
            "Classification": "intermediaire",
            "LigneOriginal": "Bczençon-Emery Eugène, représentant,avenue Druey 14. Mag. et Ap. Téléphone 24 10 23.",
            "sheet": "Avenue Druey",
            "year": 1951
          },
          {
            "address": "['avenue Druey 26.T. 24']",
            "Nom": "Avenue Druey",
            "Métier": "['conduct, postepremier secours']",
            "Classification": "intermediaire",
            "LigneOriginal": "Fuchs-Lagalisse Charles, conduct, postepremier secours, avenue Druey 26.T. 24 86 71.",
            "sheet": "Avenue Druey",
            "year": 1951
          },
          {
            "address": "['avenue Druey 19.T. 24']",
            "Nom": "Avenue Druey",
            "Métier": "['buraliste']",
            "Classification": "proletaire",
            "LigneOriginal": "— Jeanne, buraliste, avenue Druey 19.T. 24 67 03",
            "sheet": "Avenue Druey",
            "year": 1951
          }
        ],
        "merged_count": 3
      }
    },
    {
      "type": "Feature",
      "geometry": {
        "type": "Point",
        "coordinates": [
          46.529785,
          6.627368
        ]
      },
      "properties": {
        "points": [
          {
            "address": "['avenueDruey 19']",
            "Nom": "Avenue Druey",
            "Métier": "['comptable']",
            "Classification": "intermediaire",
            "LigneOriginal": "Buri-Morel Robert, comptable, avenueDruey 19. T. 24 62 15.",
            "sheet": "Avenue Druey",
            "year": 1951
          }
        ],
        "merged_count": 1
      }
    },
    {
      "type": "Feature",
      "geometry": {
        "type": "Point",
        "coordinates": [
          46.529587,
          6.628696
        ]
      },
      "properties": {
        "points": [
          {
            "address": "['avenueDruey 16']",
            "Nom": "Avenue Druey",
            "Métier": "['Vve']",
            "Classification": "inactif",
            "LigneOriginal": "Buxcel-Monthoux Octavie, Vve, avenueDruey 16.",
            "sheet": "Avenue Druey",
            "year": 1951
          }
        ],
        "merged_count": 1
      }
    },
    {
      "type": "Feature",
      "geometry": {
        "type": "Point",
        "coordinates": [
          46.530205,
          6.628012
        ]
      },
      "properties": {
        "points": [
          {
            "address": "['avenueDruey 26']",
            "Nom": "Avenue Druey",
            "Métier": "['ouvr. de fahr']",
            "Classification": "intermediaire",
            "LigneOriginal": "— Maiguerite. ouvr. de fahr., avenueDruey 26.",
            "sheet": "Avenue Druey",
            "year": 1951
          },
          {
            "address": "['avenueDruey 26']",
            "Nom": "Avenue Druey",
            "Métier": "['Veuve']",
            "Classification": "inactif",
            "LigneOriginal": "Margot-Vauthey Lydie, Veuve, avenueDruey 26.",
            "sheet": "Avenue Druey",
            "year": 1951
          },
          {
            "address": "['avenueDruey 26']",
            "Nom": "Avenue Druey",
            "Métier": "['veuve']",
            "Classification": "inactif",
            "LigneOriginal": "Oberson-Bovet Yvonne, veuve, avenueDruey 26",
            "sheet": "Avenue Druey",
            "year": 1951
          }
        ],
        "merged_count": 3
      }
    },
    {
      "type": "Feature",
      "geometry": {
        "type": "Point",
        "coordinates": [
          46.529607,
          6.627671
        ]
      },
      "properties": {
        "points": [
          {
            "address": "['avenueDruey 17']",
            "Nom": "Avenue Druey",
            "Métier": "['Veuve']",
            "Classification": "inactif",
            "LigneOriginal": "Dnfey-Dufey Hermine, Veuve, avenueDruey 17.",
            "sheet": "Avenue Druey",
            "year": 1951
          },
          {
            "address": "['avenueDruey 17']",
            "Nom": "Avenue Druey",
            "Métier": "[\"prof, d'hygiène\"]",
            "Classification": "élevé",
            "LigneOriginal": "Kraiit Julie, prof, d'hygiène, avenueDruey 17. T. 24 66 05.",
            "sheet": "Avenue Druey",
            "year": 1951
          },
          {
            "address": "['avenueDruey 17']",
            "Nom": "Avenue Druey",
            "Métier": "['empi, de bureau']",
            "Classification": "intermediaire",
            "LigneOriginal": "— Danielle, empi, de bureau, avenueDruey 17.",
            "sheet": "Avenue Druey",
            "year": 1951
          },
          {
            "address": "['avenueDruey 17']",
            "Nom": "Avenue Druey",
            "Métier": "['négoc']",
            "Classification": "proletaire",
            "LigneOriginal": "Schmidt-Stocker Otto, négoc., avenueDruey 17. T. 241019.",
            "sheet": "Avenue Druey",
            "year": 1951
          }
        ],
        "merged_count": 4
      }
    },
    {
      "type": "Feature",
      "geometry": {
        "type": "Point",
        "coordinates": [
          46.529632,
          6.628212
        ]
      },
      "properties": {
        "points": [
          {
            "address": "['avenueDruey 24', 'pass.Jean-Muret 5']",
            "Nom": "Avenue Druey",
            "Métier": "['boucher']",
            "Classification": "proletaire",
            "LigneOriginal": "Gasser-Barras Hans, boucher, avenueDruey 24 a. T. 2416 98. M. pass.Jean-Muret 5. T 22 33 12.",
            "sheet": "Avenue Druey",
            "year": 1951
          },
          {
            "address": "['avenue Druey 19.T.']",
            "Nom": "Avenue Druey",
            "Métier": "['Vve', 'bon-neterie-laines,', 'l’Ale 10.T.']",
            "Classification": "inactif",
            "LigneOriginal": "Girardet-Zimmennann Rosa, Vve, bon-neterie-laines, avenue Druey 19.T. 24 18 63. M. rue de l’Ale 10.T. 22 59 21.",
            "sheet": "Avenue Druey",
            "year": 1951
          },
          {
            "address": "['avenue Druey 9.T. 24 6717']",
            "Nom": "Avenue Druey",
            "Métier": "[]",
            "Classification": "???",
            "LigneOriginal": "Ruegg-Altherr Fanny, avenue Druey 9.T. 24 6717.",
            "sheet": "Avenue Druey",
            "year": 1951
          },
          {
            "address": "['avenue Druey 30.T.']",
            "Nom": "Avenue Druey",
            "Métier": "['comm. dethés et épices']",
            "Classification": "intermediaire",
            "LigneOriginal": "Wegmfiller-Ghapnia Philippe, comm. dethés et épices, avenue Druey 30.T. 2416 56. R. av. Sfe-Luce 10.T. 23 3112.",
            "sheet": "Avenue Druey",
            "year": 1951
          }
        ],
        "merged_count": 4
      }
    },
    {
      "type": "Feature",
      "geometry": {
        "type": "Point",
        "coordinates": [
          46.530303,
          6.628118
        ]
      },
      "properties": {
        "points": [
          {
            "address": "['avenueDruey 28']",
            "Nom": "Avenue Druey",
            "Métier": "['Vve']",
            "Classification": "inactif",
            "LigneOriginal": "Hämmerli-Balmer Emma. Vve. avenueDruey 28.",
            "sheet": "Avenue Druey",
            "year": 1951
          }
        ],
        "merged_count": 1
      }
    },
    {
      "type": "Feature",
      "geometry": {
        "type": "Point",
        "coordinates": [
          46.52947,
          6.628178
        ]
      },
      "properties": {
        "points": [
          {
            "address": "['avenueDruey 15']",
            "Nom": "Avenue Druey",
            "Métier": "['secrét.-comptable,']",
            "Classification": "intermediaire",
            "LigneOriginal": "—• Monique, secrét.-comptable, avenueDruey 15.",
            "sheet": "Avenue Druey",
            "year": 1951
          }
        ],
        "merged_count": 1
      }
    },
    {
      "type": "Feature",
      "geometry": {
        "type": "Point",
        "coordinates": [
          46.528534,
          6.629854
        ]
      },
      "properties": {
        "points": [
          {
            "address": "['avenueDruey 3']",
            "Nom": "Avenue Druey",
            "Métier": "['concierge']",
            "Classification": "proletaire",
            "LigneOriginal": "Pittet-Gret Marcel, concierge, avenueDruey 3.",
            "sheet": "Avenue Druey",
            "year": 1951
          }
        ],
        "merged_count": 1
      }
    },
    {
      "type": "Feature",
      "geometry": {
        "type": "Point",
        "coordinates": [
          46.529716,
          6.628353
        ]
      },
      "properties": {
        "points": [
          {
            "address": "['avenueDruey 18']",
            "Nom": "Avenue Druey",
            "Métier": "['Vve']",
            "Classification": "inactif",
            "LigneOriginal": "Thorel-Matossian Daisy, Vve. avenueDruey 18. T. 24 49 31.",
            "sheet": "Avenue Druey",
            "year": 1951
          }
        ],
        "merged_count": 1
      }
    },
    {
      "type": "Feature",
      "geometry": {
        "type": "Point",
        "coordinates": [
          46.525169,
          6.632633
        ]
      },
      "properties": {
        "points": [
          {
            "address": "['avenue Riant-Mont 5.']",
            "Nom": "Avenue Riant-Mont",
            "Métier": "['fleuriste']",
            "Classification": "proletaire",
            "LigneOriginal": "Bardet Eric, fleuriste, avenue Riant-Mont 5.",
            "sheet": "Avenue Riant-Mont",
            "year": 1951
          },
          {
            "address": "['avenueRiant-Mont 20.']",
            "Nom": "Avenue Riant-Mont",
            "Métier": "['mécan.']",
            "Classification": "intermediaire",
            "LigneOriginal": "Béboux-Bovy Marcel, mécan., avenueRiant-Mont 20. T. 23 90 49.",
            "sheet": "Avenue Riant-Mont",
            "year": 1951
          },
          {
            "address": "['avenueRiant-Mont 21.']",
            "Nom": "Avenue Riant-Mont",
            "Métier": "['Vve']",
            "Classification": "inactif",
            "LigneOriginal": "Berthet-Keithan Christine, Vve, avenueRiant-Mont 21.",
            "sheet": "Avenue Riant-Mont",
            "year": 1951
          },
          {
            "address": "['avenueRiant-Mont 19.']",
            "Nom": "Avenue Riant-Mont",
            "Métier": "['maçon']",
            "Classification": "proletaire",
            "LigneOriginal": "Bianchi-Allaz Marcel, maçon, avenueRiant-Mont 19.",
            "sheet": "Avenue Riant-Mont",
            "year": 1951
          },
          {
            "address": "['avenue Riant-Mont 1.']",
            "Nom": "Avenue Riant-Mont",
            "Métier": "['fourreuse']",
            "Classification": "proletaire",
            "LigneOriginal": "— Antoinette, fourreuse, avenue Riant-Mont 1.",
            "sheet": "Avenue Riant-Mont",
            "year": 1951
          },
          {
            "address": "['avenueRiant-Mont 1.']",
            "Nom": "Avenue Riant-Mont",
            "Métier": "['François', 'tapissier']",
            "Classification": "proletaire",
            "LigneOriginal": "Bigler-Dietz, François, tapissier, avenueRiant-Mont 1.",
            "sheet": "Avenue Riant-Mont",
            "year": 1951
          },
          {
            "address": "['avenue Riant-Mont 13.']",
            "Nom": "Avenue Riant-Mont",
            "Métier": "['coiffeuse']",
            "Classification": "proletaire",
            "LigneOriginal": "— Marguerite, coiffeuse, avenue Riant-Mont 13.",
            "sheet": "Avenue Riant-Mont",
            "year": 1951
          },
          {
            "address": "['avenueRiant-Mont 25.']",
            "Nom": "Avenue Riant-Mont",
            "Métier": "['ébéniste']",
            "Classification": "proletaire",
            "LigneOriginal": "Bouquet-Giorgis Jean, ébéniste, avenueRiant-Mont 25.",
            "sheet": "Avenue Riant-Mont",
            "year": 1951
          },
          {
            "address": "['avenue Riant-Mont 25.']",
            "Nom": "Avenue Riant-Mont",
            "Métier": "['sommelière']",
            "Classification": "intermediaire",
            "LigneOriginal": "Bridy Elise, sommelière, avenue Riant-Mont 25.",
            "sheet": "Avenue Riant-Mont",
            "year": 1951
          },
          {
            "address": "['avenueRiant-Mont 2.']",
            "Nom": "Avenue Riant-Mont",
            "Métier": "['Vve']",
            "Classification": "inactif",
            "LigneOriginal": "Bruppacher-Band Jeanne, Vve, avenueRiant-Mont 2.",
            "sheet": "Avenue Riant-Mont",
            "year": 1951
          },
          {
            "address": "['tvDo. avenueRiant-Mont 16.']",
            "Nom": "Avenue Riant-Mont",
            "Métier": "[]",
            "Classification": "???",
            "LigneOriginal": "Garbonatti-Rouge Pierre, tvDo. avenueRiant-Mont 16. T. 22 ló 86.",
            "sheet": "Avenue Riant-Mont",
            "year": 1951
          },
          {
            "address": "['avenue Riant-Mont 14.']",
            "Nom": "Avenue Riant-Mont",
            "Métier": "['emp. bur']",
            "Classification": "intermediaire",
            "LigneOriginal": "— Solange, emp. bur., avenue Riant-Mont 14.",
            "sheet": "Avenue Riant-Mont",
            "year": 1951
          },
          {
            "address": "['avenueRiant-Mont 20', 'ruede l’Ale 16.']",
            "Nom": "Avenue Riant-Mont",
            "Métier": "['fourreur']",
            "Classification": "proletaire",
            "LigneOriginal": "Conlet-Renand Henri, fourreur, avenueRiant-Mont 20 T. 22 64 57. M. ruede l’Ale 16. T. 23 79 85",
            "sheet": "Avenue Riant-Mont",
            "year": 1951
          },
          {
            "address": "['avenue Riant-Mont 1.']",
            "Nom": "Avenue Riant-Mont",
            "Métier": "[]",
            "Classification": "???",
            "LigneOriginal": "DuboisCuany Edwige, avenue Riant-Mont 1.",
            "sheet": "Avenue Riant-Mont",
            "year": 1951
          },
          {
            "address": "['avenue Riant-Mont 10.']",
            "Nom": "Avenue Riant-Mont",
            "Métier": "[]",
            "Classification": "???",
            "LigneOriginal": "Favre-Blanc Christiane, avenue Riant-Mont 10.",
            "sheet": "Avenue Riant-Mont",
            "year": 1951
          },
          {
            "address": "['avenueRiant-Mont 20.']",
            "Nom": "Avenue Riant-Mont",
            "Métier": "['électr.']",
            "Classification": "intermediaire",
            "LigneOriginal": "Fiaux-Gardel Francis, électr., avenueRiant-Mont 20.",
            "sheet": "Avenue Riant-Mont",
            "year": 1951
          },
          {
            "address": "['avenueRiant-Mont 1.']",
            "Nom": "Avenue Riant-Mont",
            "Métier": "['commerçant']",
            "Classification": "proletaire",
            "LigneOriginal": "Gasparian David, commerçant, avenueRiant-Mont 1.",
            "sheet": "Avenue Riant-Mont",
            "year": 1951
          },
          {
            "address": "['avenueRiant-Mont 10.']",
            "Nom": "Avenue Riant-Mont",
            "Métier": "['Vve']",
            "Classification": "inactif",
            "LigneOriginal": "Imhoff-Bättig Marguerite. Vve. avenueRiant-Mont 10. T. 22 85 74.",
            "sheet": "Avenue Riant-Mont",
            "year": 1951
          },
          {
            "address": "['avenueRiant-Mont 14,']",
            "Nom": "Avenue Riant-Mont",
            "Métier": "['empi, bureau']",
            "Classification": "intermediaire",
            "LigneOriginal": "Klagly Monique, empi, bureau, avenueRiant-Mont 14,",
            "sheet": "Avenue Riant-Mont",
            "year": 1951
          },
          {
            "address": "['avenueRiant-Mont 23.']",
            "Nom": "Avenue Riant-Mont",
            "Métier": "['veuve']",
            "Classification": "inactif",
            "LigneOriginal": "Knffer-Balmer Louise, veuve, avenueRiant-Mont 23.",
            "sheet": "Avenue Riant-Mont",
            "year": 1951
          },
          {
            "address": "['avenue Riant-Mont 11.']",
            "Nom": "Avenue Riant-Mont",
            "Métier": "['représentantassur..', 'Téléphone 22 0212']",
            "Classification": "proletaire",
            "LigneOriginal": "Leconltre-Mathey Albert, représentantassur.. avenue Riant-Mont 11. Téléphone 22 0212.",
            "sheet": "Avenue Riant-Mont",
            "year": 1951
          },
          {
            "address": "['avenueRinnt-Mont 27.']",
            "Nom": "Avenue Riant-Mont",
            "Métier": "['serrurier']",
            "Classification": "intermediaire",
            "LigneOriginal": "Martin-Piaget André, serrurier, avenueRinnt-Mont 27. T. 221767.",
            "sheet": "Avenue Riant-Mont",
            "year": 1951
          },
          {
            "address": "['avenue Riant-Mont 1.']",
            "Nom": "Avenue Riant-Mont",
            "Métier": "['pension']",
            "Classification": "inactif",
            "LigneOriginal": "— Séraphine, pension, avenue Riant-Mont 1.",
            "sheet": "Avenue Riant-Mont",
            "year": 1951
          },
          {
            "address": "['avenueRiant-Mont 8.']",
            "Nom": "Avenue Riant-Mont",
            "Métier": "['hôtelier']",
            "Classification": "proletaire",
            "LigneOriginal": "Pelichet-Bise Fernand, hôtelier, avenueRiant-Mont 8.",
            "sheet": "Avenue Riant-Mont",
            "year": 1951
          },
          {
            "address": "['avenueRiant-Mont 13 T.']",
            "Nom": "Avenue Riant-Mont",
            "Métier": "['entrepr.']",
            "Classification": "intermediaire",
            "LigneOriginal": "Pella-Putallaz Arthur, entrepr., avenueRiant-Mont 13 T. 22 25 57.",
            "sheet": "Avenue Riant-Mont",
            "year": 1951
          },
          {
            "address": "['avenueRiant-Mont 25 T.']",
            "Nom": "Avenue Riant-Mont",
            "Métier": "['mécan.']",
            "Classification": "intermediaire",
            "LigneOriginal": "Penseyres-Saugy René, mécan., avenueRiant-Mont 25 T. 22 5911.",
            "sheet": "Avenue Riant-Mont",
            "year": 1951
          },
          {
            "address": "['avenueRiant-Mont 23.']",
            "Nom": "Avenue Riant-Mont",
            "Métier": "['jardinier']",
            "Classification": "proletaire",
            "LigneOriginal": "Poletti-Marx Erberto, jardinier, avenueRiant-Mont 23.",
            "sheet": "Avenue Riant-Mont",
            "year": 1951
          },
          {
            "address": "['avenue Riant-Mont 14.']",
            "Nom": "Avenue Riant-Mont",
            "Métier": "['téléphoniste']",
            "Classification": "intermediaire",
            "LigneOriginal": "— Jeanne, téléphoniste, avenue Riant-Mont 14. T. 22 28 36.",
            "sheet": "Avenue Riant-Mont",
            "year": 1951
          },
          {
            "address": "['avenue Riant-Mont 23.']",
            "Nom": "Avenue Riant-Mont",
            "Métier": "['infirmière']",
            "Classification": "intermediaire",
            "LigneOriginal": "— Lucie, infirmière, avenue Riant-Mont 23. T. 23 69 82.",
            "sheet": "Avenue Riant-Mont",
            "year": 1951
          },
          {
            "address": "['avenue Riant-Mont 3. At. et Ad']",
            "Nom": "Avenue Riant-Mont",
            "Métier": "['couturière']",
            "Classification": "proletaire",
            "LigneOriginal": "Read Aimée, couturière, avenue Riant-Mont 3. At. et Ad. T. 22 20 92.",
            "sheet": "Avenue Riant-Mont",
            "year": 1951
          },
          {
            "address": "['avenueRiant-Mont 23.']",
            "Nom": "Avenue Riant-Mont",
            "Métier": "['phntogr.']",
            "Classification": "intermediaire",
            "LigneOriginal": "Stettler-Jetzer Ernest, phntogr., avenueRiant-Mont 23. T 23 62 20.",
            "sheet": "Avenue Riant-Mont",
            "year": 1951
          },
          {
            "address": "['avenue Riant-Mont 17.']",
            "Nom": "Avenue Riant-Mont",
            "Métier": "['emp. bur']",
            "Classification": "intermediaire",
            "LigneOriginal": "-— Yvonne, emp. bur.. avenue Riant-Mont 17.",
            "sheet": "Avenue Riant-Mont",
            "year": 1951
          },
          {
            "address": "['avenueRianl-Mont 25.']",
            "Nom": "Avenue Riant-Mont",
            "Métier": "['Vve']",
            "Classification": "inactif",
            "LigneOriginal": "Veigel-Fischer Elisabeth. Vve. avenueRianl-Mont 25. T. 23 90 96.",
            "sheet": "Avenue Riant-Mont",
            "year": 1951
          },
          {
            "address": "['avenueRiant-Mont 27.', 'Atei.Gal. du Commerce 52']",
            "Nom": "Avenue Riant-Mont",
            "Métier": "['bijoutier']",
            "Classification": "intermediaire",
            "LigneOriginal": "Wälti-Besson Ernest, bijoutier, avenueRiant-Mont 27. T. 26 08 98 Atei.Gal. du Commerce 52. T. 26 08 98.",
            "sheet": "Avenue Riant-Mont",
            "year": 1951
          },
          {
            "address": "['av. Riant-Mont 27. Al. Gai.du Commerce 52']",
            "Nom": "Riant Mont",
            "Métier": "['rêpar. de bijouterie']",
            "Classification": "intermediaire",
            "LigneOriginal": "Welti-Besson Ernest, rêpar. de bijouterie, av. Riant-Mont 27. Al. Gai.du Commerce 52. T. 23 44 50.",
            "sheet": "Riant Mont",
            "year": 1951
          }
        ],
        "merged_count": 35
      }
    },
    {
      "type": "Feature",
      "geometry": {
        "type": "Point",
        "coordinates": [
          46.525551,
          6.631354
        ]
      },
      "properties": {
        "points": [
          {
            "address": "['pl. Tunnel-Borde 1', 'App. avenueRiant-Mont 1']",
            "Nom": "Avenue Riant-Mont",
            "Métier": "['débridée']",
            "Classification": "proletaire",
            "LigneOriginal": "Champendal-Muller Alfred, débridée,pl. Tunnel-Borde 1. App. avenueRiant-Mont 1.",
            "sheet": "Avenue Riant-Mont",
            "year": 1951
          }
        ],
        "merged_count": 1
      }
    },
    {
      "type": "Feature",
      "geometry": {
        "type": "Point",
        "coordinates": [
          46.525548,
          6.632704
        ]
      },
      "properties": {
        "points": [
          {
            "address": "['avenue Riant-Mont 9.T. 23']",
            "Nom": "Avenue Riant-Mont",
            "Métier": "['secrét. Trib.de District']",
            "Classification": "intermediaire",
            "LigneOriginal": "Cnrchod-Vnagniaux Paul, secrét. Trib.de District, avenue Riant-Mont 9.T. 23 5187.",
            "sheet": "Avenue Riant-Mont",
            "year": 1951
          },
          {
            "address": "['avenue Riant-Mont 14.T. 23']",
            "Nom": "Avenue Riant-Mont",
            "Métier": "['greffier juge informateur']",
            "Classification": "élevé",
            "LigneOriginal": "Favre-Rochat Emile, greffier juge informateur, avenue Riant-Mont 14.T. 23 52 86",
            "sheet": "Avenue Riant-Mont",
            "year": 1951
          },
          {
            "address": "['avenue Riant-Mont 5.T. 23']",
            "Nom": "Avenue Riant-Mont",
            "Métier": "['dir. Ecole deCommerce,']",
            "Classification": "élevé",
            "LigneOriginal": "Pradervand-Cohn Pierre, dir. Ecole deCommerce, avenue Riant-Mont 5.T. 23 57 30.",
            "sheet": "Avenue Riant-Mont",
            "year": 1951
          },
          {
            "address": "['av. Riant-Mont 23.T. 23']",
            "Nom": "Riant Mont",
            "Métier": "['prof', '.']",
            "Classification": "élevé",
            "LigneOriginal": "— Madeleine, prof., av. Riant-Mont 23.T. 23 92 90.",
            "sheet": "Riant Mont",
            "year": 1951
          },
          {
            "address": "['Ap. Riant-Mont 23.T. 23']",
            "Nom": "Riant Mont",
            "Métier": "['gérant café Ch.-de Bourg']",
            "Classification": "intermediaire",
            "LigneOriginal": "Bieller-Gonella Paolo, gérant café Ch.-de Bourg 3. Ap. Riant-Mont 23.T. 23 47 96.",
            "sheet": "Riant Mont",
            "year": 1951
          },
          {
            "address": "['av. Riant-Mont 16.T. 23']",
            "Nom": "Riant Mont",
            "Métier": "['caissière']",
            "Classification": "proletaire",
            "LigneOriginal": "— Hulda, caissière, av. Riant-Mont 16.T. 23 31 08.",
            "sheet": "Riant Mont",
            "year": 1951
          },
          {
            "address": "['av. Riant-Mont 27. M. et Ap.T 23']",
            "Nom": "Riant Mont",
            "Métier": "['bonneterie']",
            "Classification": "proletaire",
            "LigneOriginal": "Penseyres-Schauenberg Ernest, bonneterie. av. Riant-Mont 27. M. et Ap.T 23 66 87",
            "sheet": "Riant Mont",
            "year": 1951
          },
          {
            "address": "['av. Riant-Mont 9.T. 23']",
            "Nom": "Riant Mont",
            "Métier": "['électricien']",
            "Classification": "intermediaire",
            "LigneOriginal": "— Henri, électricien, av. Riant-Mont 9.T. 23 66 60",
            "sheet": "Riant Mont",
            "year": 1951
          }
        ],
        "merged_count": 8
      }
    },
    {
      "type": "Feature",
      "geometry": {
        "type": "Point",
        "coordinates": [
          46.524697,
          6.631847
        ]
      },
      "properties": {
        "points": [
          {
            "address": "['avenueRiant-Mont 12', 'Cabin.Grand-Pont 8']",
            "Nom": "Avenue Riant-Mont",
            "Métier": "['médecin']",
            "Classification": "élevé",
            "LigneOriginal": "Gardaz-Equey Emile, médecin, avenueRiant-Mont 12. T. 23 58 44. Cabin.Grand-Pont 8. T. 23 58 43.",
            "sheet": "Avenue Riant-Mont",
            "year": 1951
          }
        ],
        "merged_count": 1
      }
    },
    {
      "type": "Feature",
      "geometry": {
        "type": "Point",
        "coordinates": [
          46.52608,
          6.632954
        ]
      },
      "properties": {
        "points": [
          {
            "address": "['avenueRiant-Mont 18. M. rue Neuve 3.T. 22']",
            "Nom": "Avenue Riant-Mont",
            "Métier": "['boucher']",
            "Classification": "proletaire",
            "LigneOriginal": "Jannin-Jaton Henri, boucher, avenueRiant-Mont 18. M. rue Neuve 3.T. 22 31.98.",
            "sheet": "Avenue Riant-Mont",
            "year": 1951
          },
          {
            "address": "['. Riant-Mont 25.']",
            "Nom": "Riant Mont",
            "Métier": "['emp. comm', '.,av']",
            "Classification": "intermediaire",
            "LigneOriginal": "Abegglen-Bocherens Hans, emp. comm.,av. Riant-Mont 25. T. 22 14 32.",
            "sheet": "Riant Mont",
            "year": 1951
          },
          {
            "address": "['av. Riant-Mont 3. At. r. Tour 10.T.']",
            "Nom": "Riant Mont",
            "Métier": "['imprimeur']",
            "Classification": "proletaire",
            "LigneOriginal": "Amaudruz-Pilloud Oscar, imprimeur,av. Riant-Mont 3. At. r. Tour 10.T. 2244 41.",
            "sheet": "Riant Mont",
            "year": 1951
          },
          {
            "address": "['av. Riant-Mont 14.']",
            "Nom": "Riant Mont",
            "Métier": "[]",
            "Classification": "???",
            "LigneOriginal": "Andrnccioli-Menond Nelly, av. Riant-Mont 14.",
            "sheet": "Riant Mont",
            "year": 1951
          },
          {
            "address": "['av. Riant-Mont 23.']",
            "Nom": "Riant Mont",
            "Métier": "['appareilleur']",
            "Classification": "proletaire",
            "LigneOriginal": "Audemars-Liard Gustave, appareilleur,av. Riant-Mont 23.",
            "sheet": "Riant Mont",
            "year": 1951
          },
          {
            "address": "['av. Riant-iMont 20.']",
            "Nom": "Riant Mont",
            "Métier": "['héliograveur']",
            "Classification": "proletaire",
            "LigneOriginal": "Bajnlaz-Saugy Charles, héliograveur,av. Riant-iMont 20.",
            "sheet": "Riant Mont",
            "year": 1951
          },
          {
            "address": "['av. Riant-Mont 16.']",
            "Nom": "Riant Mont",
            "Métier": "['restaurateur']",
            "Classification": "proletaire",
            "LigneOriginal": "Banderet-Mariller Henri, restaurateur,av. Riant-Mont 16.",
            "sheet": "Riant Mont",
            "year": 1951
          },
          {
            "address": "['av Riant-Mont 14.']",
            "Nom": "Riant Mont",
            "Métier": "['gendarme']",
            "Classification": "intermediaire",
            "LigneOriginal": "Bardet-Jaqninet Constant, gendarme,av Riant-Mont 14.",
            "sheet": "Riant Mont",
            "year": 1951
          },
          {
            "address": "['av. Riant-Mont 19.']",
            "Nom": "Riant Mont",
            "Métier": "['Vve']",
            "Classification": "inactif",
            "LigneOriginal": "Bairaz-Vallon Lina, Vve, av. Riant-Mont 19.",
            "sheet": "Riant Mont",
            "year": 1951
          },
          {
            "address": "['av. Riant-Mont 19.']",
            "Nom": "Riant Mont",
            "Métier": "['manœuvre']",
            "Classification": "proletaire",
            "LigneOriginal": "Bandin-Monney François, manœuvre,av. Riant-Mont 19.",
            "sheet": "Riant Mont",
            "year": 1951
          },
          {
            "address": "['av. Riant-Mont 14.']",
            "Nom": "Riant Mont",
            "Métier": "['retraité CFF,']",
            "Classification": "inactif",
            "LigneOriginal": "Bavaud-Bossard Edouard, retraité CFF,av. Riant-Mont 14.",
            "sheet": "Riant Mont",
            "year": 1951
          },
          {
            "address": "[',av. Riant-Mont 21.']",
            "Nom": "Riant Mont",
            "Métier": "['mont, téléph']",
            "Classification": "proletaire",
            "LigneOriginal": "Belet-Ronvenaz André, mont, téléph.,av. Riant-Mont 21.",
            "sheet": "Riant Mont",
            "year": 1951
          },
          {
            "address": "['av. Riant-Mont 14.']",
            "Nom": "Riant Mont",
            "Métier": "['représentant']",
            "Classification": "intermediaire",
            "LigneOriginal": "Berger-Desponds Georges, représentant,av. Riant-Mont 14.",
            "sheet": "Riant Mont",
            "year": 1951
          },
          {
            "address": "['av. Riant-Mont 2.']",
            "Nom": "Riant Mont",
            "Métier": "[]",
            "Classification": "???",
            "LigneOriginal": "— Thêodora. av. Riant-Mont 2.",
            "sheet": "Riant Mont",
            "year": 1951
          },
          {
            "address": "['av. Riant-Mont 27.']",
            "Nom": "Riant Mont",
            "Métier": "['sommelière']",
            "Classification": "intermediaire",
            "LigneOriginal": "Bernath Anna, sommelière, av. Riant-Mont 27.",
            "sheet": "Riant Mont",
            "year": 1951
          },
          {
            "address": "[',av. Riant-Mont 18.']",
            "Nom": "Riant Mont",
            "Métier": "['mécan.-êlectr.']",
            "Classification": "intermediaire",
            "LigneOriginal": "Beroud-Gêrand Robert, mécan.-êlectr.,av. Riant-Mont 18.",
            "sheet": "Riant Mont",
            "year": 1951
          },
          {
            "address": "['av. Riant-Mont 19.']",
            "Nom": "Riant Mont",
            "Métier": "['monteur']",
            "Classification": "proletaire",
            "LigneOriginal": "— Pierre, monteur, av. Riant-Mont 19.",
            "sheet": "Riant Mont",
            "year": 1951
          },
          {
            "address": "['av. Riant-Mont 19.']",
            "Nom": "Riant Mont",
            "Métier": "['serrurier']",
            "Classification": "intermediaire",
            "LigneOriginal": "— Roger, serrurier, av. Riant-Mont 19.",
            "sheet": "Riant Mont",
            "year": 1951
          },
          {
            "address": "['av. Riant-Mont 1.']",
            "Nom": "Riant Mont",
            "Métier": "['étud']",
            "Classification": "inactif",
            "LigneOriginal": "Bonvin Gérard, étud.. av. Riant-Mont 1.",
            "sheet": "Riant Mont",
            "year": 1951
          },
          {
            "address": "[',av. Riant-Mont 21.']",
            "Nom": "Riant Mont",
            "Métier": "['retraité post']",
            "Classification": "inactif",
            "LigneOriginal": "Bomand-Crausaz Albert, retraité post.,av. Riant-Mont 21.",
            "sheet": "Riant Mont",
            "year": 1951
          },
          {
            "address": "['av. Riant-Mont 2.']",
            "Nom": "Riant Mont",
            "Métier": "['maçon']",
            "Classification": "proletaire",
            "LigneOriginal": "Botta-Meazza Natale, maçon, av. Riant-Mont 2.",
            "sheet": "Riant Mont",
            "year": 1951
          },
          {
            "address": "['RiantMont 17.']",
            "Nom": "Riant Mont",
            "Métier": "['cuisinier']",
            "Classification": "proletaire",
            "LigneOriginal": "Bovey-Monnet Marcel, cuisinier, RiantMont 17.",
            "sheet": "Riant Mont",
            "year": 1951
          },
          {
            "address": "['av. Riant-Mont 3.']",
            "Nom": "Riant Mont",
            "Métier": "['man']",
            "Classification": "proletaire",
            "LigneOriginal": "—■ Louis, man., av. Riant-Mont 3.",
            "sheet": "Riant Mont",
            "year": 1951
          },
          {
            "address": "['av. Riant-Mont 14.']",
            "Nom": "Riant Mont",
            "Métier": "[]",
            "Classification": "???",
            "LigneOriginal": "— Claude, av. Riant-Mont 14.",
            "sheet": "Riant Mont",
            "year": 1951
          },
          {
            "address": "[',av. Riant.-Mont 14.']",
            "Nom": "Riant Mont",
            "Métier": "['prof, de gym']",
            "Classification": "intermediaire",
            "LigneOriginal": "Bncher-Gherix Constant, prof, de gym.,av. Riant.-Mont 14. T. 22 59 78.",
            "sheet": "Riant Mont",
            "year": 1951
          },
          {
            "address": "['av. Riant-Mont 4.']",
            "Nom": "Riant Mont",
            "Métier": "[]",
            "Classification": "???",
            "LigneOriginal": "Bulliard Rachel, av. Riant-Mont 4.",
            "sheet": "Riant Mont",
            "year": 1951
          },
          {
            "address": "['av. Riant-Mont 21.']",
            "Nom": "Riant Mont",
            "Métier": "['téléphoniste']",
            "Classification": "intermediaire",
            "LigneOriginal": "— Marguerite, téléphoniste, av. Riant-Mont 21. T. 23 82 12.",
            "sheet": "Riant Mont",
            "year": 1951
          },
          {
            "address": "['RiantMont 1. T.']",
            "Nom": "Riant Mont",
            "Métier": "['empi, de bureau']",
            "Classification": "intermediaire",
            "LigneOriginal": "Caitak Emilie, empi, de bureau, RiantMont 1. T. 22 94 52.",
            "sheet": "Riant Mont",
            "year": 1951
          },
          {
            "address": "['av. Riant-Mont 1.']",
            "Nom": "Riant Mont",
            "Métier": "[]",
            "Classification": "???",
            "LigneOriginal": "— Zanetta institut., av. Riant-Mont 1.",
            "sheet": "Riant Mont",
            "year": 1951
          },
          {
            "address": "['av. de Riant-Mont 4.']",
            "Nom": "Riant Mont",
            "Métier": "['serveuse']",
            "Classification": "proletaire",
            "LigneOriginal": "Caloz Rolande, serveuse, av. de Riant-Mont 4.",
            "sheet": "Riant Mont",
            "year": 1951
          },
          {
            "address": "['av. Riant-Mont 21 T.']",
            "Nom": "Riant Mont",
            "Métier": "['ag. de police']",
            "Classification": "intermediaire",
            "LigneOriginal": "Carrard-Volet Frédéric, ag. de police,av. Riant-Mont 21 T. 2212 87.",
            "sheet": "Riant Mont",
            "year": 1951
          },
          {
            "address": "['av. Riant-Mont 1.']",
            "Nom": "Riant Mont",
            "Métier": "[]",
            "Classification": "???",
            "LigneOriginal": "— Gisèle, av. Riant-Mont 1.",
            "sheet": "Riant Mont",
            "year": 1951
          },
          {
            "address": "['av. Riant-Mont 3.']",
            "Nom": "Riant Mont",
            "Métier": "['empi, postal']",
            "Classification": "proletaire",
            "LigneOriginal": "— Georges, empi, postal, av. Riant-Mont 3.",
            "sheet": "Riant Mont",
            "year": 1951
          },
          {
            "address": "['av. Riant-Mont 14.']",
            "Nom": "Riant Mont",
            "Métier": "['seorét. Département militaire']",
            "Classification": "intermediaire",
            "LigneOriginal": "Chapuis-Hänni Emile, seorét. Département militaire, av. Riant-Mont 14.",
            "sheet": "Riant Mont",
            "year": 1951
          },
          {
            "address": "['av. Riant-Mont 1.']",
            "Nom": "Riant Mont",
            "Métier": "['plàtrier', '-peinlre']",
            "Classification": "proletaire",
            "LigneOriginal": "Charles-Cuany Robert, plàtrier-peinlre,av. Riant-Mont 1.",
            "sheet": "Riant Mont",
            "year": 1951
          },
          {
            "address": "['av. Riant-Mont 21.']",
            "Nom": "Riant Mont",
            "Métier": "['emp. banque']",
            "Classification": "intermediaire",
            "LigneOriginal": "Cheseaux-Sordet Robert, emp. banque,av. Riant-Mont 21. T. 23 50 20.",
            "sheet": "Riant Mont",
            "year": 1951
          },
          {
            "address": "['av. Riant-Mont 19.']",
            "Nom": "Riant Mont",
            "Métier": "['corsetière']",
            "Classification": "proletaire",
            "LigneOriginal": "Cœytanx Claudia, corsetière. av. Riant-Mont 19.",
            "sheet": "Riant Mont",
            "year": 1951
          },
          {
            "address": "['av Riant-Mont 5.']",
            "Nom": "Riant Mont",
            "Métier": "['Vve']",
            "Classification": "inactif",
            "LigneOriginal": "Colin-Reymond Lucie, Vve, av Riant-Mont 5. T. 23 93 13.",
            "sheet": "Riant Mont",
            "year": 1951
          },
          {
            "address": "['av. RiantMont 20.']",
            "Nom": "Riant Mont",
            "Métier": "['typo']",
            "Classification": "intermediaire",
            "LigneOriginal": "Conrad-Gloor Jean, typo, av. RiantMont 20. T. 2218 62.",
            "sheet": "Riant Mont",
            "year": 1951
          },
          {
            "address": "['av. Riant-Mont 14.']",
            "Nom": "Riant Mont",
            "Métier": "['renseignements']",
            "Classification": "proletaire",
            "LigneOriginal": "Cordey-Perrig Henri, renseignements,av. Riant-Mont 14. T. 23 35 45.",
            "sheet": "Riant Mont",
            "year": 1951
          },
          {
            "address": "['av. Riant-Mont 12.']",
            "Nom": "Riant Mont",
            "Métier": "['professeur']",
            "Classification": "élevé",
            "LigneOriginal": "Cordey-Ravessoud Albert, professeur,av. Riant-Mont 12. T. 23 63 59.",
            "sheet": "Riant Mont",
            "year": 1951
          },
          {
            "address": "[',av. Riant-Mont 27.']",
            "Nom": "Riant Mont",
            "Métier": "['empi, bur.']",
            "Classification": "intermediaire",
            "LigneOriginal": "Corthésy-Anderton Georges, empi, bur.,av. Riant-Mont 27.",
            "sheet": "Riant Mont",
            "year": 1951
          },
          {
            "address": "['av. Riant-Mont 20.']",
            "Nom": "Riant Mont",
            "Métier": "['cpl gendarme']",
            "Classification": "intermediaire",
            "LigneOriginal": "Corthésy-Canton Roger, cpl gendarme,av. Riant-Mont 20. T. 22 02 93.",
            "sheet": "Riant Mont",
            "year": 1951
          },
          {
            "address": "['av. Riant-Mont 23.']",
            "Nom": "Riant Mont",
            "Métier": "['cout']",
            "Classification": "proletaire",
            "LigneOriginal": "— Lucie, cout., av. Riant-Mont 23.",
            "sheet": "Riant Mont",
            "year": 1951
          },
          {
            "address": "['av. Riant-Mont 23.']",
            "Nom": "Riant Mont",
            "Métier": "['architecte']",
            "Classification": "élevé",
            "LigneOriginal": "Crochet-Ranvasé William, architecte,av. Riant-Mont 23. T. 23 65 31.",
            "sheet": "Riant Mont",
            "year": 1951
          },
          {
            "address": "['av. Riant-Mont 14.']",
            "Nom": "Riant Mont",
            "Métier": "['électr']",
            "Classification": "intermediaire",
            "LigneOriginal": "—• LoUis, électr., av. Riant-Mont 14.",
            "sheet": "Riant Mont",
            "year": 1951
          },
          {
            "address": "[',av. Riant-Mont 27.']",
            "Nom": "Riant Mont",
            "Métier": "['emp. de bur']",
            "Classification": "intermediaire",
            "LigneOriginal": "Décosterd-Borloz Ernest, emp. de bur.,av. Riant-Mont 27.",
            "sheet": "Riant Mont",
            "year": 1951
          },
          {
            "address": "['. Riant-Mont 18.']",
            "Nom": "Riant Mont",
            "Métier": "[]",
            "Classification": "???",
            "LigneOriginal": "Diemand-Michand Edouard, appareil!.,av. Riant-Mont 18.",
            "sheet": "Riant Mont",
            "year": 1951
          },
          {
            "address": "['av. Riant-Mont 17.']",
            "Nom": "Riant Mont",
            "Métier": "['frigos']",
            "Classification": "proletaire",
            "LigneOriginal": "Dnbi-Magada Albert, frigos, av. Riant-Mont 17. T„ 22 00 56.",
            "sheet": "Riant Mont",
            "year": 1951
          },
          {
            "address": "['av. RiantMont 18.']",
            "Nom": "Riant Mont",
            "Métier": "['institutrice']",
            "Classification": "élevé",
            "LigneOriginal": "Epars Juliette, institutrice, av. RiantMont 18.",
            "sheet": "Riant Mont",
            "year": 1951
          },
          {
            "address": "['av. Riant-Mont 8.']",
            "Nom": "Riant Mont",
            "Métier": "['mécan..']",
            "Classification": "intermediaire",
            "LigneOriginal": "Emi Franz, mécan.. av. Riant-Mont 8.",
            "sheet": "Riant Mont",
            "year": 1951
          },
          {
            "address": "[\"av. Riant-'Mont 25.\"]",
            "Nom": "Riant Mont",
            "Métier": "['agent de police']",
            "Classification": "intermediaire",
            "LigneOriginal": "Fallet-Chapuis Albert, agent de police,av. Riant-'Mont 25. T. 22 01 65.",
            "sheet": "Riant Mont",
            "year": 1951
          },
          {
            "address": "['av. Riant-Mont 1.']",
            "Nom": "Riant Mont",
            "Métier": "['repass.']",
            "Classification": "proletaire",
            "LigneOriginal": "Franchiger Bertha, repass., av. Riant-Mont 1.",
            "sheet": "Riant Mont",
            "year": 1951
          },
          {
            "address": "['av. Riant-Mont 13.']",
            "Nom": "Riant Mont",
            "Métier": "['empi, bur']",
            "Classification": "intermediaire",
            "LigneOriginal": "—• Pia, empi, bur., av. Riant-Mont 13.",
            "sheet": "Riant Mont",
            "year": 1951
          },
          {
            "address": "[',av. Riant-Mont 17.']",
            "Nom": "Riant Mont",
            "Métier": "['assistante pharmac.']",
            "Classification": "intermediaire",
            "LigneOriginal": "Gempeler Marie, assistante pharmac.,av. Riant-Mont 17.",
            "sheet": "Riant Mont",
            "year": 1951
          },
          {
            "address": "['. Riant-Mont 11.']",
            "Nom": "Riant Mont",
            "Métier": "['prof, de chant.av']",
            "Classification": "intermediaire",
            "LigneOriginal": "Genin-Leconltre Georges, prof, de chant.av. Riant-Mont 11. T. 22 0212.",
            "sheet": "Riant Mont",
            "year": 1951
          },
          {
            "address": "['av. Riant-Mont 23.']",
            "Nom": "Riant Mont",
            "Métier": "['étud']",
            "Classification": "inactif",
            "LigneOriginal": "— Michel, étud.. av. Riant-Mont 23.",
            "sheet": "Riant Mont",
            "year": 1951
          },
          {
            "address": "['av. -Riant-Mont 3.']",
            "Nom": "Riant Mont",
            "Métier": "['g. laitier']",
            "Classification": "proletaire",
            "LigneOriginal": "— Ernst, g. laitier, av. -Riant-Mont 3.",
            "sheet": "Riant Mont",
            "year": 1951
          },
          {
            "address": "['av. Riant-Mont 16.']",
            "Nom": "Riant Mont",
            "Métier": "['Vve']",
            "Classification": "inactif",
            "LigneOriginal": "Gétaz-Matthien Emma, Vve. av. Riant-Mont 16.",
            "sheet": "Riant Mont",
            "year": 1951
          },
          {
            "address": "['av. Riant-Mont 15.']",
            "Nom": "Riant Mont",
            "Métier": "[]",
            "Classification": "???",
            "LigneOriginal": "Gloor Berthe, av. Riant-Mont 15.",
            "sheet": "Riant Mont",
            "year": 1951
          },
          {
            "address": "['av. Riant-Mont 16.']",
            "Nom": "Riant Mont",
            "Métier": "['empi, bur.']",
            "Classification": "intermediaire",
            "LigneOriginal": "— Germaine, empi, bur., av. Riant-Mont 16.",
            "sheet": "Riant Mont",
            "year": 1951
          },
          {
            "address": "[',av. Riant-Mont 16.']",
            "Nom": "Riant Mont",
            "Métier": "['cpl gendarm.']",
            "Classification": "intermediaire",
            "LigneOriginal": "Graber-Chantemz André, cpl gendarm.,av. Riant-Mont 16. T. 22 20 39.",
            "sheet": "Riant Mont",
            "year": 1951
          },
          {
            "address": "['av. Riant-Mont 27.']",
            "Nom": "Riant Mont",
            "Métier": "['représentant']",
            "Classification": "intermediaire",
            "LigneOriginal": "Gret-Bachmann William, représentant,av. Riant-Mont 27. T. 2214 77.",
            "sheet": "Riant Mont",
            "year": 1951
          },
          {
            "address": "['av. Riant-Mont 5.']",
            "Nom": "Riant Mont",
            "Métier": "['photograveur']",
            "Classification": "intermediaire",
            "LigneOriginal": "Grober-Sola Christian, photograveur,av. Riant-Mont 5.",
            "sheet": "Riant Mont",
            "year": 1951
          },
          {
            "address": "['av. Riant-Mont 21. Salon rue du Midi 10.T.']",
            "Nom": "Riant Mont",
            "Métier": "['coiffeur']",
            "Classification": "proletaire",
            "LigneOriginal": "Guggenbühl Oscar, coiffeur, av. Riant-Mont 21. Salon rue du Midi 10.T. 23 5612.",
            "sheet": "Riant Mont",
            "year": 1951
          },
          {
            "address": "['représentantav. Riant-Mont 19.']",
            "Nom": "Riant Mont",
            "Métier": "[]",
            "Classification": "???",
            "LigneOriginal": "Guignard-Dubois Edouard, représentantav. Riant-Mont 19. T. 22 5185.",
            "sheet": "Riant Mont",
            "year": 1951
          },
          {
            "address": "['av. Riant-iMont 13.']",
            "Nom": "Riant Mont",
            "Métier": "[]",
            "Classification": "???",
            "LigneOriginal": "— Germaine, av. Riant-iMont 13.",
            "sheet": "Riant Mont",
            "year": 1951
          },
          {
            "address": "[',av. Riant-Mont 1.']",
            "Nom": "Riant Mont",
            "Métier": "['sommel']",
            "Classification": "intermediaire",
            "LigneOriginal": "Hermann-Bochatey Henriette, sommel.,av. Riant-Mont 1.",
            "sheet": "Riant Mont",
            "year": 1951
          },
          {
            "address": "['avenueFraisse 7.', 'Laboratoireav. Riant-Mont 14.']",
            "Nom": "Riant Mont",
            "Métier": "['biscuiterie']",
            "Classification": "intermediaire",
            "LigneOriginal": "Hnmm-Bays Paul, biscuiterie, avenueFraisse 7. T. 26 45 31. Laboratoireav. Riant-Mont 14. T 22 45 09.",
            "sheet": "Riant Mont",
            "year": 1951
          },
          {
            "address": "['av. Riant-Mont 7.']",
            "Nom": "Riant Mont",
            "Métier": "[]",
            "Classification": "???",
            "LigneOriginal": "— Simone, av. Riant-Mont 7.",
            "sheet": "Riant Mont",
            "year": 1951
          },
          {
            "address": "['av. Riant-Mont 7.', 'St-François', 'la Palud 10T.']",
            "Nom": "Riant Mont",
            "Métier": "['charcutier']",
            "Classification": "proletaire",
            "LigneOriginal": "Huser-Rey Edgar, charcutier, av. Riant-Mont 7. T. 22 36 59. Mag. .rue St-François 3. T. 22 36 57. et Café del’Hôtel-de-Ville. ni. de la Palud 10T. 22 36 58.",
            "sheet": "Riant Mont",
            "year": 1951
          },
          {
            "address": "['av. Riant-Mont 10.']",
            "Nom": "Riant Mont",
            "Métier": "['étud']",
            "Classification": "inactif",
            "LigneOriginal": "— Marcel, étud.. av. Riant-Mont 10.",
            "sheet": "Riant Mont",
            "year": 1951
          },
          {
            "address": "[',av. Riant-Mont 25.']",
            "Nom": "Riant Mont",
            "Métier": "['mécanic.']",
            "Classification": "intermediaire",
            "LigneOriginal": "Jeanneret-Peqnegnat Charles, mécanic.,av. Riant-Mont 25.",
            "sheet": "Riant Mont",
            "year": 1951
          },
          {
            "address": "['av. Riant-Mont 15.']",
            "Nom": "Riant Mont",
            "Métier": "['mén.']",
            "Classification": "inactif",
            "LigneOriginal": "— Elisabeth, mén., av. Riant-Mont 15.",
            "sheet": "Riant Mont",
            "year": 1951
          },
          {
            "address": "['av. Riant-Mont 6-']",
            "Nom": "Riant Mont",
            "Métier": "['pension']",
            "Classification": "inactif",
            "LigneOriginal": "Käser-Cottet Louis, pension, av. Riant-Mont 6-8. T. 2296 77.",
            "sheet": "Riant Mont",
            "year": 1951
          },
          {
            "address": "['av. Riant-Mont 10.']",
            "Nom": "Riant Mont",
            "Métier": "['empi, cumin.']",
            "Classification": "intermediaire",
            "LigneOriginal": "Koppel René, empi, cumin., av. Riant-Mont 10.",
            "sheet": "Riant Mont",
            "year": 1951
          },
          {
            "address": "['av. Riant-Mont 2.']",
            "Nom": "Riant Mont",
            "Métier": "['sténo', 'dactylo']",
            "Classification": "proletaire",
            "LigneOriginal": "— Madeleine, sténo-dactylo, av. Riant-Mont 2.",
            "sheet": "Riant Mont",
            "year": 1951
          },
          {
            "address": "['av. Riant-Mont 25.']",
            "Nom": "Riant Mont",
            "Métier": "['exp.-comptable,']",
            "Classification": "élevé",
            "LigneOriginal": "— Johann, exp.-comptable, av. Riant-Mont 25. T. 22 74 46.",
            "sheet": "Riant Mont",
            "year": 1951
          },
          {
            "address": "['av. Riant-Mont 9.']",
            "Nom": "Riant Mont",
            "Métier": "['fonctionnaire']",
            "Classification": "intermediaire",
            "LigneOriginal": "Laurent-Tapis Georges, fonctionnaire,av. Riant-Mont 9.",
            "sheet": "Riant Mont",
            "year": 1951
          },
          {
            "address": "['av. Riant-Mont 20.']",
            "Nom": "Riant Mont",
            "Métier": "['ouvrier deville']",
            "Classification": "intermediaire",
            "LigneOriginal": "Lavanchy-Bolomey Eugène, ouvrier deville, av. Riant-Mont 20.",
            "sheet": "Riant Mont",
            "year": 1951
          },
          {
            "address": "['av. Riant-Mont 17.']",
            "Nom": "Riant Mont",
            "Métier": "['peintre']",
            "Classification": "proletaire",
            "LigneOriginal": "Leconltre-Tommasîni Jean, peintre,av. Riant-Mont 17. T 22 02 29.",
            "sheet": "Riant Mont",
            "year": 1951
          },
          {
            "address": "[',av. Riant-Mont 21.']",
            "Nom": "Riant Mont",
            "Métier": "['métr.-vérificat.']",
            "Classification": "???",
            "LigneOriginal": "Leemann-Levielle Th., métr.-vérificat.,av. Riant-Mont 21. T. 2213 21.",
            "sheet": "Riant Mont",
            "year": 1951
          },
          {
            "address": "['av. Riant-Mont 25.']",
            "Nom": "Riant Mont",
            "Métier": "['représentations']",
            "Classification": "proletaire",
            "LigneOriginal": "— Angèle, représentations, av. Riant-Mont 25. T. 2214 79.",
            "sheet": "Riant Mont",
            "year": 1951
          },
          {
            "address": "[',av. Riant-Mont 4.']",
            "Nom": "Riant Mont",
            "Métier": "['empi, de bur']",
            "Classification": "intermediaire",
            "LigneOriginal": "Lorenz-Chable Alfred, empi, de bur.,av. Riant-Mont 4.",
            "sheet": "Riant Mont",
            "year": 1951
          },
          {
            "address": "['av. Riant-Mont 20.']",
            "Nom": "Riant Mont",
            "Métier": "['polisseur de pianos']",
            "Classification": "proletaire",
            "LigneOriginal": "Maillard-Jaquet René, polisseur de pianos, av. Riant-Mont 20.",
            "sheet": "Riant Mont",
            "year": 1951
          },
          {
            "address": "[',av. Riant-Mont 5.']",
            "Nom": "Riant Mont",
            "Métier": "['électro-technic.']",
            "Classification": "intermediaire",
            "LigneOriginal": "Mange-Grivat Samuel, électro-technic.,av. Riant-Mont 5. T. 23 81 21.",
            "sheet": "Riant Mont",
            "year": 1951
          },
          {
            "address": "['av. Riant-Mont 13.']",
            "Nom": "Riant Mont",
            "Métier": "['veuve']",
            "Classification": "inactif",
            "LigneOriginal": "Margot-Borel Adèle, veuve, av. Riant-Mont 13. T. 22 36 28.",
            "sheet": "Riant Mont",
            "year": 1951
          },
          {
            "address": "['av. Riant-Mont 5.']",
            "Nom": "Riant Mont",
            "Métier": "['vend']",
            "Classification": "proletaire",
            "LigneOriginal": "— Clémence, vend., av. Riant-Mont 5.",
            "sheet": "Riant Mont",
            "year": 1951
          },
          {
            "address": "['av. Riant-Mont 4.']",
            "Nom": "Riant Mont",
            "Métier": "['coiffeur']",
            "Classification": "proletaire",
            "LigneOriginal": "— Georges, coiffeur, av. Riant-Mont 4.",
            "sheet": "Riant Mont",
            "year": 1951
          },
          {
            "address": "['Bussard Fritz', 'av. Riant-Mont 2.']",
            "Nom": "Riant Mont",
            "Métier": "['journalier']",
            "Classification": "proletaire",
            "LigneOriginal": "Mayoï-Chatton-Bussard Fritz, journalier, av. Riant-Mont 2.",
            "sheet": "Riant Mont",
            "year": 1951
          },
          {
            "address": "['av. Riant-Mont 23.']",
            "Nom": "Riant Mont",
            "Métier": "['chef démarcheuse']",
            "Classification": "élevé",
            "LigneOriginal": "Menge-Gay Charlotte, chef démarcheuse, av. Riant-Mont 23. T. 23 77 31.",
            "sheet": "Riant Mont",
            "year": 1951
          },
          {
            "address": "['av. Riant-Mont 5.']",
            "Nom": "Riant Mont",
            "Métier": "['vendeur']",
            "Classification": "proletaire",
            "LigneOriginal": "— Félix, vendeur, av. Riant-Mont 5.",
            "sheet": "Riant Mont",
            "year": 1951
          },
          {
            "address": "['aven. Riant-Mont 2.']",
            "Nom": "Riant Mont",
            "Métier": "['représentant']",
            "Classification": "intermediaire",
            "LigneOriginal": "— Bernard, représentant, aven. Riant-Mont 2.",
            "sheet": "Riant Mont",
            "year": 1951
          },
          {
            "address": "['av. Riant-Mont 11.']",
            "Nom": "Riant Mont",
            "Métier": "['Vve']",
            "Classification": "inactif",
            "LigneOriginal": "Meylan-Hensler Marie, Vve, av. Riant-Mont 11. T. 22 73 73.",
            "sheet": "Riant Mont",
            "year": 1951
          },
          {
            "address": "['av. Riant-Mont 2.']",
            "Nom": "Riant Mont",
            "Métier": "['réparateur', 'deverres']",
            "Classification": "intermediaire",
            "LigneOriginal": "Meylan-Rumo Aymon, réparateur deverres, av. Riant-Mont 2.",
            "sheet": "Riant Mont",
            "year": 1951
          },
          {
            "address": "['av Riant Mont 17.']",
            "Nom": "Riant Mont",
            "Métier": "['chef céramique']",
            "Classification": "élevé",
            "LigneOriginal": "Miniotti-Dubauloz Jean, chef céramique, av Riant Mont 17.",
            "sheet": "Riant Mont",
            "year": 1951
          },
          {
            "address": "['av. Riant-Mont 18.']",
            "Nom": "Riant Mont",
            "Métier": "[]",
            "Classification": "???",
            "LigneOriginal": "Moccand Lina. av. Riant-Mont 18.",
            "sheet": "Riant Mont",
            "year": 1951
          },
          {
            "address": "['av. Riant-Mont 27.']",
            "Nom": "Riant Mont",
            "Métier": "['électricien surautos,']",
            "Classification": "intermediaire",
            "LigneOriginal": "Mombelli-Friedlos Aldo, électricien surautos, av. Riant-Mont 27.",
            "sheet": "Riant Mont",
            "year": 1951
          },
          {
            "address": "[',av. Riant-Mont 18.']",
            "Nom": "Riant Mont",
            "Métier": "['empi, de bur.']",
            "Classification": "intermediaire",
            "LigneOriginal": "Monnard-Beltrami Numa, empi, de bur.,av. Riant-Mont 18. T. 22 02 90.",
            "sheet": "Riant Mont",
            "year": 1951
          },
          {
            "address": "['av. Riant-Mont 9.']",
            "Nom": "Riant Mont",
            "Métier": "['emp. bur']",
            "Classification": "intermediaire",
            "LigneOriginal": "Morlet Albertine, emp. bur., av. Riant-Mont 9. T. 22 62 04.",
            "sheet": "Riant Mont",
            "year": 1951
          },
          {
            "address": "['av. Riant-Mont 9.']",
            "Nom": "Riant Mont",
            "Métier": "['empi, banque']",
            "Classification": "intermediaire",
            "LigneOriginal": "— Marcelle, empi, banque, av. Riant-Mont 9. T. 22 62 04.",
            "sheet": "Riant Mont",
            "year": 1951
          },
          {
            "address": "['av. Riant-Mont 18.']",
            "Nom": "Riant Mont",
            "Métier": "[]",
            "Classification": "???",
            "LigneOriginal": "Moser-Reibel Fritz, tailleur, av. Riant-Mont 18.",
            "sheet": "Riant Mont",
            "year": 1951
          },
          {
            "address": "['av. Riant-Mont 11.']",
            "Nom": "Riant Mont",
            "Métier": "['Vve']",
            "Classification": "inactif",
            "LigneOriginal": "Monlin-Antognini R., Vve, av. Riant-Mont 11. T. 22 38 54.",
            "sheet": "Riant Mont",
            "year": 1951
          },
          {
            "address": "['av. Riant-Mont 4Cab. et Ap.']",
            "Nom": "Riant Mont",
            "Métier": "['Dr', '-', 'méd']",
            "Classification": "élevé",
            "LigneOriginal": "— Marthe, Dr-méd., av. Riant-Mont 4Cab. et Ap. T. 22 62 85.",
            "sheet": "Riant Mont",
            "year": 1951
          },
          {
            "address": "['av. Riant-Mont 7.']",
            "Nom": "Riant Mont",
            "Métier": "['dactylo']",
            "Classification": "proletaire",
            "LigneOriginal": "— Maria, dactylo, av. Riant-Mont 7.",
            "sheet": "Riant Mont",
            "year": 1951
          },
          {
            "address": "['av. Riant-Mont 25.']",
            "Nom": "Riant Mont",
            "Métier": "['étudiante']",
            "Classification": "inactif",
            "LigneOriginal": "Oehrli Jacqueline, étudiante, av. Riant-Mont 25.",
            "sheet": "Riant Mont",
            "year": 1951
          },
          {
            "address": "['av. Riant-Mont 1.']",
            "Nom": "Riant Mont",
            "Métier": "[]",
            "Classification": "???",
            "LigneOriginal": "Onlevey Elise, av. Riant-Mont 1.",
            "sheet": "Riant Mont",
            "year": 1951
          },
          {
            "address": "['av. Riant-Mont 1.T. 23', 'Etude Grand-ChCne 6.T.']",
            "Nom": "Riant Mont",
            "Métier": "['avocat']",
            "Classification": "élevé",
            "LigneOriginal": "— Roland, avocat, av. Riant-Mont 1.T. 23 65 52. Etude Grand-ChCne 6.T. 23 55 51.",
            "sheet": "Riant Mont",
            "year": 1951
          },
          {
            "address": "['av. Riant-Mont 27.']",
            "Nom": "Riant Mont",
            "Métier": "['emp. bur']",
            "Classification": "intermediaire",
            "LigneOriginal": "Pages-Borel Roger, emp. bur.. av. Riant-Mont 27.",
            "sheet": "Riant Mont",
            "year": 1951
          },
          {
            "address": "['. Riant-Mont 19.']",
            "Nom": "Riant Mont",
            "Métier": "['serrurier S. I.,av']",
            "Classification": "proletaire",
            "LigneOriginal": "Pahud-Pasche Aimé, serrurier S. I.,av. Riant-Mont 19. T. 22 38 37.",
            "sheet": "Riant Mont",
            "year": 1951
          },
          {
            "address": "['av. Riant-Mont 17.']",
            "Nom": "Riant Mont",
            "Métier": "['sommelier']",
            "Classification": "intermediaire",
            "LigneOriginal": "— Jean-Pierre, sommelier, av. Riant-Mont 17.",
            "sheet": "Riant Mont",
            "year": 1951
          },
          {
            "address": "['av. Riant-Mont 15.']",
            "Nom": "Riant Mont",
            "Métier": "[]",
            "Classification": "???",
            "LigneOriginal": "— Remo, av. Riant-Mont 15.",
            "sheet": "Riant Mont",
            "year": 1951
          },
          {
            "address": "['av. Riant-Mont 15.']",
            "Nom": "Riant Mont",
            "Métier": "['entrepreneur']",
            "Classification": "intermediaire",
            "LigneOriginal": "Pella & Fils, entrepreneur, av. Riant-Mont 15. T. 22 25 57.",
            "sheet": "Riant Mont",
            "year": 1951
          },
          {
            "address": "['av. Riant-Mont 27.']",
            "Nom": "Riant Mont",
            "Métier": "['confiseur']",
            "Classification": "proletaire",
            "LigneOriginal": "Phenlpin-Marina Raymond, / confiseur,av. Riant-Mont 27.",
            "sheet": "Riant Mont",
            "year": 1951
          },
          {
            "address": "['av. Riant-Mont 14.']",
            "Nom": "Riant Mont",
            "Métier": "['fondé pouvoir,']",
            "Classification": "???",
            "LigneOriginal": "Pilliod-Vemand Marcel, fondé pouvoir,av. Riant-Mont 14. T. 22 68 57.",
            "sheet": "Riant Mont",
            "year": 1951
          },
          {
            "address": "['av. Riant-Mont 21.']",
            "Nom": "Riant Mont",
            "Métier": "['veuve']",
            "Classification": "inactif",
            "LigneOriginal": "Porret-Cachin Louisa, veuve, av. Riant-Mont 21. T. 23 9106",
            "sheet": "Riant Mont",
            "year": 1951
          },
          {
            "address": "['aven. Riant-Mont 16T 23', 'rue Mauborget 12.T.']",
            "Nom": "Riant Mont",
            "Métier": "['agent générald’assurances']",
            "Classification": "intermediaire",
            "LigneOriginal": "Potterat-Wittwer Max, agent générald’assurances, aven. Riant-Mont 16T 23 67 78. B. rue Mauborget 12.T. 23 67 77.",
            "sheet": "Riant Mont",
            "year": 1951
          },
          {
            "address": "[',av. Riant-Mont 19.']",
            "Nom": "Riant Mont",
            "Métier": "['empi, de comm']",
            "Classification": "proletaire",
            "LigneOriginal": "Prahin-Pitton Marcel, empi, de comm.,av. Riant-Mont 19.",
            "sheet": "Riant Mont",
            "year": 1951
          },
          {
            "address": "['av. Riant-Mont 3.']",
            "Nom": "Riant Mont",
            "Métier": "[]",
            "Classification": "???",
            "LigneOriginal": "Prenleloup Claire, av. Riant-Mont 3.",
            "sheet": "Riant Mont",
            "year": 1951
          },
          {
            "address": "['gypsier-peinlre.av. Riant-Mont 16.']",
            "Nom": "Riant Mont",
            "Métier": "[]",
            "Classification": "???",
            "LigneOriginal": "Rapo-Pillonel Joseph, gypsier-peinlre.av. Riant-Mont 16.",
            "sheet": "Riant Mont",
            "year": 1951
          },
          {
            "address": "['av. Riant-Mont 15.']",
            "Nom": "Riant Mont",
            "Métier": "['sténo', 'dactylo']",
            "Classification": "proletaire",
            "LigneOriginal": "— Françoise, sténo-dactylo, av. Riant-Mont 15.",
            "sheet": "Riant Mont",
            "year": 1951
          },
          {
            "address": "['av. Riant-Mont 16.']",
            "Nom": "Riant Mont",
            "Métier": "['ouvrier deville']",
            "Classification": "intermediaire",
            "LigneOriginal": "Regamey-Progin François, ouvrier deville, av. Riant-Mont 16.",
            "sheet": "Riant Mont",
            "year": 1951
          },
          {
            "address": "['av. Riant-Mont 10.']",
            "Nom": "Riant Mont",
            "Métier": "[]",
            "Classification": "???",
            "LigneOriginal": "Reisser Lotti, av. Riant-Mont 10.",
            "sheet": "Riant Mont",
            "year": 1951
          },
          {
            "address": "[',av. Riant-Mont 14.']",
            "Nom": "Riant Mont",
            "Métier": "['mont, électr']",
            "Classification": "proletaire",
            "LigneOriginal": "Rieder-Dessauges Marcel, mont, électr.,av. Riant-Mont 14.",
            "sheet": "Riant Mont",
            "year": 1951
          },
          {
            "address": "['av. Riant-Mont 1.']",
            "Nom": "Riant Mont",
            "Métier": "['sténo-dactvlo']",
            "Classification": "intermediaire",
            "LigneOriginal": "— Suzanne, sténo-dactvlo. av. Riant-Mont 1.",
            "sheet": "Riant Mont",
            "year": 1951
          },
          {
            "address": "['avenu ■Riant-Mont 27.']",
            "Nom": "Riant Mont",
            "Métier": "['monteur']",
            "Classification": "proletaire",
            "LigneOriginal": "Rochat-Probst Aimé, monteur, avenu ■Riant-Mont 27.",
            "sheet": "Riant Mont",
            "year": 1951
          },
          {
            "address": "['av. Riant-Mont 13.']",
            "Nom": "Riant Mont",
            "Métier": "['collaborât.']",
            "Classification": "???",
            "LigneOriginal": "Roland Marie, collaborât., av. Riant-Mont 13.",
            "sheet": "Riant Mont",
            "year": 1951
          },
          {
            "address": "[',av Rian-tMont 27.']",
            "Nom": "Riant Mont",
            "Métier": "['empi, banq']",
            "Classification": "intermediaire",
            "LigneOriginal": "Romani-Humblet Santino, empi, banq.,av Rian-tMont 27. T. 23 00 27,",
            "sheet": "Riant Mont",
            "year": 1951
          },
          {
            "address": "['av. Riant-Mont 17.']",
            "Nom": "Riant Mont",
            "Métier": "['man']",
            "Classification": "proletaire",
            "LigneOriginal": "Rotzer-Häfeli Oscar, man., av. Riant-Mont 17.",
            "sheet": "Riant Mont",
            "year": 1951
          },
          {
            "address": "['Eplattenier Marcel', 'av. Riant-Mont 2.']",
            "Nom": "Riant Mont",
            "Métier": "['photograveur']",
            "Classification": "intermediaire",
            "LigneOriginal": "Ruchet-L'Eplattenier Marcel, photograveur, av. Riant-Mont 2.",
            "sheet": "Riant Mont",
            "year": 1951
          },
          {
            "address": "['av. Riant-Mont 4.']",
            "Nom": "Riant Mont",
            "Métier": "['évangéliste']",
            "Classification": "intermediaire",
            "LigneOriginal": "Rnchon-Robert François, évangéliste,av. Riant-Mont 4. T. 22 28 95.",
            "sheet": "Riant Mont",
            "year": 1951
          },
          {
            "address": "['av de Riant-Mont 20.']",
            "Nom": "Riant Mont",
            "Métier": "[]",
            "Classification": "???",
            "LigneOriginal": "Ruckstuhl-Bresset Elise, av de Riant-Mont 20.",
            "sheet": "Riant Mont",
            "year": 1951
          },
          {
            "address": "['av Riant-Mont 27.']",
            "Nom": "Riant Mont",
            "Métier": "['autos d’occasion']",
            "Classification": "intermediaire",
            "LigneOriginal": "Ryser-Margot César, autos d’occasion,av Riant-Mont 27. T. 23 4613.",
            "sheet": "Riant Mont",
            "year": 1951
          },
          {
            "address": "['représentant.av. Riant-Mont 27.']",
            "Nom": "Riant Mont",
            "Métier": "[]",
            "Classification": "???",
            "LigneOriginal": "Salvade-Boschiero Carlo, représentant.av. Riant-Mont 27. T. 23 78 90.",
            "sheet": "Riant Mont",
            "year": 1951
          },
          {
            "address": "['av. Riant-Mont 16.']",
            "Nom": "Riant Mont",
            "Métier": "['brig, de police']",
            "Classification": "intermediaire",
            "LigneOriginal": "Salvisberg-Bays Oscar, brig, de police,av. Riant-Mont 16.",
            "sheet": "Riant Mont",
            "year": 1951
          },
          {
            "address": "['av. Riant-Mont 19. Bur', 'at. av. Ouchy 19T.']",
            "Nom": "Riant Mont",
            "Métier": "['technicien']",
            "Classification": "intermediaire",
            "LigneOriginal": "Sambnc Edmond, technicien, av. Riant-Mont 19. Bur. et at. av. Ouchy 19T. 23 47 93.",
            "sheet": "Riant Mont",
            "year": 1951
          },
          {
            "address": "['av. Riant-Mont 19.']",
            "Nom": "Riant Mont",
            "Métier": "[]",
            "Classification": "???",
            "LigneOriginal": "— Marguerite, av. Riant-Mont 19.",
            "sheet": "Riant Mont",
            "year": 1951
          },
          {
            "address": "['av. Riant-Mont 25.']",
            "Nom": "Riant Mont",
            "Métier": "['héliographe']",
            "Classification": "proletaire",
            "LigneOriginal": "Schneider-Thnillard Georges, héliographe, av. Riant-Mont 25.",
            "sheet": "Riant Mont",
            "year": 1951
          },
          {
            "address": "['av. Riant-Mont 25.']",
            "Nom": "Riant Mont",
            "Métier": "['musicien']",
            "Classification": "intermediaire",
            "LigneOriginal": "Stemmer Romain, musicien, av. Riant-Mont 25. T. 23 98 29.",
            "sheet": "Riant Mont",
            "year": 1951
          },
          {
            "address": "['av. Riant-iMont 2.']",
            "Nom": "Riant Mont",
            "Métier": "['peintre']",
            "Classification": "proletaire",
            "LigneOriginal": "Stoller Jean-Louis, peintre, av. Riant-iMont 2.",
            "sheet": "Riant Mont",
            "year": 1951
          },
          {
            "address": "['av. Riant-Mont 21.']",
            "Nom": "Riant Mont",
            "Métier": "['Vve']",
            "Classification": "inactif",
            "LigneOriginal": "Strenli-Secretan Mina, Vve, av. Riant-Mont 21. T. 23 39 95.",
            "sheet": "Riant Mont",
            "year": 1951
          },
          {
            "address": "['av. Riant-Mont 13.']",
            "Nom": "Riant Mont",
            "Métier": "['secrét. Dirdes Ecoles']",
            "Classification": "intermediaire",
            "LigneOriginal": "Thuillard-Blanc Charles, secrét. Dirdes Ecoles, av. Riant-Mont 13.",
            "sheet": "Riant Mont",
            "year": 1951
          },
          {
            "address": "['av. Riant-Mont 19.']",
            "Nom": "Riant Mont",
            "Métier": "['dessinat.-archit,']",
            "Classification": "intermediaire",
            "LigneOriginal": "Tripet-Affolter André, dessinat.-archit,av. Riant-Mont 19. T. 23 66 63.",
            "sheet": "Riant Mont",
            "year": 1951
          },
          {
            "address": "['av. Riant-Mont 7.']",
            "Nom": "Riant Mont",
            "Métier": "['étud']",
            "Classification": "inactif",
            "LigneOriginal": "— Henri, étud., av. Riant-Mont 7.",
            "sheet": "Riant Mont",
            "year": 1951
          },
          {
            "address": "['av. Riant-Mont 7.']",
            "Nom": "Riant Mont",
            "Métier": "['étud']",
            "Classification": "inactif",
            "LigneOriginal": "— Lisette, étud., av. Riant-Mont 7.",
            "sheet": "Riant Mont",
            "year": 1951
          },
          {
            "address": "['av. Riant-Mont 15.']",
            "Nom": "Riant Mont",
            "Métier": "['exp.-comp-table']",
            "Classification": "élevé",
            "LigneOriginal": "Uehlinger-Schneebeli Alb., exp.-comp-table, av. Riant-Mont 15.",
            "sheet": "Riant Mont",
            "year": 1951
          },
          {
            "address": "['av. Riant-Mont 18.']",
            "Nom": "Riant Mont",
            "Métier": "['représentant']",
            "Classification": "intermediaire",
            "LigneOriginal": "Voutat-Chabloz Georges, représentant,av. Riant-Mont 18. T. 22 50 71.",
            "sheet": "Riant Mont",
            "year": 1951
          },
          {
            "address": "['av. Riant-Mont 1.']",
            "Nom": "Riant Mont",
            "Métier": "['boulanger']",
            "Classification": "proletaire",
            "LigneOriginal": "Wasmer Adolf, boulanger, av. Riant-Mont 1.",
            "sheet": "Riant Mont",
            "year": 1951
          },
          {
            "address": "['av. Riant-Mont 4.']",
            "Nom": "Riant Mont",
            "Métier": "['agent d’as-sur']",
            "Classification": "intermediaire",
            "LigneOriginal": "de Weck-Delmotte Albert, agent d’as-sur.. av. Riant-Mont 4. T. 23 57 86.",
            "sheet": "Riant Mont",
            "year": 1951
          },
          {
            "address": "['av. Riant-Mont 1.']",
            "Nom": "Riant Mont",
            "Métier": "[]",
            "Classification": "???",
            "LigneOriginal": "— Yvonne, av. Riant-Mont 1.",
            "sheet": "Riant Mont",
            "year": 1951
          },
          {
            "address": "['av. Riant-Mont 1 T.']",
            "Nom": "Riant Mont",
            "Métier": "['chauff. d’auto']",
            "Classification": "proletaire",
            "LigneOriginal": "Zurich-Bays Auguste, chauff. d’auto,av. Riant-Mont 1 T. 23 68 00.",
            "sheet": "Riant Mont",
            "year": 1951
          }
        ],
        "merged_count": 151
      }
    },
    {
      "type": "Feature",
      "geometry": {
        "type": "Point",
        "coordinates": [
          46.525814,
          6.633316
        ]
      },
      "properties": {
        "points": [
          {
            "address": "['avenueRiant-iMont 16']",
            "Nom": "Avenue Riant-Mont",
            "Métier": "['empi, de commerce']",
            "Classification": "intermediaire",
            "LigneOriginal": "— Violette, empi, de commerce, avenueRiant-iMont 16. T. 23 78 97.",
            "sheet": "Avenue Riant-Mont",
            "year": 1951
          },
          {
            "address": "['av. Riant-Mont 25.', 'M.rue Madeleine 16']",
            "Nom": "Riant Mont",
            "Métier": "['cafés et thés']",
            "Classification": "proletaire",
            "LigneOriginal": "OehilUCnénond Georges, cafés et thés,av. Riant-Mont 25. T. 23 61 44. M.rue Madeleine 16. T. 2361 43.",
            "sheet": "Riant Mont",
            "year": 1951
          }
        ],
        "merged_count": 2
      }
    },
    {
      "type": "Feature",
      "geometry": {
        "type": "Point",
        "coordinates": [
          46.531534,
          6.62951
        ]
      },
      "properties": {
        "points": [
          {
            "address": "['avenue des Oiseaux 10.T.']",
            "Nom": "Avenue des Oiseaux",
            "Métier": "['serg.-maj. sap.-pompiers,']",
            "Classification": "proletaire",
            "LigneOriginal": "Band-Monachon Albert, serg.-maj. sap.-pompiers, avenue des Oiseaux 10.T. 24 41 77.",
            "sheet": "Avenue des Oiseaux",
            "year": 1951
          },
          {
            "address": "['avenue des Oiseaux 19']",
            "Nom": "Avenue des Oiseaux",
            "Métier": "[]",
            "Classification": "???",
            "LigneOriginal": "Martin-Benoit Berthe, avenue des Oiseaux 19.",
            "sheet": "Avenue des Oiseaux",
            "year": 1951
          }
        ],
        "merged_count": 2
      }
    },
    {
      "type": "Feature",
      "geometry": {
        "type": "Point",
        "coordinates": [
          46.531715,
          6.629328
        ]
      },
      "properties": {
        "points": [
          {
            "address": "['avenue des Oiseaux 5']",
            "Nom": "Avenue des Oiseaux",
            "Métier": "['représentant']",
            "Classification": "intermediaire",
            "LigneOriginal": "Blnmenstein-Bélaz Fritz, représentant,avenue des Oiseaux 5.",
            "sheet": "Avenue des Oiseaux",
            "year": 1951
          }
        ],
        "merged_count": 1
      }
    },
    {
      "type": "Feature",
      "geometry": {
        "type": "Point",
        "coordinates": [
          46.531926,
          6.628884
        ]
      },
      "properties": {
        "points": [
          {
            "address": "['avenue des Oiseaux 7']",
            "Nom": "Avenue des Oiseaux",
            "Métier": "['peintre']",
            "Classification": "proletaire",
            "LigneOriginal": "Dalgas Pierre, peintre, avenue des Oiseaux 7.",
            "sheet": "Avenue des Oiseaux",
            "year": 1951
          }
        ],
        "merged_count": 1
      }
    },
    {
      "type": "Feature",
      "geometry": {
        "type": "Point",
        "coordinates": [
          46.531948,
          6.629248
        ]
      },
      "properties": {
        "points": [
          {
            "address": "['avenue des Oiseaux 9']",
            "Nom": "Avenue des Oiseaux",
            "Métier": "['jardinier']",
            "Classification": "proletaire",
            "LigneOriginal": "Gentizon-Richter Aimé, jardinier, avenue des Oiseaux 9.",
            "sheet": "Avenue des Oiseaux",
            "year": 1951
          }
        ],
        "merged_count": 1
      }
    },
    {
      "type": "Feature",
      "geometry": {
        "type": "Point",
        "coordinates": [
          46.531465,
          6.629301
        ]
      },
      "properties": {
        "points": [
          {
            "address": "['avenue des Oiseaux 1']",
            "Nom": "Avenue des Oiseaux",
            "Métier": "['menuisier']",
            "Classification": "proletaire",
            "LigneOriginal": "—• Robert, menuisier, avenue des Oiseaux 1.",
            "sheet": "Avenue des Oiseaux",
            "year": 1951
          }
        ],
        "merged_count": 1
      }
    },
    {
      "type": "Feature",
      "geometry": {
        "type": "Point",
        "coordinates": [
          46.530825,
          6.628
        ]
      },
      "properties": {
        "points": [
          {
            "address": "['avenue du Mont-Blanc 6']",
            "Nom": "Avenue du Mont-Blanc",
            "Métier": "['vêtements detravail']",
            "Classification": "proletaire",
            "LigneOriginal": "Wäfler-Muller Walther, vêtements detravail, avenue du Mont-Blanc 6.. T. 24 74 83",
            "sheet": "Avenue du Mont-Blanc",
            "year": 1951
          }
        ],
        "merged_count": 1
      }
    },
    {
      "type": "Feature",
      "geometry": {
        "type": "Point",
        "coordinates": [
          46.527975,
          6.628901
        ]
      },
      "properties": {
        "points": [
          {
            "address": "['av. des Belles-Roches 4']",
            "Nom": "Belles Roches",
            "Métier": "['Vve']",
            "Classification": "inactif",
            "LigneOriginal": "Bridel-Gonin Marie, Vve, av. des Belles-Roches 4. T. 2417 70.",
            "sheet": "Belles Roches",
            "year": 1951
          },
          {
            "address": "['av. Belle-Roches 4']",
            "Nom": "Belles Roches",
            "Métier": "[]",
            "Classification": "???",
            "LigneOriginal": "— Olivier, av. Belle-Roches 4.",
            "sheet": "Belles Roches",
            "year": 1951
          },
          {
            "address": "['av.des Belles-Roches 4']",
            "Nom": "Belles Roches",
            "Métier": "['technicien']",
            "Classification": "intermediaire",
            "LigneOriginal": "Gonin-Gaulis Edouard, technicien, av.des Belles-Roches 4. T. 24 1416.",
            "sheet": "Belles Roches",
            "year": 1951
          },
          {
            "address": "['Belles-Roches 4']",
            "Nom": "Belles Roches",
            "Métier": "[]",
            "Classification": "???",
            "LigneOriginal": "de Vargas y Verrey Georgina, Belles-Roches 4.",
            "sheet": "Belles Roches",
            "year": 1951
          },
          {
            "address": "['av.Belles-Roches 4']",
            "Nom": "Belles-Roches",
            "Métier": "['étudiant']",
            "Classification": "inactif",
            "LigneOriginal": "Bridel-Friedhoff Georges, étudiant, av.Belles-Roches 4.",
            "sheet": "Belles-Roches",
            "year": 1951
          }
        ],
        "merged_count": 5
      }
    },
    {
      "type": "Feature",
      "geometry": {
        "type": "Point",
        "coordinates": [
          46.527918,
          6.629012
        ]
      },
      "properties": {
        "points": [
          {
            "address": "['Coune Berthe', 'av. des Belles-Roches 3']",
            "Nom": "Belles Roches",
            "Métier": "['Vve']",
            "Classification": "inactif",
            "LigneOriginal": "Demiéville-Favrod-Coune Berthe, Vve,av. des Belles-Roches 3.",
            "sheet": "Belles Roches",
            "year": 1951
          },
          {
            "address": "[\",av. Bellès-'Roches 3\"]",
            "Nom": "Belles-Roches",
            "Métier": "['emp. comm']",
            "Classification": "proletaire",
            "LigneOriginal": "Ribas-Demiéville Charles, emp. comm.,av. Bellès-'Roches 3. T. 24 43 96.",
            "sheet": "Belles-Roches",
            "year": 1951
          },
          {
            "address": "['av.Belles-Roches 3']",
            "Nom": "Belles-Roches",
            "Métier": "['pasteur']",
            "Classification": "proletaire",
            "LigneOriginal": "Vermeil-Reymond Daniel, pasteur, av.Belles-Roches 3. T. 24 66 68.",
            "sheet": "Belles-Roches",
            "year": 1951
          }
        ],
        "merged_count": 3
      }
    },
    {
      "type": "Feature",
      "geometry": {
        "type": "Point",
        "coordinates": [
          46.528148,
          6.628948
        ]
      },
      "properties": {
        "points": [
          {
            "address": "['Belles-Roches B. av.Jomini']",
            "Nom": "Belles Roches",
            "Métier": "['étud']",
            "Classification": "inactif",
            "LigneOriginal": "— Pierre, étud., Belles-Roches B. av.Jomini.",
            "sheet": "Belles Roches",
            "year": 1951
          },
          {
            "address": "['avBelles-Roches 3', 'r. Pichard 11.T.']",
            "Nom": "Belles-Roches",
            "Métier": "['pharmacien']",
            "Classification": "élevé",
            "LigneOriginal": "Conod-Bornèqne Victor, pharmacien, avBelles-Roches 3. M. r. Pichard 11.T. 22 75 04.",
            "sheet": "Belles-Roches",
            "year": 1951
          },
          {
            "address": "['av.Belles-Roches 5', 'Mag.rue Haldimand 14']",
            "Nom": "Belles-Roches",
            "Métier": "['pharmacien']",
            "Classification": "élevé",
            "LigneOriginal": "Kramer-Nabholz Paul, pharmacien, av.Belles-Roches 5. T 24 60 32. Mag.rue Haldimand 14. T. 22 86 35.",
            "sheet": "Belles-Roches",
            "year": 1951
          }
        ],
        "merged_count": 3
      }
    },
    {
      "type": "Feature",
      "geometry": {
        "type": "Point",
        "coordinates": [
          46.528034,
          6.62878
        ]
      },
      "properties": {
        "points": [
          {
            "address": "['av. Belles-Roches 5']",
            "Nom": "Belles Roches",
            "Métier": "['étud']",
            "Classification": "inactif",
            "LigneOriginal": "— Jean, étud.. av. Belles-Roches 5.",
            "sheet": "Belles Roches",
            "year": 1951
          },
          {
            "address": "['Belles-Roches 5']",
            "Nom": "Belles Roches",
            "Métier": "['g.-malade']",
            "Classification": "proletaire",
            "LigneOriginal": "— Louise, g.-malade, Belles-Roches 5.",
            "sheet": "Belles Roches",
            "year": 1951
          },
          {
            "address": "['ch.Belles-Roches 5']",
            "Nom": "Belles-Roches",
            "Métier": "['professeur']",
            "Classification": "élevé",
            "LigneOriginal": "Barman-Cerotti Jacques, professeur, ch.Belles-Roches 5 bis. T. 24 4812.",
            "sheet": "Belles-Roches",
            "year": 1951
          }
        ],
        "merged_count": 3
      }
    },
    {
      "type": "Feature",
      "geometry": {
        "type": "Point",
        "coordinates": [
          46.52814,
          6.628575
        ]
      },
      "properties": {
        "points": [
          {
            "address": "['Martheray Alfred', 'av. Belles-iRoches 7']",
            "Nom": "Belles Roches",
            "Métier": "['pasteur']",
            "Classification": "proletaire",
            "LigneOriginal": "Mundler-du Martheray Alfred, pasteur,av. Belles-iRoches 7. 24 15 43.",
            "sheet": "Belles Roches",
            "year": 1951
          },
          {
            "address": "['avBelles-Roches 7']",
            "Nom": "Belles-Roches",
            "Métier": "['professeur']",
            "Classification": "élevé",
            "LigneOriginal": "Renaud-Jaccard Pierre, professeur, avBelles-Roches 7. T. 24 08 49.",
            "sheet": "Belles-Roches",
            "year": 1951
          },
          {
            "address": "['av. desBelles-Roches 7']",
            "Nom": "Belles-Roches",
            "Métier": "['retraité']",
            "Classification": "inactif",
            "LigneOriginal": "Renaud-Martin Albert, retraité, av. desBelles-Roches 7.",
            "sheet": "Belles-Roches",
            "year": 1951
          }
        ],
        "merged_count": 3
      }
    },
    {
      "type": "Feature",
      "geometry": {
        "type": "Point",
        "coordinates": [
          46.5278,
          6.629253
        ]
      },
      "properties": {
        "points": [
          {
            "address": "[',ch. Belles-Roches 1']",
            "Nom": "Belles Roches",
            "Métier": "['anc. direct']",
            "Classification": "inactif",
            "LigneOriginal": "Petitpierre-Allisson Alexis, anc. direct.,ch. Belles-Roches 1. T. 24 10 35.",
            "sheet": "Belles Roches",
            "year": 1951
          },
          {
            "address": "['Belles-Roches 1']",
            "Nom": "Belles Roches",
            "Métier": "[]",
            "Classification": "???",
            "LigneOriginal": "—• Louise, Belles-Roches 1.",
            "sheet": "Belles Roches",
            "year": 1951
          },
          {
            "address": "['av Be\"es-Roches 1']",
            "Nom": "Belles-Roches",
            "Métier": "['pasteur']",
            "Classification": "proletaire",
            "LigneOriginal": "— Henrv. pasteur, av Be\"es-Roches 1",
            "sheet": "Belles-Roches",
            "year": 1951
          },
          {
            "address": "['av.Belles-Roches 1']",
            "Nom": "Belles-Roches",
            "Métier": "['ingénieur']",
            "Classification": "élevé",
            "LigneOriginal": "Vnlliemin-Bonnaid A., ingénieur, av.Belles-Roches 1 T. 24 10 87.",
            "sheet": "Belles-Roches",
            "year": 1951
          }
        ],
        "merged_count": 4
      }
    },
    {
      "type": "Feature",
      "geometry": {
        "type": "Point",
        "coordinates": [
          46.52655,
          6.629262
        ]
      },
      "properties": {
        "points": [
          {
            "address": "['cheminPorchat 4']",
            "Nom": "Chemin Porchat",
            "Métier": "['jardinier']",
            "Classification": "proletaire",
            "LigneOriginal": "Fatio-Noguet Robert, jardinier, cheminPorchat 4. T. 24 46 41.",
            "sheet": "Chemin Porchat",
            "year": 1951
          },
          {
            "address": "['cheminPorchat 4']",
            "Nom": "Chemin Porchat",
            "Métier": "['Veuve']",
            "Classification": "inactif",
            "LigneOriginal": "Noguet-Galli Marguerite, Veuve, cheminPorchat 4.",
            "sheet": "Chemin Porchat",
            "year": 1951
          },
          {
            "address": "['chemin Porchat 4']",
            "Nom": "Chemin Porchat",
            "Métier": "[]",
            "Classification": "???",
            "LigneOriginal": "Paré Claude, chemin Porchat 4.",
            "sheet": "Chemin Porchat",
            "year": 1951
          }
        ],
        "merged_count": 3
      }
    },
    {
      "type": "Feature",
      "geometry": {
        "type": "Point",
        "coordinates": [
          46.528138,
          6.629947
        ]
      },
      "properties": {
        "points": [
          {
            "address": "['chemin Porchat 4.Salon', 'av. Vinet 16']",
            "Nom": "Chemin Porchat",
            "Métier": "['coiffeur']",
            "Classification": "proletaire",
            "LigneOriginal": "—- Marcel, coiffeur, chemin Porchat 4.Salon av. Vinet 16. T. 24 41 16.",
            "sheet": "Chemin Porchat",
            "year": 1951
          }
        ],
        "merged_count": 1
      }
    },
    {
      "type": "Feature",
      "geometry": {
        "type": "Point",
        "coordinates": [
          46.532191,
          6.631367
        ]
      },
      "properties": {
        "points": [
          {
            "address": "['chemin des Bégonias 18']",
            "Nom": "Chemin des Bégonias",
            "Métier": "['veuve']",
            "Classification": "inactif",
            "LigneOriginal": "Mathey-Richon Marguerite, veuve, chemin des Bégonias 18.",
            "sheet": "Chemin des Bégonias",
            "year": 1951
          }
        ],
        "merged_count": 1
      }
    },
    {
      "type": "Feature",
      "geometry": {
        "type": "Point",
        "coordinates": [
          46.531955,
          6.631276
        ]
      },
      "properties": {
        "points": [
          {
            "address": "['chemin des Bégonias 10']",
            "Nom": "Chemin des Bégonias",
            "Métier": "['céramiste']",
            "Classification": "proletaire",
            "LigneOriginal": "Pollien-Cavin Clément, céramiste, chemin des Bégonias 10.",
            "sheet": "Chemin des Bégonias",
            "year": 1951
          }
        ],
        "merged_count": 1
      }
    },
    {
      "type": "Feature",
      "geometry": {
        "type": "Point",
        "coordinates": [
          46.525517,
          6.660861
        ]
      },
      "properties": {
        "points": [
          {
            "address": "['ch. de Haute-Vue 11.Hilda, emp. bu-r., av. Montagibert 8']",
            "Nom": "Haute Vue",
            "Métier": "['nurse']",
            "Classification": "intermediaire",
            "LigneOriginal": "— Frieda, nurse, ch. de Haute-Vue 11.Hilda, emp. bu-r., av. Montagibert 8.",
            "sheet": "Haute Vue",
            "year": 1951
          },
          {
            "address": "['chde Haute-Vue t.']",
            "Nom": "Haute Vue",
            "Métier": "['ing.-conseil,']",
            "Classification": "intermediaire",
            "LigneOriginal": "Ebner-Agiet Maurice, ing.-conseil, chde Haute-Vue t. T. 22 78 00. B. r.Beau-Séjour 15. T. 23 85 00.",
            "sheet": "Haute Vue",
            "year": 1951
          },
          {
            "address": "['chemin de Haute-Vue 9.T. 23']",
            "Nom": "Haute Vue",
            "Métier": "[]",
            "Classification": "???",
            "LigneOriginal": "—- Edwige, chemin de Haute-Vue 9.T. 23 5510.",
            "sheet": "Haute Vue",
            "year": 1951
          },
          {
            "address": "['ch. de Haute-Vue 15']",
            "Nom": "Haute Vue",
            "Métier": "[]",
            "Classification": "???",
            "LigneOriginal": "—- Aloyse, ch. de Haute-Vue 15.",
            "sheet": "Haute Vue",
            "year": 1951
          }
        ],
        "merged_count": 4
      }
    },
    {
      "type": "Feature",
      "geometry": {
        "type": "Point",
        "coordinates": [
          46.525784,
          6.661092
        ]
      },
      "properties": {
        "points": [
          {
            "address": "['ch. de Haute-Vue 5']",
            "Nom": "Haute Vue",
            "Métier": "[]",
            "Classification": "???",
            "LigneOriginal": "— Emma, ch. de Haute-Vue 5.",
            "sheet": "Haute Vue",
            "year": 1951
          }
        ],
        "merged_count": 1
      }
    },
    {
      "type": "Feature",
      "geometry": {
        "type": "Point",
        "coordinates": [
          46.525728,
          6.661397
        ]
      },
      "properties": {
        "points": [
          {
            "address": "['ch.de Haute-Vue 7']",
            "Nom": "Haute Vue",
            "Métier": "['garagiste']",
            "Classification": "intermediaire",
            "LigneOriginal": "Cordin-Richoz Georges, garagiste, ch.de Haute-Vue 7. T. 23 09 95.",
            "sheet": "Haute Vue",
            "year": 1951
          }
        ],
        "merged_count": 1
      }
    },
    {
      "type": "Feature",
      "geometry": {
        "type": "Point",
        "coordinates": [
          46.525157,
          6.660756
        ]
      },
      "properties": {
        "points": [
          {
            "address": "[',ch. de Haute-Vue 2']",
            "Nom": "Haute Vue",
            "Métier": "['chef compt.']",
            "Classification": "élevé",
            "LigneOriginal": "Frautschi-Séchaud René, chef compt.,ch. de Haute-Vue 2 T. 221915.",
            "sheet": "Haute Vue",
            "year": 1951
          }
        ],
        "merged_count": 1
      }
    },
    {
      "type": "Feature",
      "geometry": {
        "type": "Point",
        "coordinates": [
          46.526782,
          6.633421
        ]
      },
      "properties": {
        "points": [
          {
            "address": "['r. de la Borde 1']",
            "Nom": "La Borde",
            "Métier": "['peintre']",
            "Classification": "proletaire",
            "LigneOriginal": "Agostinetti-Boniour Dominique, peintre, r. de la Borde 1. T. 23 79 62.",
            "sheet": "La Borde",
            "year": 1951
          },
          {
            "address": "['ruede la Borde 1']",
            "Nom": "La Borde",
            "Métier": "['maçon']",
            "Classification": "proletaire",
            "LigneOriginal": "Bariatti-Macchiaioli Josué. maçon, ruede la Borde 1.",
            "sheet": "La Borde",
            "year": 1951
          },
          {
            "address": "['r. de laBorde 1']",
            "Nom": "La Borde",
            "Métier": "[]",
            "Classification": "???",
            "LigneOriginal": "Desgalier-Zahneller Marguerite. r. de laBorde 1.",
            "sheet": "La Borde",
            "year": 1951
          },
          {
            "address": "['Siebenthal Lucie', 'de la Borde 1']",
            "Nom": "La Borde",
            "Métier": "['sommel']",
            "Classification": "intermediaire",
            "LigneOriginal": "Gavillet-de Siebenthal Lucie, sommel.,rue de la Borde 1",
            "sheet": "La Borde",
            "year": 1951
          },
          {
            "address": "['r.de la Borde 1']",
            "Nom": "La Borde",
            "Métier": "['désinfecteur']",
            "Classification": "intermediaire",
            "LigneOriginal": "Hagner-Maitin Auguste, désinfecteur, r.de la Borde 1. T. 22 64 32.",
            "sheet": "La Borde",
            "year": 1951
          },
          {
            "address": "['ruede la Borde 1']",
            "Nom": "La Borde",
            "Métier": "['secrétaire']",
            "Classification": "proletaire",
            "LigneOriginal": "Hennemann Madeleine, secrétaire, ruede la Borde 1. T. 22 85 28.",
            "sheet": "La Borde",
            "year": 1951
          },
          {
            "address": "['rue de la Borde 1']",
            "Nom": "La Borde",
            "Métier": "[]",
            "Classification": "???",
            "LigneOriginal": "Imboden Paula, ,rue de la Borde 1.",
            "sheet": "La Borde",
            "year": 1951
          },
          {
            "address": "['r.de la Borde 1']",
            "Nom": "La Borde",
            "Métier": "['empi, postal']",
            "Classification": "proletaire",
            "LigneOriginal": "Rosset-Meylan Ulrich, empi, postal, r.de la Borde 1. T. 23 03 87.",
            "sheet": "La Borde",
            "year": 1951
          },
          {
            "address": "['rue de laBorde 1']",
            "Nom": "La Borde",
            "Métier": "['forain']",
            "Classification": "proletaire",
            "LigneOriginal": "Wetzel-Rouge finger, forain, rue de laBorde 1.",
            "sheet": "La Borde",
            "year": 1951
          }
        ],
        "merged_count": 9
      }
    },
    {
      "type": "Feature",
      "geometry": {
        "type": "Point",
        "coordinates": [
          46.532252,
          6.62952
        ]
      },
      "properties": {
        "points": [
          {
            "address": "['Droz Victor', 'r. de la Borde 69']",
            "Nom": "La Borde",
            "Métier": "['charcutier']",
            "Classification": "proletaire",
            "LigneOriginal": "Andrey-Humbert-Droz Victor, charcutier, r. de la Borde 69.",
            "sheet": "La Borde",
            "year": 1951
          },
          {
            "address": "['rue dela Borde 69']",
            "Nom": "La Borde",
            "Métier": "['manœuvre']",
            "Classification": "proletaire",
            "LigneOriginal": "Junod-Gaille Arthur, manœuvre, rue dela Borde 69.",
            "sheet": "La Borde",
            "year": 1951
          },
          {
            "address": "['r. de laBorde 69']",
            "Nom": "La Borde",
            "Métier": "['veuve']",
            "Classification": "inactif",
            "LigneOriginal": "Pattaroni-Lontan Cécile, veuve, r. de laBorde 69.",
            "sheet": "La Borde",
            "year": 1951
          },
          {
            "address": "['rue de la Borde 69']",
            "Nom": "La Borde",
            "Métier": "['employé de commerce']",
            "Classification": "proletaire",
            "LigneOriginal": "Sommer André, employé de commerce,rue de la Borde 69",
            "sheet": "La Borde",
            "year": 1951
          }
        ],
        "merged_count": 4
      }
    },
    {
      "type": "Feature",
      "geometry": {
        "type": "Point",
        "coordinates": [
          46.532314,
          6.629976
        ]
      },
      "properties": {
        "points": [
          {
            "address": "['At. rue dela Borde 2']",
            "Nom": "La Borde",
            "Métier": "['tonnelier']",
            "Classification": "proletaire",
            "LigneOriginal": "Angehm Charles, tonnelier. At. rue dela Borde 2. T. 28 10 05. Ap. Pully.",
            "sheet": "La Borde",
            "year": 1951
          },
          {
            "address": "['r. du Petit-Rocher 2', '. rue de la Borde 2']",
            "Nom": "La Borde",
            "Métier": "['menuisier']",
            "Classification": "proletaire",
            "LigneOriginal": "Amold-Deléderray Alfred, menuisier,r. du Petit-Rocher 2. T. 24 02 52.At. rue de la Borde 2.",
            "sheet": "La Borde",
            "year": 1951
          },
          {
            "address": "['r. de laBorde 8']",
            "Nom": "La Borde",
            "Métier": "['maçon']",
            "Classification": "proletaire",
            "LigneOriginal": "Ghinea-Gentile Albino, maçon, r. de laBorde 8.",
            "sheet": "La Borde",
            "year": 1951
          },
          {
            "address": "['rueMarterey 74. At. r. de la Borde 49.T.']",
            "Nom": "La Borde",
            "Métier": "['ébéniste']",
            "Classification": "proletaire",
            "LigneOriginal": "Corona-Delmatti Romolo, ébéniste, rueMarterey 74. At. r. de la Borde 49.T. 24 41 70.",
            "sheet": "La Borde",
            "year": 1951
          },
          {
            "address": "['rue dela Borde 61']",
            "Nom": "La Borde",
            "Métier": "['vendeuse']",
            "Classification": "proletaire",
            "LigneOriginal": "Détraz-Genton Emma, vendeuse, rue dela Borde 61.",
            "sheet": "La Borde",
            "year": 1951
          },
          {
            "address": "['. rue de la Borde 9.T.']",
            "Nom": "La Borde",
            "Métier": "['maréchal', 'aven.Druey 30. At']",
            "Classification": "intermediaire",
            "LigneOriginal": "Haering-Pedrel Albert, maréchal, aven.Druey 30. At. rue de la Borde 9.T. 2415 96.",
            "sheet": "La Borde",
            "year": 1951
          },
          {
            "address": "['r de la Borde.']",
            "Nom": "La Borde",
            "Métier": "['ferblant.. maisonHaller']",
            "Classification": "proletaire",
            "LigneOriginal": "Jnat-Fonmier René, ferblant.. maisonHaller, r de la Borde.",
            "sheet": "La Borde",
            "year": 1951
          },
          {
            "address": "['r. de la Borde 30.Léonie', ', r. de l’Ale 4.']",
            "Nom": "La Borde",
            "Métier": "['man.', 'sommelière']",
            "Classification": "proletaire",
            "LigneOriginal": "Juliens Henri, man., r. de la Borde 30.Léonie, sommelière, r. de l’Ale 4.",
            "sheet": "La Borde",
            "year": 1951
          },
          {
            "address": "['rue de laBorde 58.1951']",
            "Nom": "La Borde",
            "Métier": "[]",
            "Classification": "???",
            "LigneOriginal": "Krieger-Ruiiieux François, rue de laBorde 58.1951",
            "sheet": "La Borde",
            "year": 1951
          },
          {
            "address": "['rue dela Borde 69. At. et Ap.']",
            "Nom": "La Borde",
            "Métier": "['horloger']",
            "Classification": "intermediaire",
            "LigneOriginal": "Lauber-Glauser Emile, horloger, rue dela Borde 69. At. et Ap.",
            "sheet": "La Borde",
            "year": 1951
          },
          {
            "address": "['rue dela Borde 27. M. et Ap.']",
            "Nom": "La Borde",
            "Métier": "['primeurs']",
            "Classification": "proletaire",
            "LigneOriginal": "Maffeo-Calvi Frédéric, primeurs, rue dela Borde 27. M. et Ap.",
            "sheet": "La Borde",
            "year": 1951
          },
          {
            "address": "['ruede la Borde I.']",
            "Nom": "La Borde",
            "Métier": "['représentant']",
            "Classification": "intermediaire",
            "LigneOriginal": "Mex-Margueiat Louis, représentant, ruede la Borde I. T. 22 74 74.",
            "sheet": "La Borde",
            "year": 1951
          },
          {
            "address": "['ruede la Borde 43. At. pl. Nord 2']",
            "Nom": "La Borde",
            "Métier": "['cordonnier']",
            "Classification": "intermediaire",
            "LigneOriginal": "Mignot-Monney André, cordonnier, ruede la Borde 43. At. pl. Nord 2.",
            "sheet": "La Borde",
            "year": 1951
          },
          {
            "address": "['rue dela Borde 11. M. et Ap.']",
            "Nom": "La Borde",
            "Métier": "['épicerie']",
            "Classification": "proletaire",
            "LigneOriginal": "Nicod-Vassanx André, épicerie, rue dela Borde 11. M. et Ap. T. 24 61 72.",
            "sheet": "La Borde",
            "year": 1951
          },
          {
            "address": "['r. desCrCles 25', 'At. rue de la Borde 24.T.']",
            "Nom": "La Borde",
            "Métier": "['mêcan.']",
            "Classification": "intermediaire",
            "LigneOriginal": "Parisod-Chappuis Henri, mêcan., r. desCrCles 25. At. rue de la Borde 24.T. 24 90 21.",
            "sheet": "La Borde",
            "year": 1951
          },
          {
            "address": "['r. dela Borde']",
            "Nom": "La Borde",
            "Métier": "['livreur. Monte']",
            "Classification": "proletaire",
            "LigneOriginal": "—- Pierre, livreur. Monte-Caro, r. dela Borde.",
            "sheet": "La Borde",
            "year": 1951
          },
          {
            "address": "['. St-Roch 3', 'At. r. de la Borde 19T.']",
            "Nom": "La Borde",
            "Métier": "['méc.-électr.']",
            "Classification": "intermediaire",
            "LigneOriginal": "Pythoud-Panchaud Joseph, méc.-électr.,r. St-Roch 3. At. r. de la Borde 19T. 2.44.58.",
            "sheet": "La Borde",
            "year": 1951
          },
          {
            "address": "['ruede la Borde 61']",
            "Nom": "La Borde",
            "Métier": "['étalagiste']",
            "Classification": "intermediaire",
            "LigneOriginal": "Rochat-Martinez Albert, étalagiste, ruede la Borde 61.",
            "sheet": "La Borde",
            "year": 1951
          },
          {
            "address": "['la Borde 10']",
            "Nom": "La Borde",
            "Métier": "['limonadier.vue de la Ponto:se 36']",
            "Classification": "proletaire",
            "LigneOriginal": "Romailler-Michand Adrien, limonadier.vue de la Ponto:se 36 T 94 77 33Dépôt : rue de la Borde 10.",
            "sheet": "La Borde",
            "year": 1951
          },
          {
            "address": "['r. de laBorde .21']",
            "Nom": "La Borde",
            "Métier": "['boiseur']",
            "Classification": "proletaire",
            "LigneOriginal": "Talon-Annichini Marc, boiseur, r. de laBorde .21.",
            "sheet": "La Borde",
            "year": 1951
          }
        ],
        "merged_count": 20
      }
    },
    {
      "type": "Feature",
      "geometry": {
        "type": "Point",
        "coordinates": [
          46.52984,
          6.632229
        ]
      },
      "properties": {
        "points": [
          {
            "address": "['rue de la Borde 24']",
            "Nom": "La Borde",
            "Métier": "['menuisier']",
            "Classification": "proletaire",
            "LigneOriginal": "Aschwanden-Qvemey Franz, menuisier,rue de la Borde 24.",
            "sheet": "La Borde",
            "year": 1951
          },
          {
            "address": "['route Aloys-Fauquex 73', '. At. rue dela Borde 24']",
            "Nom": "La Borde",
            "Métier": "['fabr. d’articles en métal']",
            "Classification": "???",
            "LigneOriginal": "— Edouard, fabr. d’articles en métal,route Aloys-Fauquex 73. At. rue dela Borde 24. T. 24 18 37.",
            "sheet": "La Borde",
            "year": 1951
          },
          {
            "address": "['ehem.de la Motte 4', 'Dépôtch. Maillefer 10', 'ruede la Borde 24']",
            "Nom": "La Borde",
            "Métier": "['Cie,', 'entrepreneurs']",
            "Classification": "intermediaire",
            "LigneOriginal": "Contini A. A Cie, entrepreneurs, ehem.de la Motte 4. T. 24 63 65. Dépôtch. Maillefer 10. T. 23 55 61 et ruede la Borde 24.",
            "sheet": "La Borde",
            "year": 1951
          },
          {
            "address": "['r. de laBorde 24']",
            "Nom": "La Borde",
            "Métier": "['mécan.-électricien,']",
            "Classification": "intermediaire",
            "LigneOriginal": "— Edouard, mécan.-électricien, r. de laBorde 24.",
            "sheet": "La Borde",
            "year": 1951
          },
          {
            "address": "['ruede la Borde 24']",
            "Nom": "La Borde",
            "Métier": "['concierge']",
            "Classification": "proletaire",
            "LigneOriginal": "Muller-Clavel Adolphe, concierge, ruede la Borde 24. T. 241316.",
            "sheet": "La Borde",
            "year": 1951
          },
          {
            "address": "['r. de la Borde 24']",
            "Nom": "La Borde",
            "Métier": "['menuiserie-ébéniste-rie']",
            "Classification": "proletaire",
            "LigneOriginal": "Muller H, & fils, menuiserie-ébéniste-rie. r. de la Borde 24. T. 24 45 80.",
            "sheet": "La Borde",
            "year": 1951
          },
          {
            "address": "['av. domini 19', 'rue dela Borde 24']",
            "Nom": "La Borde",
            "Métier": "['md fripier,']",
            "Classification": "proletaire",
            "LigneOriginal": "Page-Mnller Joseph, md fripier, av. domini 19. T. 24 17 07. Dépôt : rue dela Borde 24. T. 24 17 06.",
            "sheet": "La Borde",
            "year": 1951
          },
          {
            "address": "['av.Vinet 24', 'r. de laBorde 24']",
            "Nom": "La Borde",
            "Métier": "['parqueteur']",
            "Classification": "proletaire",
            "LigneOriginal": "Thévoz-Chappnis Roger, parqueteur. av.Vinet 24. T. 24 12 78 Al. r. de laBorde 24. T. 24 00 85.",
            "sheet": "La Borde",
            "year": 1951
          },
          {
            "address": "['r. Mauborget    ', '3.At. rue de la Borde 24']",
            "Nom": "La Borde",
            "Métier": "['menuisier']",
            "Classification": "proletaire",
            "LigneOriginal": "—    Georges,    menuisier, r. Mauborget    3.At. rue de la Borde 24.",
            "sheet": "La Borde",
            "year": 1951
          }
        ],
        "merged_count": 9
      }
    },
    {
      "type": "Feature",
      "geometry": {
        "type": "Point",
        "coordinates": [
          46.530157,
          6.63155
        ]
      },
      "properties": {
        "points": [
          {
            "address": "['r.de la Borde 37']",
            "Nom": "La Borde",
            "Métier": "['menuisier-ébéniste']",
            "Classification": "proletaire",
            "LigneOriginal": "Aviolat Armand, menuisier-ébéniste, r.de la Borde 37.",
            "sheet": "La Borde",
            "year": 1951
          },
          {
            "address": "['ruede la Borde 37']",
            "Nom": "La Borde",
            "Métier": "[]",
            "Classification": "???",
            "LigneOriginal": "Descombaz-Schwengler Joséphine, ruede la Borde 37.",
            "sheet": "La Borde",
            "year": 1951
          },
          {
            "address": "['r.de la Borde 37']",
            "Nom": "La Borde",
            "Métier": "['emballeur']",
            "Classification": "proletaire",
            "LigneOriginal": "Dogny-Descombaz Pierre, emballeur, r.de la Borde 37.",
            "sheet": "La Borde",
            "year": 1951
          },
          {
            "address": "['rue dela Borde 37']",
            "Nom": "La Borde",
            "Métier": "['ouv. fahr']",
            "Classification": "intermediaire",
            "LigneOriginal": "Giioud-Dnruz Olive, ouv. fahr., rue dela Borde 37.",
            "sheet": "La Borde",
            "year": 1951
          },
          {
            "address": "['ruede la Borde 37']",
            "Nom": "La Borde",
            "Métier": "['limonadier']",
            "Classification": "proletaire",
            "LigneOriginal": "Maller-Monney Emile, limonadier, ruede la Borde 37.",
            "sheet": "La Borde",
            "year": 1951
          },
          {
            "address": "['r. dela Borde 37']",
            "Nom": "La Borde",
            "Métier": "['tripier']",
            "Classification": "proletaire",
            "LigneOriginal": "Solenthaler-Crottaz Jean, tripier, r. dela Borde 37. T. 24 18 28.",
            "sheet": "La Borde",
            "year": 1951
          }
        ],
        "merged_count": 6
      }
    },
    {
      "type": "Feature",
      "geometry": {
        "type": "Point",
        "coordinates": [
          46.53209,
          6.629703
        ]
      },
      "properties": {
        "points": [
          {
            "address": "['ruede la Borde 65']",
            "Nom": "La Borde",
            "Métier": "['manœuvre']",
            "Classification": "proletaire",
            "LigneOriginal": "Badan-Favrat Albert, manœuvre, ruede la Borde 65.",
            "sheet": "La Borde",
            "year": 1951
          },
          {
            "address": "['rue de la Borde 65']",
            "Nom": "La Borde",
            "Métier": "[]",
            "Classification": "???",
            "LigneOriginal": "Gmehlin Louis, rue de la Borde 65.",
            "sheet": "La Borde",
            "year": 1951
          }
        ],
        "merged_count": 2
      }
    },
    {
      "type": "Feature",
      "geometry": {
        "type": "Point",
        "coordinates": [
          46.531747,
          6.630535
        ]
      },
      "properties": {
        "points": [
          {
            "address": "['r. dela Borde 40']",
            "Nom": "La Borde",
            "Métier": "['repasseuse']",
            "Classification": "proletaire",
            "LigneOriginal": "Badan-Pluss Helma, repasseuse, r. dela Borde 40.",
            "sheet": "La Borde",
            "year": 1951
          },
          {
            "address": "['ruede la Borde 40']",
            "Nom": "La Borde",
            "Métier": "['jardinier']",
            "Classification": "proletaire",
            "LigneOriginal": "Bomand-Bumand Emile, jardinier, ruede la Borde 40.",
            "sheet": "La Borde",
            "year": 1951
          },
          {
            "address": "['r. de la Borde 40']",
            "Nom": "La Borde",
            "Métier": "[]",
            "Classification": "???",
            "LigneOriginal": "— Lydia, r. de la Borde 40.",
            "sheet": "La Borde",
            "year": 1951
          },
          {
            "address": "['ruede la Borde 40']",
            "Nom": "La Borde",
            "Métier": "['mécan.']",
            "Classification": "intermediaire",
            "LigneOriginal": "Tinguely-Resin Benjamin, mécan., ruede la Borde 40.",
            "sheet": "La Borde",
            "year": 1951
          }
        ],
        "merged_count": 4
      }
    },
    {
      "type": "Feature",
      "geometry": {
        "type": "Point",
        "coordinates": [
          46.530507,
          6.631398
        ]
      },
      "properties": {
        "points": [
          {
            "address": "['ruede la Borde 41']",
            "Nom": "La Borde",
            "Métier": "['jardinier']",
            "Classification": "proletaire",
            "LigneOriginal": "Band-Margnerat Charles, jardinier, ruede la Borde 41.",
            "sheet": "La Borde",
            "year": 1951
          },
          {
            "address": "['r. dela Borde 41']",
            "Nom": "La Borde",
            "Métier": "['musicien']",
            "Classification": "intermediaire",
            "LigneOriginal": "Bandin-Baud Armand, musicien, r. dela Borde 41.",
            "sheet": "La Borde",
            "year": 1951
          },
          {
            "address": "['ruede la Borde 41']",
            "Nom": "La Borde",
            "Métier": "['man.']",
            "Classification": "proletaire",
            "LigneOriginal": "Chevalley-Corthésy Charles, man., ruede la Borde 41.",
            "sheet": "La Borde",
            "year": 1951
          },
          {
            "address": "['r. de la Borde 41']",
            "Nom": "La Borde",
            "Métier": "[]",
            "Classification": "???",
            "LigneOriginal": "Fazan Louise, r. de la Borde 41.",
            "sheet": "La Borde",
            "year": 1951
          },
          {
            "address": "['. des Crêtes 20', 'At. r.de la Borde 41']",
            "Nom": "La Borde",
            "Métier": "['appareill']",
            "Classification": "proletaire",
            "LigneOriginal": "Zimmerli-Meister Richard, appareill.,r. des Crêtes 20. T. 24 41 65. At. r.de la Borde 41. T. 24 41 64.",
            "sheet": "La Borde",
            "year": 1951
          }
        ],
        "merged_count": 5
      }
    },
    {
      "type": "Feature",
      "geometry": {
        "type": "Point",
        "coordinates": [
          46.531175,
          6.63164
        ]
      },
      "properties": {
        "points": [
          {
            "address": "['. de la Borde 32']",
            "Nom": "La Borde",
            "Métier": "['emp. C. F. F.,r']",
            "Classification": "intermediaire",
            "LigneOriginal": "Beetschen-Belet Albert, emp. C. F. F.,r. de la Borde 32.",
            "sheet": "La Borde",
            "year": 1951
          },
          {
            "address": "['r. dela Borde 32']",
            "Nom": "La Borde",
            "Métier": "['maçon']",
            "Classification": "proletaire",
            "LigneOriginal": "Sonnay-Borloz William, maçon, r. dela Borde 32.",
            "sheet": "La Borde",
            "year": 1951
          }
        ],
        "merged_count": 2
      }
    },
    {
      "type": "Feature",
      "geometry": {
        "type": "Point",
        "coordinates": [
          46.532553,
          6.629731
        ]
      },
      "properties": {
        "points": [
          {
            "address": "['r. dela Borde 56']",
            "Nom": "La Borde",
            "Métier": "['commissionn']",
            "Classification": "intermediaire",
            "LigneOriginal": "Benz-Fnx Frédéric, commissionn., r. dela Borde 56.",
            "sheet": "La Borde",
            "year": 1951
          },
          {
            "address": "['ruede la Borde 56']",
            "Nom": "La Borde",
            "Métier": "['man.']",
            "Classification": "proletaire",
            "LigneOriginal": "Chapuis-Jeanrenaud Arnold, man., ruede la Borde 56.",
            "sheet": "La Borde",
            "year": 1951
          },
          {
            "address": "['rue de laBorde 56']",
            "Nom": "La Borde",
            "Métier": "['maçon']",
            "Classification": "proletaire",
            "LigneOriginal": "Dnthon-Penin Henri, maçon, rue de laBorde 56.",
            "sheet": "La Borde",
            "year": 1951
          },
          {
            "address": "['ruede la Borde 56']",
            "Nom": "La Borde",
            "Métier": "['man.']",
            "Classification": "proletaire",
            "LigneOriginal": "Troillet-Prabonneau Alfred, man., ruede la Borde 56.",
            "sheet": "La Borde",
            "year": 1951
          }
        ],
        "merged_count": 4
      }
    },
    {
      "type": "Feature",
      "geometry": {
        "type": "Point",
        "coordinates": [
          46.529129,
          6.631991
        ]
      },
      "properties": {
        "points": [
          {
            "address": "['rue de la Borde 27']",
            "Nom": "La Borde",
            "Métier": "['peintre']",
            "Classification": "proletaire",
            "LigneOriginal": "Bemasconi-Rezzonico André, peintre,rue de la Borde 27.",
            "sheet": "La Borde",
            "year": 1951
          },
          {
            "address": "['r. de la Borde 27']",
            "Nom": "La Borde",
            "Métier": "['man.']",
            "Classification": "proletaire",
            "LigneOriginal": "Caille Marcel, man., r. de la Borde 27.",
            "sheet": "La Borde",
            "year": 1951
          },
          {
            "address": "['rue de la Borde 27']",
            "Nom": "La Borde",
            "Métier": "['scmmeü’ère']",
            "Classification": "???",
            "LigneOriginal": "—- Yvette, scmmeü’ère. rue de la Borde 27.",
            "sheet": "La Borde",
            "year": 1951
          },
          {
            "address": "['r. de laBorde 27']",
            "Nom": "La Borde",
            "Métier": "[]",
            "Classification": "???",
            "LigneOriginal": "Realco S.A.. machines à café. r. de laBorde 27. T. 24 49 91.",
            "sheet": "La Borde",
            "year": 1951
          },
          {
            "address": "['r. dela Borde 27']",
            "Nom": "La Borde",
            "Métier": "['veuve']",
            "Classification": "inactif",
            "LigneOriginal": "Robatel-Aebischer Marie, veuve, r. dela Borde 27.",
            "sheet": "La Borde",
            "year": 1951
          }
        ],
        "merged_count": 5
      }
    },
    {
      "type": "Feature",
      "geometry": {
        "type": "Point",
        "coordinates": [
          46.52873,
          6.632227
        ]
      },
      "properties": {
        "points": [
          {
            "address": "['r. dela Borde 21']",
            "Nom": "La Borde",
            "Métier": "['maçon']",
            "Classification": "proletaire",
            "LigneOriginal": "Bertholet-Meillard Oscar, maçon, r. dela Borde 21.",
            "sheet": "La Borde",
            "year": 1951
          },
          {
            "address": "['r. dela Borde 21']",
            "Nom": "La Borde",
            "Métier": "['serrurier']",
            "Classification": "intermediaire",
            "LigneOriginal": "Borio-Gilliéron Enrico, serrurier, r. dela Borde 21.",
            "sheet": "La Borde",
            "year": 1951
          },
          {
            "address": "['r. de la Borde 21']",
            "Nom": "La Borde",
            "Métier": "['employé àla voirie']",
            "Classification": "proletaire",
            "LigneOriginal": "Dnmartheray-Mnsy Robert, employé àla voirie, r. de la Borde 21.",
            "sheet": "La Borde",
            "year": 1951
          },
          {
            "address": "['rue dela Borde 21']",
            "Nom": "La Borde",
            "Métier": "['Vve']",
            "Classification": "inactif",
            "LigneOriginal": "Ott-Fortwengler Violette. Vve. rue dela Borde 21.",
            "sheet": "La Borde",
            "year": 1951
          },
          {
            "address": "['rue de la Borde 21']",
            "Nom": "La Borde",
            "Métier": "['boucher']",
            "Classification": "proletaire",
            "LigneOriginal": "— Jean, boucher, rue de la Borde 21.",
            "sheet": "La Borde",
            "year": 1951
          },
          {
            "address": "['ruede la Borde 21']",
            "Nom": "La Borde",
            "Métier": "['maçon']",
            "Classification": "proletaire",
            "LigneOriginal": "Tedeschi-Genond Ettore, maçon, ruede la Borde 21.",
            "sheet": "La Borde",
            "year": 1951
          },
          {
            "address": "['rue dela Borde 21']",
            "Nom": "La Borde",
            "Métier": "['Vve']",
            "Classification": "inactif",
            "LigneOriginal": "Tedeschi-Piccini Gioconda. Vve, rue dela Borde 21.",
            "sheet": "La Borde",
            "year": 1951
          },
          {
            "address": "['. de la Borde 21']",
            "Nom": "La Borde",
            "Métier": "['menuis']",
            "Classification": "proletaire",
            "LigneOriginal": "Tedeschi-Sarsetti Alessandro, menuis.,r. de la Borde 21.",
            "sheet": "La Borde",
            "year": 1951
          },
          {
            "address": "['ruede la Borde 21']",
            "Nom": "La Borde",
            "Métier": "['vannier']",
            "Classification": "proletaire",
            "LigneOriginal": "Wagnière-Mottaz Georges, vannier, ruede la Borde 21.",
            "sheet": "La Borde",
            "year": 1951
          }
        ],
        "merged_count": 9
      }
    },
    {
      "type": "Feature",
      "geometry": {
        "type": "Point",
        "coordinates": [
          46.530727,
          6.63198
        ]
      },
      "properties": {
        "points": [
          {
            "address": "['r. de la Borde 30']",
            "Nom": "La Borde",
            "Métier": "[]",
            "Classification": "???",
            "LigneOriginal": "— Yvette, r. de la Borde 30.",
            "sheet": "La Borde",
            "year": 1951
          },
          {
            "address": "['r. de la Borde 30']",
            "Nom": "La Borde",
            "Métier": "[]",
            "Classification": "???",
            "LigneOriginal": "Conus-Pesse Marie, r. de la Borde 30.",
            "sheet": "La Borde",
            "year": 1951
          },
          {
            "address": "['r. de laBorde 30']",
            "Nom": "La Borde",
            "Métier": "['veuve']",
            "Classification": "inactif",
            "LigneOriginal": "Pahud-Delacrétaz Rose, veuve, r. de laBorde 30.",
            "sheet": "La Borde",
            "year": 1951
          },
          {
            "address": "['rue dela Borde 30']",
            "Nom": "La Borde",
            "Métier": "['plâtrier']",
            "Classification": "proletaire",
            "LigneOriginal": "Perret-Magnin Ernest, plâtrier, rue dela Borde 30.",
            "sheet": "La Borde",
            "year": 1951
          }
        ],
        "merged_count": 4
      }
    },
    {
      "type": "Feature",
      "geometry": {
        "type": "Point",
        "coordinates": [
          46.532099,
          6.630273
        ]
      },
      "properties": {
        "points": [
          {
            "address": "['ruede la Borde 46']",
            "Nom": "La Borde",
            "Métier": "['négociante']",
            "Classification": "proletaire",
            "LigneOriginal": "Bolay-Bataillard Julie, négociante, ruede la Borde 46.",
            "sheet": "La Borde",
            "year": 1951
          },
          {
            "address": "['r. de la Borde 46']",
            "Nom": "La Borde",
            "Métier": "['man.']",
            "Classification": "proletaire",
            "LigneOriginal": "Paccard Albert, man., r. de la Borde 46.",
            "sheet": "La Borde",
            "year": 1951
          },
          {
            "address": "[',r. de la Borde 46']",
            "Nom": "La Borde",
            "Métier": "['ouvr. de fahr']",
            "Classification": "intermediaire",
            "LigneOriginal": "Rosay-Fricker Andrée, ouvr. de fahr.,r. de la Borde 46.",
            "sheet": "La Borde",
            "year": 1951
          }
        ],
        "merged_count": 3
      }
    },
    {
      "type": "Feature",
      "geometry": {
        "type": "Point",
        "coordinates": [
          46.532182,
          6.630447
        ]
      },
      "properties": {
        "points": [
          {
            "address": "['rue dela Borde 48']",
            "Nom": "La Borde",
            "Métier": "['jardinier']",
            "Classification": "proletaire",
            "LigneOriginal": "Bovey-Bonzon Alois, jardinier, rue dela Borde 48.",
            "sheet": "La Borde",
            "year": 1951
          },
          {
            "address": "['r. de la Borde 48']",
            "Nom": "La Borde",
            "Métier": "[]",
            "Classification": "???",
            "LigneOriginal": "Deléderray Eliane, r. de la Borde 48.",
            "sheet": "La Borde",
            "year": 1951
          },
          {
            "address": "['rue de la Borde 48']",
            "Nom": "La Borde",
            "Métier": "[]",
            "Classification": "???",
            "LigneOriginal": "Diday Claudine, rue de la Borde 48.",
            "sheet": "La Borde",
            "year": 1951
          },
          {
            "address": "['r. dela Borde 48']",
            "Nom": "La Borde",
            "Métier": "['Vve']",
            "Classification": "inactif",
            "LigneOriginal": "Hartmann-Jaccond Emma. Vve, r. dela Borde 48.",
            "sheet": "La Borde",
            "year": 1951
          }
        ],
        "merged_count": 4
      }
    },
    {
      "type": "Feature",
      "geometry": {
        "type": "Point",
        "coordinates": [
          46.530668,
          6.631283
        ]
      },
      "properties": {
        "points": [
          {
            "address": "['r. dela Borde 43']",
            "Nom": "La Borde",
            "Métier": "['ramoneur']",
            "Classification": "intermediaire",
            "LigneOriginal": "Braillard-Cnénez Paul, ramoneur, r. dela Borde 43.",
            "sheet": "La Borde",
            "year": 1951
          },
          {
            "address": "['r. dela Borde 43']",
            "Nom": "La Borde",
            "Métier": "['veuve']",
            "Classification": "inactif",
            "LigneOriginal": "Delessert-Gumy Joséphine, veuve, r. dela Borde 43.",
            "sheet": "La Borde",
            "year": 1951
          },
          {
            "address": "['r. de la Borde 43']",
            "Nom": "La Borde",
            "Métier": "['man']",
            "Classification": "proletaire",
            "LigneOriginal": "— Ernest, man., r. de la Borde 43.",
            "sheet": "La Borde",
            "year": 1951
          },
          {
            "address": "['r. de la Borde 43']",
            "Nom": "La Borde",
            "Métier": "[]",
            "Classification": "???",
            "LigneOriginal": "— Lina. r. de la Borde 43.",
            "sheet": "La Borde",
            "year": 1951
          }
        ],
        "merged_count": 4
      }
    },
    {
      "type": "Feature",
      "geometry": {
        "type": "Point",
        "coordinates": [
          46.528564,
          6.632263
        ]
      },
      "properties": {
        "points": [
          {
            "address": "['ruede la Borde 19']",
            "Nom": "La Borde",
            "Métier": "['Veuve']",
            "Classification": "inactif",
            "LigneOriginal": "BraiUard-Mischler Rosine, Veuve, ruede la Borde 19.",
            "sheet": "La Borde",
            "year": 1951
          },
          {
            "address": "['r. de la Borde 19']",
            "Nom": "La Borde",
            "Métier": "['coutur..']",
            "Classification": "proletaire",
            "LigneOriginal": "— Marie, coutur.. r. de la Borde 19.",
            "sheet": "La Borde",
            "year": 1951
          },
          {
            "address": "['r. dela Borde 19']",
            "Nom": "La Borde",
            "Métier": "['serrurier']",
            "Classification": "intermediaire",
            "LigneOriginal": "Moriggia-Tiso Franco, serrurier, r. dela Borde 19.",
            "sheet": "La Borde",
            "year": 1951
          },
          {
            "address": "['r. de laBorde 19']",
            "Nom": "La Borde",
            "Métier": "['manœuvre']",
            "Classification": "proletaire",
            "LigneOriginal": "Rieben-Dill Henri, manœuvre, r. de laBorde 19.",
            "sheet": "La Borde",
            "year": 1951
          }
        ],
        "merged_count": 4
      }
    },
    {
      "type": "Feature",
      "geometry": {
        "type": "Point",
        "coordinates": [
          46.528042,
          6.632651
        ]
      },
      "properties": {
        "points": [
          {
            "address": "['ruede la Borde 11']",
            "Nom": "La Borde",
            "Métier": "['retraité S.I.']",
            "Classification": "inactif",
            "LigneOriginal": "Brélaz-Dombald Oscar, retraité S.I., ruede la Borde 11.",
            "sheet": "La Borde",
            "year": 1951
          },
          {
            "address": "['r. de la Borde 11']",
            "Nom": "La Borde",
            "Métier": "['carrelages et revêtements']",
            "Classification": "proletaire",
            "LigneOriginal": "Fivaz Max, carrelages et revêtements,r. de la Borde 11. T. 24 61 72. '",
            "sheet": "La Borde",
            "year": 1951
          },
          {
            "address": "['rue dela Borde 11']",
            "Nom": "La Borde",
            "Métier": "['relieur']",
            "Classification": "intermediaire",
            "LigneOriginal": "Roux-Monnet Célestin, relieur, rue dela Borde 11.",
            "sheet": "La Borde",
            "year": 1951
          },
          {
            "address": "['r de la Borde 11']",
            "Nom": "La Borde",
            "Métier": "['voyageur']",
            "Classification": "inactif",
            "LigneOriginal": "Vial Henri, voyageur, r de la Borde 11.",
            "sheet": "La Borde",
            "year": 1951
          }
        ],
        "merged_count": 4
      }
    },
    {
      "type": "Feature",
      "geometry": {
        "type": "Point",
        "coordinates": [
          46.531893,
          6.63047
        ]
      },
      "properties": {
        "points": [
          {
            "address": "['rue de laBorde 42']",
            "Nom": "La Borde",
            "Métier": "[]",
            "Classification": "???",
            "LigneOriginal": "Buclin-Kaltenrieder Maurice, rue de laBorde 42.",
            "sheet": "La Borde",
            "year": 1951
          },
          {
            "address": "['r. dela Borde 42']",
            "Nom": "La Borde",
            "Métier": "['ferblantier']",
            "Classification": "proletaire",
            "LigneOriginal": "Jaccond-Rapit Louis, ferblantier, r. dela Borde 42.",
            "sheet": "La Borde",
            "year": 1951
          },
          {
            "address": "['ruede la Borde 42']",
            "Nom": "La Borde",
            "Métier": "['boucher']",
            "Classification": "proletaire",
            "LigneOriginal": "Philippin-Roduit James, boucher, ruede la Borde 42.",
            "sheet": "La Borde",
            "year": 1951
          }
        ],
        "merged_count": 3
      }
    },
    {
      "type": "Feature",
      "geometry": {
        "type": "Point",
        "coordinates": [
          46.532649,
          6.629935
        ]
      },
      "properties": {
        "points": [
          {
            "address": "['rue dela Borde 54']",
            "Nom": "La Borde",
            "Métier": "['menuisier']",
            "Classification": "proletaire",
            "LigneOriginal": "Butticaz-Golay Jean, menuisier, rue dela Borde 54.",
            "sheet": "La Borde",
            "year": 1951
          },
          {
            "address": "['ruede la Borde 54']",
            "Nom": "La Borde",
            "Métier": "['remouleur']",
            "Classification": "proletaire",
            "LigneOriginal": "Golaz-Gabriel Charles, remouleur, ruede la Borde 54.",
            "sheet": "La Borde",
            "year": 1951
          },
          {
            "address": "['r.de la Borde 54']",
            "Nom": "La Borde",
            "Métier": "['monteur T. L.']",
            "Classification": "proletaire",
            "LigneOriginal": "Lude-Aquillon Moïse, monteur T. L., r.de la Borde 54. T. 24 47 56.",
            "sheet": "La Borde",
            "year": 1951
          },
          {
            "address": "['r. de’la Borde 54']",
            "Nom": "La Borde",
            "Métier": "['nettoyeur']",
            "Classification": "proletaire",
            "LigneOriginal": "Purro-Berdoz Lucien, nettoyeur, r. de’la Borde 54. T. 24 5122.",
            "sheet": "La Borde",
            "year": 1951
          }
        ],
        "merged_count": 4
      }
    },
    {
      "type": "Feature",
      "geometry": {
        "type": "Point",
        "coordinates": [
          46.528998,
          6.632933
        ]
      },
      "properties": {
        "points": [
          {
            "address": "['ch.des Charmilles 2', 'Atei,r. de la Borde 18']",
            "Nom": "La Borde",
            "Métier": "['serrurier']",
            "Classification": "intermediaire",
            "LigneOriginal": "Canova-Pichetto Ernest, serrurier, ch.des Charmilles 2. T. 24 06 78. Atei,r. de la Borde 18. T. 24 06 77.",
            "sheet": "La Borde",
            "year": 1951
          }
        ],
        "merged_count": 1
      }
    },
    {
      "type": "Feature",
      "geometry": {
        "type": "Point",
        "coordinates": [
          46.532346,
          6.630262
        ]
      },
      "properties": {
        "points": [
          {
            "address": "['rue de laBorde 50']",
            "Nom": "La Borde",
            "Métier": "['graphologue']",
            "Classification": "intermediaire",
            "LigneOriginal": "—• Emile-Louis, graphologue, rue de laBorde 50.",
            "sheet": "La Borde",
            "year": 1951
          },
          {
            "address": "['rue de la Borde 50']",
            "Nom": "La Borde",
            "Métier": "[]",
            "Classification": "???",
            "LigneOriginal": "—- Emile, rue de la Borde 50.",
            "sheet": "La Borde",
            "year": 1951
          },
          {
            "address": "['dp la Borde 50']",
            "Nom": "La Borde",
            "Métier": "['galvanisentrue']",
            "Classification": "proletaire",
            "LigneOriginal": "Wenger-Pichard Charles, galvanisentrue dp la Borde 50.",
            "sheet": "La Borde",
            "year": 1951
          }
        ],
        "merged_count": 3
      }
    },
    {
      "type": "Feature",
      "geometry": {
        "type": "Point",
        "coordinates": [
          46.531801,
          6.630005
        ]
      },
      "properties": {
        "points": [
          {
            "address": "['r.- de la Borde 57']",
            "Nom": "La Borde",
            "Métier": "['peintre']",
            "Classification": "proletaire",
            "LigneOriginal": "— Paul, peintre, r.- de la Borde 57.",
            "sheet": "La Borde",
            "year": 1951
          },
          {
            "address": "['ruede la Borde 57']",
            "Nom": "La Borde",
            "Métier": "['bûcheron']",
            "Classification": "proletaire",
            "LigneOriginal": "Décosterd-Meylan Aimé, bûcheron, ruede la Borde 57.",
            "sheet": "La Borde",
            "year": 1951
          },
          {
            "address": "['ruede la Borde 57']",
            "Nom": "La Borde",
            "Métier": "['Vve']",
            "Classification": "inactif",
            "LigneOriginal": "Fortwengler-Rattaz Germaine, Vve, ruede la Borde 57.",
            "sheet": "La Borde",
            "year": 1951
          },
          {
            "address": "['ruede la Borde 57']",
            "Nom": "La Borde",
            "Métier": "['maçon']",
            "Classification": "proletaire",
            "LigneOriginal": "Marguerat-Binggeli Pierre, maçon, ruede la Borde 57.",
            "sheet": "La Borde",
            "year": 1951
          }
        ],
        "merged_count": 4
      }
    },
    {
      "type": "Feature",
      "geometry": {
        "type": "Point",
        "coordinates": [
          46.529603,
          6.631759
        ]
      },
      "properties": {
        "points": [
          {
            "address": "['r. de la Borde 31']",
            "Nom": "La Borde",
            "Métier": "[]",
            "Classification": "???",
            "LigneOriginal": "Cochet Emma, r. de la Borde 31.",
            "sheet": "La Borde",
            "year": 1951
          },
          {
            "address": "['ruede la Borde 31']",
            "Nom": "La Borde",
            "Métier": "['employé']",
            "Classification": "intermediaire",
            "LigneOriginal": "Delessert-Chaillet Henri, employé, ruede la Borde 31.",
            "sheet": "La Borde",
            "year": 1951
          },
          {
            "address": "['ruede la Borde 31']",
            "Nom": "La Borde",
            "Métier": "['manœuvre']",
            "Classification": "proletaire",
            "LigneOriginal": "Grivel-Dnbois Roland, manœuvre, ruede la Borde 31.",
            "sheet": "La Borde",
            "year": 1951
          },
          {
            "address": "['r. dela Borde 31']",
            "Nom": "La Borde",
            "Métier": "['peintre']",
            "Classification": "proletaire",
            "LigneOriginal": "Jeannet-Giaolon Alexis, peintre, r. dela Borde 31.",
            "sheet": "La Borde",
            "year": 1951
          }
        ],
        "merged_count": 4
      }
    },
    {
      "type": "Feature",
      "geometry": {
        "type": "Point",
        "coordinates": [
          46.529255,
          6.632814
        ]
      },
      "properties": {
        "points": [
          {
            "address": "['rue de la Borde.T. 22']",
            "Nom": "La Borde",
            "Métier": "['profess., Camp.Grande Borde']",
            "Classification": "élevé",
            "LigneOriginal": "Cornu-Guignard Pierre, profess., Camp.Grande Borde, rue de la Borde.T. 22 01 45.",
            "sheet": "La Borde",
            "year": 1951
          }
        ],
        "merged_count": 1
      }
    },
    {
      "type": "Feature",
      "geometry": {
        "type": "Point",
        "coordinates": [
          46.531987,
          6.630645
        ]
      },
      "properties": {
        "points": [
          {
            "address": "['r. de laBorde 44']",
            "Nom": "La Borde",
            "Métier": "['man']",
            "Classification": "proletaire",
            "LigneOriginal": "Cuéchod-Ravy William, man., r. de laBorde 44.",
            "sheet": "La Borde",
            "year": 1951
          },
          {
            "address": "['rue dela Borde 44']",
            "Nom": "La Borde",
            "Métier": "['monteur']",
            "Classification": "proletaire",
            "LigneOriginal": "Herren-KBhli Robert, monteur, rue dela Borde 44.",
            "sheet": "La Borde",
            "year": 1951
          },
          {
            "address": "['ruede la Borde 44']",
            "Nom": "La Borde",
            "Métier": "['menuisier']",
            "Classification": "proletaire",
            "LigneOriginal": "Klœti-Noverraz Willy, menuisier, ruede la Borde 44.",
            "sheet": "La Borde",
            "year": 1951
          }
        ],
        "merged_count": 3
      }
    },
    {
      "type": "Feature",
      "geometry": {
        "type": "Point",
        "coordinates": [
          46.531383,
          6.631194
        ]
      },
      "properties": {
        "points": [
          {
            "address": "['rue de la Borde 36']",
            "Nom": "La Borde",
            "Métier": "[]",
            "Classification": "???",
            "LigneOriginal": "- Victorine, rue de la Borde 36.",
            "sheet": "La Borde",
            "year": 1951
          },
          {
            "address": "['r.de la Borde 36']",
            "Nom": "La Borde",
            "Métier": "['magasin.-livreur,']",
            "Classification": "proletaire",
            "LigneOriginal": "Golay-Pilet Louis, magasin.-livreur, r.de la Borde 36.",
            "sheet": "La Borde",
            "year": 1951
          }
        ],
        "merged_count": 2
      }
    },
    {
      "type": "Feature",
      "geometry": {
        "type": "Point",
        "coordinates": [
          46.530333,
          6.631494
        ]
      },
      "properties": {
        "points": [
          {
            "address": "['rue dela Borde 39']",
            "Nom": "La Borde",
            "Métier": "['vigneron']",
            "Classification": "proletaire",
            "LigneOriginal": "Dogny-Dogny Nicolas, vigneron, rue dela Borde 39.",
            "sheet": "La Borde",
            "year": 1951
          },
          {
            "address": "['r.Bugnon 8', 'At. r. dela Borde 39']",
            "Nom": "La Borde",
            "Métier": "['nickeleur']",
            "Classification": "proletaire",
            "LigneOriginal": "Mordasini-Renand André, nickeleur, r.Bugnon 8. T. 23 76 73. At. r. dela Borde 39.",
            "sheet": "La Borde",
            "year": 1951
          },
          {
            "address": "['de la Borde 39']",
            "Nom": "La Borde",
            "Métier": "['anc. tonnel.']",
            "Classification": "inactif",
            "LigneOriginal": "Rnegsegger-Widmer Jacob, anc. tonnel.,rue de la Borde 39.",
            "sheet": "La Borde",
            "year": 1951
          },
          {
            "address": "['rue dela Borde 39']",
            "Nom": "La Borde",
            "Métier": "[]",
            "Classification": "???",
            "LigneOriginal": "Schwengler-Décombaz Emilie, rue dela Borde 39.",
            "sheet": "La Borde",
            "year": 1951
          }
        ],
        "merged_count": 4
      }
    },
    {
      "type": "Feature",
      "geometry": {
        "type": "Point",
        "coordinates": [
          46.528221,
          6.632494
        ]
      },
      "properties": {
        "points": [
          {
            "address": "['r. dela Borde 15']",
            "Nom": "La Borde",
            "Métier": "['boulanger']",
            "Classification": "proletaire",
            "LigneOriginal": "Doxat-Martin Louis, boulanger, r. dela Borde 15. M. et An. T. 24 64 72.",
            "sheet": "La Borde",
            "year": 1951
          },
          {
            "address": "['rue dela Borde 15']",
            "Nom": "La Borde",
            "Métier": "['dessin, arch']",
            "Classification": "intermediaire",
            "LigneOriginal": "Doy-Simon André, dessin, arch., rue dela Borde 15.",
            "sheet": "La Borde",
            "year": 1951
          },
          {
            "address": "[',r. de la Borde 15']",
            "Nom": "La Borde",
            "Métier": "['chauffeur']",
            "Classification": "proletaire",
            "LigneOriginal": "Fracheboud^Golaz Alphonse, chauffeur,r. de la Borde 15.",
            "sheet": "La Borde",
            "year": 1951
          },
          {
            "address": "['r.de la Borde 15']",
            "Nom": "La Borde",
            "Métier": "['mécanicien']",
            "Classification": "intermediaire",
            "LigneOriginal": "Gavillet-Imrrian Marcel, mécanicien, r.de la Borde 15. T. 2417 27.",
            "sheet": "La Borde",
            "year": 1951
          },
          {
            "address": "['ruede la Borde 15']",
            "Nom": "La Borde",
            "Métier": "['peintre']",
            "Classification": "proletaire",
            "LigneOriginal": "Keysener-Carrnpt Francis, peintre, ruede la Borde 15.",
            "sheet": "La Borde",
            "year": 1951
          },
          {
            "address": "['rue dela Borde 15']",
            "Nom": "La Borde",
            "Métier": "['man.']",
            "Classification": "proletaire",
            "LigneOriginal": "Margairaz-Gordey Marcel, man., rue dela Borde 15.",
            "sheet": "La Borde",
            "year": 1951
          },
          {
            "address": "['r. de laBorde 15']",
            "Nom": "La Borde",
            "Métier": "['portier']",
            "Classification": "proletaire",
            "LigneOriginal": "Moulin-Pahud Gaston, portier, r. de laBorde 15.",
            "sheet": "La Borde",
            "year": 1951
          },
          {
            "address": "['r. dela Borde 15']",
            "Nom": "La Borde",
            "Métier": "['empi. T. L.']",
            "Classification": "proletaire",
            "LigneOriginal": "Mury-Rosset Robert, empi. T. L., r. dela Borde 15.",
            "sheet": "La Borde",
            "year": 1951
          },
          {
            "address": "['r. de la Borde 15']",
            "Nom": "La Borde",
            "Métier": "['menuis']",
            "Classification": "proletaire",
            "LigneOriginal": "Rochat-Ramseyer François, menuis er,r. de la Borde 15.",
            "sheet": "La Borde",
            "year": 1951
          }
        ],
        "merged_count": 9
      }
    },
    {
      "type": "Feature",
      "geometry": {
        "type": "Point",
        "coordinates": [
          46.528365,
          6.632387
        ]
      },
      "properties": {
        "points": [
          {
            "address": "['ruede la Borde 17']",
            "Nom": "La Borde",
            "Métier": "[]",
            "Classification": "???",
            "LigneOriginal": "Emag S. A., cuirs et peaux brutes, ruede la Borde 17. T. 2417 04.",
            "sheet": "La Borde",
            "year": 1951
          }
        ],
        "merged_count": 1
      }
    },
    {
      "type": "Feature",
      "geometry": {
        "type": "Point",
        "coordinates": [
          46.531754,
          6.630958
        ]
      },
      "properties": {
        "points": [
          {
            "address": "['rue de la Borde 38']",
            "Nom": "La Borde",
            "Métier": "['empi, d’hôtel']",
            "Classification": "proletaire",
            "LigneOriginal": "Ethenoz-Morel Auguste, empi, d’hôtel,rue de la Borde 38.",
            "sheet": "La Borde",
            "year": 1951
          },
          {
            "address": "['rue de la Borde 38']",
            "Nom": "La Borde",
            "Métier": "[]",
            "Classification": "???",
            "LigneOriginal": "— Blanche, rue de la Borde 38.",
            "sheet": "La Borde",
            "year": 1951
          }
        ],
        "merged_count": 2
      }
    },
    {
      "type": "Feature",
      "geometry": {
        "type": "Point",
        "coordinates": [
          46.531886,
          6.629861
        ]
      },
      "properties": {
        "points": [
          {
            "address": "['r de laBorde 59']",
            "Nom": "La Borde",
            "Métier": "['Louisa', 'épicerie']",
            "Classification": "proletaire",
            "LigneOriginal": "Fankhaoser. Louisa, épicerie, r de laBorde 59. iM. et Ap.",
            "sheet": "La Borde",
            "year": 1951
          },
          {
            "address": "['r. de laBorde 59']",
            "Nom": "La Borde",
            "Métier": "['tapissier']",
            "Classification": "proletaire",
            "LigneOriginal": "Progler Jean-Pierre, tapissier, r. de laBorde 59.",
            "sheet": "La Borde",
            "year": 1951
          }
        ],
        "merged_count": 2
      }
    },
    {
      "type": "Feature",
      "geometry": {
        "type": "Point",
        "coordinates": [
          46.531398,
          6.630035
        ]
      },
      "properties": {
        "points": [
          {
            "address": "['rue dela Borde 51']",
            "Nom": "La Borde",
            "Métier": "['typo']",
            "Classification": "intermediaire",
            "LigneOriginal": "Gessenay-Bolay William, typo, rue dela Borde 51. T. 2414 62.",
            "sheet": "La Borde",
            "year": 1951
          }
        ],
        "merged_count": 1
      }
    },
    {
      "type": "Feature",
      "geometry": {
        "type": "Point",
        "coordinates": [
          46.529828,
          6.631668
        ]
      },
      "properties": {
        "points": [
          {
            "address": "['rue dela Borde 33']",
            "Nom": "La Borde",
            "Métier": "['monteur']",
            "Classification": "proletaire",
            "LigneOriginal": "Glamer-Cochard Fritz, monteur, rue dela Borde 33.",
            "sheet": "La Borde",
            "year": 1951
          },
          {
            "address": "['rue du la Borde 33']",
            "Nom": "La Borde",
            "Métier": "[]",
            "Classification": "???",
            "LigneOriginal": "— Frédy, rue du la Borde 33.",
            "sheet": "La Borde",
            "year": 1951
          }
        ],
        "merged_count": 2
      }
    },
    {
      "type": "Feature",
      "geometry": {
        "type": "Point",
        "coordinates": [
          46.532026,
          6.629781
        ]
      },
      "properties": {
        "points": [
          {
            "address": "['r. dela Borde 63']",
            "Nom": "La Borde",
            "Métier": "['tonnelier']",
            "Classification": "proletaire",
            "LigneOriginal": "Gœtz-Gander Christian, tonnelier, r. dela Borde 63.",
            "sheet": "La Borde",
            "year": 1951
          },
          {
            "address": "['ruede la Borde 63']",
            "Nom": "La Borde",
            "Métier": "['veuve']",
            "Classification": "inactif",
            "LigneOriginal": "Morazzoni-Mordasini Marie, veuve, ruede la Borde 63.",
            "sheet": "La Borde",
            "year": 1951
          }
        ],
        "merged_count": 2
      }
    },
    {
      "type": "Feature",
      "geometry": {
        "type": "Point",
        "coordinates": [
          46.532155,
          6.629625
        ]
      },
      "properties": {
        "points": [
          {
            "address": "['r. de la Borde 67']",
            "Nom": "La Borde",
            "Métier": "[]",
            "Classification": "???",
            "LigneOriginal": "Joly-Delisle Elise, r. de la Borde 67.",
            "sheet": "La Borde",
            "year": 1951
          }
        ],
        "merged_count": 1
      }
    },
    {
      "type": "Feature",
      "geometry": {
        "type": "Point",
        "coordinates": [
          46.532464,
          6.630106
        ]
      },
      "properties": {
        "points": [
          {
            "address": "['ruede la Borde 52']",
            "Nom": "La Borde",
            "Métier": "['charpentier']",
            "Classification": "proletaire",
            "LigneOriginal": "Léchaire-Mottaz Paul, charpentier, ruede la Borde 52.",
            "sheet": "La Borde",
            "year": 1951
          }
        ],
        "merged_count": 1
      }
    },
    {
      "type": "Feature",
      "geometry": {
        "type": "Point",
        "coordinates": [
          46.532671,
          6.630391
        ]
      },
      "properties": {
        "points": [
          {
            "address": "['rue de laBorde 60']",
            "Nom": "La Borde",
            "Métier": "['épicerie']",
            "Classification": "proletaire",
            "LigneOriginal": "Menond-Moret Max. épicerie, rue de laBorde 60. T. 24 67 39.",
            "sheet": "La Borde",
            "year": 1951
          },
          {
            "address": "['r. dela Borde 60']",
            "Nom": "La Borde",
            "Métier": "['emp. CFF']",
            "Classification": "intermediaire",
            "LigneOriginal": "Pasche-Moret Marosi, emp. CFF, r. dela Borde 60.",
            "sheet": "La Borde",
            "year": 1951
          }
        ],
        "merged_count": 2
      }
    },
    {
      "type": "Feature",
      "geometry": {
        "type": "Point",
        "coordinates": [
          46.5314,
          6.630904
        ]
      },
      "properties": {
        "points": [
          {
            "address": "['r. de laBorde 34']",
            "Nom": "La Borde",
            "Métier": "['man.']",
            "Classification": "proletaire",
            "LigneOriginal": "Morel-Pillonel Marius, man., r. de laBorde 34",
            "sheet": "La Borde",
            "year": 1951
          },
          {
            "address": "['de la Borde 34']",
            "Nom": "La Borde",
            "Métier": "['appareilleur.rue']",
            "Classification": "proletaire",
            "LigneOriginal": "Ponnaz-Plancherel René, appareilleur.rue de la Borde 34.",
            "sheet": "La Borde",
            "year": 1951
          },
          {
            "address": "['ruede la Borde 34']",
            "Nom": "La Borde",
            "Métier": "['manœuvre']",
            "Classification": "proletaire",
            "LigneOriginal": "Torche-Blanchet Henri, manœuvre, ruede la Borde 34.",
            "sheet": "La Borde",
            "year": 1951
          }
        ],
        "merged_count": 3
      }
    },
    {
      "type": "Feature",
      "geometry": {
        "type": "Point",
        "coordinates": [
          46.528088,
          6.633258
        ]
      },
      "properties": {
        "points": [
          {
            "address": "['ch. Fauvette 30', '. r de la Borde 4']",
            "Nom": "La Borde",
            "Métier": "['équipementélectr.']",
            "Classification": "???",
            "LigneOriginal": "Schumacher-Faure Emile, équipementélectr., ch. Fauvette 30. T. 23 37 15.At. r de la Borde 4. T. 23 37 14.",
            "sheet": "La Borde",
            "year": 1951
          }
        ],
        "merged_count": 1
      }
    },
    {
      "type": "Feature",
      "geometry": {
        "type": "Point",
        "coordinates": [
          46.530225,
          6.632233
        ]
      },
      "properties": {
        "points": [
          {
            "address": "['ch. des Aubépines 23', 'la Borde 28']",
            "Nom": "La Borde",
            "Métier": "['menuisier']",
            "Classification": "proletaire",
            "LigneOriginal": "Séchaud-Schneider Henri, menuisier,ch. des Aubépines 23. T. 24 78 62.At. ,r de la Borde 28. T. 24 78 61.",
            "sheet": "La Borde",
            "year": 1951
          }
        ],
        "merged_count": 1
      }
    },
    {
      "type": "Feature",
      "geometry": {
        "type": "Point",
        "coordinates": [
          46.529626,
          6.632477
        ]
      },
      "properties": {
        "points": [
          {
            "address": "['rue dela Borde 26']",
            "Nom": "La Borde",
            "Métier": "['forain']",
            "Classification": "proletaire",
            "LigneOriginal": "Wetzel-Bornand Gilbert, forain, rue dela Borde 26.",
            "sheet": "La Borde",
            "year": 1951
          }
        ],
        "merged_count": 1
      }
    },
    {
      "type": "Feature",
      "geometry": {
        "type": "Point",
        "coordinates": [
          46.521601,
          6.612602
        ]
      },
      "properties": {
        "points": [
          {
            "address": "['eh. de laColline 6']",
            "Nom": "La Colline",
            "Métier": "['chauffeur']",
            "Classification": "proletaire",
            "LigneOriginal": "Amy-Rense René, chauffeur, eh. de laColline 6.",
            "sheet": "La Colline",
            "year": 1951
          },
          {
            "address": "['ch. de la Colline 6']",
            "Nom": "La Colline",
            "Métier": "['revendeur']",
            "Classification": "proletaire",
            "LigneOriginal": "Baillif Albert, revendeur, ch. de la Colline 6.",
            "sheet": "La Colline",
            "year": 1951
          },
          {
            "address": "['ch. de laColline 6']",
            "Nom": "La Colline",
            "Métier": "['empi. CFF..']",
            "Classification": "intermediaire",
            "LigneOriginal": "Catillaz Roger, empi. CFF.. ch. de laColline 6.",
            "sheet": "La Colline",
            "year": 1951
          },
          {
            "address": "['ch. de la Colline 6']",
            "Nom": "La Colline",
            "Métier": "[]",
            "Classification": "???",
            "LigneOriginal": "Chanex-Papanx Marcel, ch. de la Colline 6.",
            "sheet": "La Colline",
            "year": 1951
          },
          {
            "address": "['Mairet Jean', 'ch. dela Colline 6']",
            "Nom": "La Colline",
            "Métier": "['.serrurier']",
            "Classification": "intermediaire",
            "LigneOriginal": "Clot-Jean-Mairet Jean .serrurier, ch. dela Colline 6.",
            "sheet": "La Colline",
            "year": 1951
          },
          {
            "address": "['ch. de la Colline 6']",
            "Nom": "La Colline",
            "Métier": "[]",
            "Classification": "???",
            "LigneOriginal": "Dénéréaz Bluette, ch. de la Colline 6.",
            "sheet": "La Colline",
            "year": 1951
          },
          {
            "address": "['ch. de la Colline 6']",
            "Nom": "La Colline",
            "Métier": "['machiniste']",
            "Classification": "proletaire",
            "LigneOriginal": "Giraidet-Baeriswyl Robert, machiniste,ch. de la Colline 6.",
            "sheet": "La Colline",
            "year": 1951
          },
          {
            "address": "['ch. de la Colline 6']",
            "Nom": "La Colline",
            "Métier": "['maçon']",
            "Classification": "proletaire",
            "LigneOriginal": "Ïve-Riat Carlo, maçon, ch. de la Colline 6.",
            "sheet": "La Colline",
            "year": 1951
          },
          {
            "address": "['gérances,ch. de la Colline 6']",
            "Nom": "La Colline",
            "Métier": "['entrep., admin.Autobus Lausannois']",
            "Classification": "???",
            "LigneOriginal": "Lomazzi-Bellorini Jean, entrep., admin.Autobus Lausannois et gérances,ch. de la Colline 6. B. pl. Chau-deron 1. T. 24 93 10.",
            "sheet": "La Colline",
            "year": 1951
          },
          {
            "address": "['ch. de la Colline 6']",
            "Nom": "La Colline",
            "Métier": "['chauff.A.L.']",
            "Classification": "proletaire",
            "LigneOriginal": "Lomazzi-Lambert Jean-Pierre, chauff.A.L., ch. de la Colline 6.",
            "sheet": "La Colline",
            "year": 1951
          },
          {
            "address": "['ch. de laColline 6']",
            "Nom": "La Colline",
            "Métier": "['Vve']",
            "Classification": "inactif",
            "LigneOriginal": "Perrier-Geiger Blanche. Vve. ch. de laColline 6.",
            "sheet": "La Colline",
            "year": 1951
          },
          {
            "address": "['ch. de la Colline 6']",
            "Nom": "La Colline",
            "Métier": "['mécanicienGFF,']",
            "Classification": "intermediaire",
            "LigneOriginal": "Philipona-Dénéréaz Marcel, mécanicienGFF, ch. de la Colline 6.",
            "sheet": "La Colline",
            "year": 1951
          },
          {
            "address": "['ch. de laColline 6']",
            "Nom": "La Colline",
            "Métier": "['pierriste']",
            "Classification": "proletaire",
            "LigneOriginal": "Piot-Comu Jules, pierriste. ch. de laColline 6. T. 24 50 59",
            "sheet": "La Colline",
            "year": 1951
          }
        ],
        "merged_count": 13
      }
    },
    {
      "type": "Feature",
      "geometry": {
        "type": "Point",
        "coordinates": [
          46.521631,
          6.611954
        ]
      },
      "properties": {
        "points": [
          {
            "address": "['ch. de la Colline 16.T.']",
            "Nom": "La Colline",
            "Métier": "[]",
            "Classification": "???",
            "LigneOriginal": "Argenterie Roux, ch. de la Colline 16.T. 24 6139.",
            "sheet": "La Colline",
            "year": 1951
          },
          {
            "address": "['chemin de la Colline 9. An. et At.T 9417']",
            "Nom": "La Colline",
            "Métier": "['fabric', 'chaussures']",
            "Classification": "proletaire",
            "LigneOriginal": "Berao-Besson André, fabric, chaussures,chemin de la Colline 9. An. et At.T 9417 64",
            "sheet": "La Colline",
            "year": 1951
          },
          {
            "address": "['rte duSignal 17', 'At. ch. de la Colline6-']",
            "Nom": "La Colline",
            "Métier": "['mécanicien']",
            "Classification": "intermediaire",
            "LigneOriginal": "Jaggi-Ischi Hans, mécanicien, rte duSignal 17. At. ch. de la Colline6-8. T. 24 66 48.",
            "sheet": "La Colline",
            "year": 1951
          },
          {
            "address": "['ch.de la Colline 2. At. An.']",
            "Nom": "La Colline",
            "Métier": "['carrossier']",
            "Classification": "intermediaire",
            "LigneOriginal": "Pavillard-Graf Marcel, carrossier, ch.de la Colline 2. At. An. T. 2412 91.",
            "sheet": "La Colline",
            "year": 1951
          },
          {
            "address": "['ch. de la Colline 10T.']",
            "Nom": "La Colline",
            "Métier": "['appareilsélectriques,']",
            "Classification": "proletaire",
            "LigneOriginal": "Super Electric Ventes S. A., appareilsélectriques, ch. de la Colline 10T. 24 44 55.",
            "sheet": "La Colline",
            "year": 1951
          }
        ],
        "merged_count": 5
      }
    },
    {
      "type": "Feature",
      "geometry": {
        "type": "Point",
        "coordinates": [
          46.521707,
          6.612294
        ]
      },
      "properties": {
        "points": [
          {
            "address": "['chem.de la Colline 8']",
            "Nom": "La Colline",
            "Métier": "['commerc.']",
            "Classification": "proletaire",
            "LigneOriginal": "Berger-Rapin Arnold, commerc., chem.de la Colline 8.",
            "sheet": "La Colline",
            "year": 1951
          },
          {
            "address": "['ch dela Colline 8']",
            "Nom": "La Colline",
            "Métier": "['pension']",
            "Classification": "inactif",
            "LigneOriginal": "Bovay-Corbaz Edmond, pension, ch dela Colline 8. T. 24 63 93.",
            "sheet": "La Colline",
            "year": 1951
          },
          {
            "address": "['ch.de la Colline 8']",
            "Nom": "La Colline",
            "Métier": "['camionneur']",
            "Classification": "proletaire",
            "LigneOriginal": "Bovay-Gisclon Gaston, camionneur, ch.de la Colline 8",
            "sheet": "La Colline",
            "year": 1951
          },
          {
            "address": "['chemin dela Colline 8']",
            "Nom": "La Colline",
            "Métier": "['man.']",
            "Classification": "proletaire",
            "LigneOriginal": "Burger-Benz Louis, man., chemin dela Colline 8",
            "sheet": "La Colline",
            "year": 1951
          },
          {
            "address": "['ch. de la Colline 8']",
            "Nom": "La Colline",
            "Métier": "['empi, banque']",
            "Classification": "intermediaire",
            "LigneOriginal": "Champendal-Tenud André, empi, banque, ch. de la Colline 8.",
            "sheet": "La Colline",
            "year": 1951
          },
          {
            "address": "['ch de la Colline 8']",
            "Nom": "La Colline",
            "Métier": "['boucheir']",
            "Classification": "proletaire",
            "LigneOriginal": "— Louis, boucheir, ch de la Colline 8.",
            "sheet": "La Colline",
            "year": 1951
          },
          {
            "address": "['ch.de la Colline 8']",
            "Nom": "La Colline",
            "Métier": "['reorésent.']",
            "Classification": "proletaire",
            "LigneOriginal": "Dénéréaz-Barbey Louis, reorésent., ch.de la Colline 8.",
            "sheet": "La Colline",
            "year": 1951
          },
          {
            "address": "['ch. de laColline 8']",
            "Nom": "La Colline",
            "Métier": "['commissionnaire']",
            "Classification": "proletaire",
            "LigneOriginal": "— Gilbert, commissionnaire, ch. de laColline 8.",
            "sheet": "La Colline",
            "year": 1951
          },
          {
            "address": "['eli. \"de la Colline 8']",
            "Nom": "La Colline",
            "Métier": "['commission']",
            "Classification": "intermediaire",
            "LigneOriginal": "- Marcel, commission, eli. \"de la Colline 8.",
            "sheet": "La Colline",
            "year": 1951
          },
          {
            "address": "['chem. de laColline 8']",
            "Nom": "La Colline",
            "Métier": "[]",
            "Classification": "???",
            "LigneOriginal": "Gattabin-Ducret Georges, chem. de laColline 8.",
            "sheet": "La Colline",
            "year": 1951
          },
          {
            "address": "['ch.de la Colline 8']",
            "Nom": "La Colline",
            "Métier": "['concierge']",
            "Classification": "proletaire",
            "LigneOriginal": "Gilliard-Delessert Alois, concierge, ch.de la Colline 8",
            "sheet": "La Colline",
            "year": 1951
          },
          {
            "address": "['ch. de la Colline 8']",
            "Nom": "La Colline",
            "Métier": "[]",
            "Classification": "???",
            "LigneOriginal": "—• Marguerite, ch. de la Colline 8.",
            "sheet": "La Colline",
            "year": 1951
          },
          {
            "address": "['ch.de la Colline 8']",
            "Nom": "La Colline",
            "Métier": "['mécan. CEE.']",
            "Classification": "intermediaire",
            "LigneOriginal": "Hediger-Rochat Ernst, mécan. CEE., ch.de la Colline 8.",
            "sheet": "La Colline",
            "year": 1951
          },
          {
            "address": "['chenvn de laColline 8']",
            "Nom": "La Colline",
            "Métier": "['chauffeur']",
            "Classification": "proletaire",
            "LigneOriginal": "Levrat Alfred, chauffeur, chenvn de laColline 8",
            "sheet": "La Colline",
            "year": 1951
          },
          {
            "address": "['ch. de la Colline 8']",
            "Nom": "La Colline",
            "Métier": "['musicien']",
            "Classification": "intermediaire",
            "LigneOriginal": "Maillard-Ghampendal Philippe, musicien. ch. de la Colline 8",
            "sheet": "La Colline",
            "year": 1951
          },
          {
            "address": "['ch.de la Colline 8']",
            "Nom": "La Colline",
            "Métier": "['man.']",
            "Classification": "proletaire",
            "LigneOriginal": "Martignier-Menard Marcel, man., ch.de la Colline 8.",
            "sheet": "La Colline",
            "year": 1951
          }
        ],
        "merged_count": 16
      }
    },
    {
      "type": "Feature",
      "geometry": {
        "type": "Point",
        "coordinates": [
          46.556691,
          6.55265
        ]
      },
      "properties": {
        "points": [
          {
            "address": "['chemin de laColline 10']",
            "Nom": "La Colline",
            "Métier": "['ouv. CFF']",
            "Classification": "intermediaire",
            "LigneOriginal": "— Giovanni, ouv. CFF., chemin de laColline 10.",
            "sheet": "La Colline",
            "year": 1951
          },
          {
            "address": "['ch. de la Colline 10']",
            "Nom": "La Colline",
            "Métier": "['art. bronze,aven, des Oiseaux 5']",
            "Classification": "intermediaire",
            "LigneOriginal": "Eichhom-Probst Georges, art. bronze,aven, des Oiseaux 5. T. 24 47 46.At. ch. de la Colline 10. T. 24 74 94.",
            "sheet": "La Colline",
            "year": 1951
          },
          {
            "address": "['ch.de la Colline 10']",
            "Nom": "La Colline",
            "Métier": "['boulanger']",
            "Classification": "proletaire",
            "LigneOriginal": "Reymond-Gigand Paul, boulanger, ch.de la Colline 10.",
            "sheet": "La Colline",
            "year": 1951
          },
          {
            "address": "['av. Floréal 19.At. ch. de la Colline 10']",
            "Nom": "La Colline",
            "Métier": "['ingénieur Neocalor']",
            "Classification": "élevé",
            "LigneOriginal": "Zuberbfihler-Nicolenko Alexandre, ingénieur Neocalor, av. Floréal 19.At. ch. de la Colline 10. T. 2.20.29.",
            "sheet": "La Colline",
            "year": 1951
          }
        ],
        "merged_count": 4
      }
    },
    {
      "type": "Feature",
      "geometry": {
        "type": "Point",
        "coordinates": [
          46.521377,
          6.612451
        ]
      },
      "properties": {
        "points": [
          {
            "address": "['ch. duCouchant 18', 'Garagech. de la Colline 3']",
            "Nom": "La Colline",
            "Métier": "['camionneur']",
            "Classification": "proletaire",
            "LigneOriginal": "Jaggi-Hnber Paul, camionneur, ch. duCouchant 18. T. 24 73 68. Garagech. de la Colline 3. T. 24 73 67.",
            "sheet": "La Colline",
            "year": 1951
          },
          {
            "address": "['ch. de laColline 3']",
            "Nom": "La Colline",
            "Métier": "['Vve']",
            "Classification": "inactif",
            "LigneOriginal": "Wehren-Genier Jeanne, Vve, ch. de laColline 3.",
            "sheet": "La Colline",
            "year": 1951
          }
        ],
        "merged_count": 2
      }
    },
    {
      "type": "Feature",
      "geometry": {
        "type": "Point",
        "coordinates": [
          46.522193,
          6.610418
        ]
      },
      "properties": {
        "points": [
          {
            "address": "['ch. dela Colline 16']",
            "Nom": "La Colline",
            "Métier": "['veuve']",
            "Classification": "inactif",
            "LigneOriginal": "Kohler-Rayronx Hélène, veuve, ch. dela Colline 16.",
            "sheet": "La Colline",
            "year": 1951
          }
        ],
        "merged_count": 1
      }
    },
    {
      "type": "Feature",
      "geometry": {
        "type": "Point",
        "coordinates": [
          46.521158,
          6.613031
        ]
      },
      "properties": {
        "points": [
          {
            "address": "['ch. de la Colline 6', 'Mag.rue Montellv 1']",
            "Nom": "La Colline",
            "Métier": "['négoc. entabacs,']",
            "Classification": "proletaire",
            "LigneOriginal": "Maillardet-Sandoz Marcel, négoc. entabacs, ch. de la Colline 6. Mag.rue Montellv 1. T. 24 77 54.",
            "sheet": "La Colline",
            "year": 1951
          },
          {
            "address": "['ch.Clochetons 10', 'Chant,ch. de la Colline 1']",
            "Nom": "La Colline",
            "Métier": "['cimenteur']",
            "Classification": "proletaire",
            "LigneOriginal": "Mann-Viquerat Alfred, cimenteur, ch.Clochetons 10 T. 24 48 92. Chant,ch. de la Colline 1.",
            "sheet": "La Colline",
            "year": 1951
          }
        ],
        "merged_count": 2
      }
    },
    {
      "type": "Feature",
      "geometry": {
        "type": "Point",
        "coordinates": [
          46.521433,
          6.613129
        ]
      },
      "properties": {
        "points": [
          {
            "address": "['ch.de la Colline 4']",
            "Nom": "La Colline",
            "Métier": "['menuisier']",
            "Classification": "proletaire",
            "LigneOriginal": "Meyer-Tiolliet Frédéric, menuisier, ch.de la Colline 4. T. 24 60 88. Ap. âRenens.",
            "sheet": "La Colline",
            "year": 1951
          }
        ],
        "merged_count": 1
      }
    },
    {
      "type": "Feature",
      "geometry": {
        "type": "Point",
        "coordinates": [
          46.522231,
          6.61044
        ]
      },
      "properties": {
        "points": [
          {
            "address": "['ch. dela Colline 14']",
            "Nom": "La Colline",
            "Métier": "['fahr, de bijouterie']",
            "Classification": "proletaire",
            "LigneOriginal": "Roux S. A., fahr, de bijouterie, ch. dela Colline 14. IL At. T- 24 6139.",
            "sheet": "La Colline",
            "year": 1951
          }
        ],
        "merged_count": 1
      }
    },
    {
      "type": "Feature",
      "geometry": {
        "type": "Point",
        "coordinates": [
          46.529027,
          6.630414
        ]
      },
      "properties": {
        "points": [
          {
            "address": "['nie dela Pontaise 56']",
            "Nom": "La Pontaise",
            "Métier": "['employé']",
            "Classification": "intermediaire",
            "LigneOriginal": "Anex-Götschin Louis, employé, nie dela Pontaise 56.",
            "sheet": "La Pontaise",
            "year": 1951
          },
          {
            "address": "['r. dela Pontaise 56']",
            "Nom": "La Pontaise",
            "Métier": "['man']",
            "Classification": "proletaire",
            "LigneOriginal": "Blanchard-Favrod Alfred, man., r. dela Pontaise 56.",
            "sheet": "La Pontaise",
            "year": 1951
          },
          {
            "address": "['rue dela Pontaise 54']",
            "Nom": "La Pontaise",
            "Métier": "['électricien']",
            "Classification": "intermediaire",
            "LigneOriginal": "Bettet-Jordan Roger, électricien, rue dela Pontaise 54.",
            "sheet": "La Pontaise",
            "year": 1951
          },
          {
            "address": "['r.de la Pontaise 56']",
            "Nom": "La Pontaise",
            "Métier": "['coiffeur']",
            "Classification": "proletaire",
            "LigneOriginal": "Charberet-Collaud Edmond, coiffeur, r.de la Pontaise 56.",
            "sheet": "La Pontaise",
            "year": 1951
          },
          {
            "address": "['r.de la Pontaise 28']",
            "Nom": "La Pontaise",
            "Métier": "['employée de comm']",
            "Classification": "proletaire",
            "LigneOriginal": "Emch Mathilde, employée de comm., r.de la Pontaise 28.",
            "sheet": "La Pontaise",
            "year": 1951
          },
          {
            "address": "['r. de laPontaise 36']",
            "Nom": "La Pontaise",
            "Métier": "['secrétaiire']",
            "Classification": "intermediaire",
            "LigneOriginal": "Forster-Juan Odette, secrétaiire, r. de laPontaise 36.",
            "sheet": "La Pontaise",
            "year": 1951
          },
          {
            "address": "['rue dela Pontaise 54']",
            "Nom": "La Pontaise",
            "Métier": "['peintre']",
            "Classification": "proletaire",
            "LigneOriginal": "Martinet-Mellet Robert, peintre, rue dela Pontaise 54.",
            "sheet": "La Pontaise",
            "year": 1951
          },
          {
            "address": "['rue de laPontaise 56']",
            "Nom": "La Pontaise",
            "Métier": "['menuisier']",
            "Classification": "proletaire",
            "LigneOriginal": "Rapin-Lerch Jules, menuisier, rue de laPontaise 56.",
            "sheet": "La Pontaise",
            "year": 1951
          },
          {
            "address": "['r.de la Pontaise 54']",
            "Nom": "La Pontaise",
            "Métier": "['électro-mécan .']",
            "Classification": "intermediaire",
            "LigneOriginal": "Thélin-Fatton Henri, électro-mécan . r.de la Pontaise 54.",
            "sheet": "La Pontaise",
            "year": 1951
          },
          {
            "address": "['r. de la Pontaise 54']",
            "Nom": "La Pontaise",
            "Métier": "['Vve']",
            "Classification": "inactif",
            "LigneOriginal": "Vogt-Zahler Louisa, Vve, r. de la Pontaise 54-56.",
            "sheet": "La Pontaise",
            "year": 1951
          },
          {
            "address": "['Pontaise 23bis']",
            "Nom": "Pontaise",
            "Métier": "[]",
            "Classification": "???",
            "LigneOriginal": "Bandin-Kohler Louise, Pontaise 23bis.",
            "sheet": "Pontaise",
            "year": 1951
          },
          {
            "address": "['Blanc-Loutan Marcel', 'Pontaise43 bis. M. au 36']",
            "Nom": "Pontaise",
            "Métier": "['épicerie']",
            "Classification": "proletaire",
            "LigneOriginal": "Blanc-Loutan Marcel, épicerie. Pontaise43 bis. M. au 36.",
            "sheet": "Pontaise",
            "year": 1951
          },
          {
            "address": "['Pontaise 23bis']",
            "Nom": "Pontaise",
            "Métier": "[]",
            "Classification": "???",
            "LigneOriginal": "Bolliger Clara, Pontaise 23bis.",
            "sheet": "Pontaise",
            "year": 1951
          },
          {
            "address": "['Pontaise 32']",
            "Nom": "Pontaise",
            "Métier": "['employé']",
            "Classification": "intermediaire",
            "LigneOriginal": "— Henri, employé, Pontaise 32.",
            "sheet": "Pontaise",
            "year": 1951
          },
          {
            "address": "['Pontaise 60']",
            "Nom": "Pontaise",
            "Métier": "['vendeuse']",
            "Classification": "proletaire",
            "LigneOriginal": "— Louisette, vendeuse, Pontaise 60.",
            "sheet": "Pontaise",
            "year": 1951
          },
          {
            "address": "['av. des Oiseaux 8Mag. Pontaise 36']",
            "Nom": "Pontaise",
            "Métier": "['épicerie']",
            "Classification": "proletaire",
            "LigneOriginal": "— Marthe, épicerie, av. des Oiseaux 8Mag. Pontaise 36.",
            "sheet": "Pontaise",
            "year": 1951
          },
          {
            "address": "['Pontaise 60']",
            "Nom": "Pontaise",
            "Métier": "['cantine descasernes,']",
            "Classification": "proletaire",
            "LigneOriginal": "Dorsaz-Rochat Blanche, cantine descasernes, Pontaise 60. T. 2415 55.",
            "sheet": "Pontaise",
            "year": 1951
          },
          {
            "address": "['Pontaise 36']",
            "Nom": "Pontaise",
            "Métier": "['représentant']",
            "Classification": "intermediaire",
            "LigneOriginal": "Dntoit-Hagenbnch Marcel, représentant,Pontaise 36.",
            "sheet": "Pontaise",
            "year": 1951
          },
          {
            "address": "['Pontaise 60.T. 2415']",
            "Nom": "Pontaise",
            "Métier": "['restaurateur cantine des Casernes']",
            "Classification": "proletaire",
            "LigneOriginal": "Fatio-Monnard Paul, restaurateur cantine des Casernes, Pontaise 60.T. 2415 55.",
            "sheet": "Pontaise",
            "year": 1951
          },
          {
            "address": "['mécanicienPontaise 36']",
            "Nom": "Pontaise",
            "Métier": "[]",
            "Classification": "???",
            "LigneOriginal": "Fauchez-Bomand Charles, mécanicienPontaise 36.",
            "sheet": "Pontaise",
            "year": 1951
          },
          {
            "address": "['Pontaise 31.T. 2410']",
            "Nom": "Pontaise",
            "Métier": "[]",
            "Classification": "???",
            "LigneOriginal": "Mercet-Chapnis Germaine, Pontaise 31.T. 2410 60",
            "sheet": "Pontaise",
            "year": 1951
          },
          {
            "address": "['Pontaise 32']",
            "Nom": "Pontaise",
            "Métier": "[]",
            "Classification": "???",
            "LigneOriginal": "Ottmann Rosa, Pontaise 32.",
            "sheet": "Pontaise",
            "year": 1951
          },
          {
            "address": "['Pontaise 60']",
            "Nom": "Pontaise",
            "Métier": "[]",
            "Classification": "???",
            "LigneOriginal": "Pahud-Monnard Jeanne, Pontaise 60.",
            "sheet": "Pontaise",
            "year": 1951
          },
          {
            "address": "['r. Pontaise 23bis']",
            "Nom": "Pontaise",
            "Métier": "['paveur']",
            "Classification": "proletaire",
            "LigneOriginal": "— Gaston, paveur, r. Pontaise 23bis.",
            "sheet": "Pontaise",
            "year": 1951
          },
          {
            "address": "['v. Sussex', 'Pontaise 15.T. 2414']",
            "Nom": "Pontaise",
            "Métier": "['école particul< Folriana >']",
            "Classification": "intermediaire",
            "LigneOriginal": "Piolet Adèle et Erika, école particul< Folriana >, v. Sussex, Pontaise 15.T. 2414 27.",
            "sheet": "Pontaise",
            "year": 1951
          },
          {
            "address": "['Pontaise 36']",
            "Nom": "Pontaise",
            "Métier": "[]",
            "Classification": "???",
            "LigneOriginal": "Romailler Edmond. Pontaise 36",
            "sheet": "Pontaise",
            "year": 1951
          },
          {
            "address": "['Pontaise 23bis']",
            "Nom": "Pontaise",
            "Métier": "['prof, de mus']",
            "Classification": "intermediaire",
            "LigneOriginal": "Weiss-Schween Frida, prof, de mus ,Pontaise 23bis.",
            "sheet": "Pontaise",
            "year": 1951
          },
          {
            "address": "['Pontaise 32']",
            "Nom": "Pontaise",
            "Métier": "[]",
            "Classification": "???",
            "LigneOriginal": "— Marie, Pontaise 32.",
            "sheet": "Pontaise",
            "year": 1951
          }
        ],
        "merged_count": 28
      }
    },
    {
      "type": "Feature",
      "geometry": {
        "type": "Point",
        "coordinates": [
          46.529763,
          6.630808
        ]
      },
      "properties": {
        "points": [
          {
            "address": "['ruede la Pontaise 18']",
            "Nom": "La Pontaise",
            "Métier": "['vendeur']",
            "Classification": "proletaire",
            "LigneOriginal": "Ansermet-Overaey Louis, vendeur, ruede la Pontaise 18.",
            "sheet": "La Pontaise",
            "year": 1951
          },
          {
            "address": "['Pontaise 18']",
            "Nom": "Pontaise",
            "Métier": "['empi, postal']",
            "Classification": "proletaire",
            "LigneOriginal": "— Paul. empi, postal. Pontaise 18.",
            "sheet": "Pontaise",
            "year": 1951
          },
          {
            "address": "['Pontaise 18']",
            "Nom": "Pontaise",
            "Métier": "['manœuvre']",
            "Classification": "proletaire",
            "LigneOriginal": "Chatelan-Saugeon François, manœuvre,Pontaise 18.",
            "sheet": "Pontaise",
            "year": 1951
          },
          {
            "address": "['rue Pon-taise 18']",
            "Nom": "Pontaise",
            "Métier": "['portier']",
            "Classification": "proletaire",
            "LigneOriginal": "Kaepar-Tartnfo Adolf, portier, rue Pon-taise 18.",
            "sheet": "Pontaise",
            "year": 1951
          },
          {
            "address": "['Pontaise 18']",
            "Nom": "Pontaise",
            "Métier": "['scieur']",
            "Classification": "proletaire",
            "LigneOriginal": "Maillard-Savary Xavier, scieur, Pontaise 18.",
            "sheet": "Pontaise",
            "year": 1951
          },
          {
            "address": "['Pontaise 18']",
            "Nom": "Pontaise",
            "Métier": "['culottière']",
            "Classification": "proletaire",
            "LigneOriginal": "— Lucienne, culottière, Pontaise 18.",
            "sheet": "Pontaise",
            "year": 1951
          },
          {
            "address": "['r. Pontaise 18']",
            "Nom": "Pontaise",
            "Métier": "['.représent.']",
            "Classification": "élevé",
            "LigneOriginal": "— Oscar, .représent., r. Pontaise 18.",
            "sheet": "Pontaise",
            "year": 1951
          }
        ],
        "merged_count": 7
      }
    },
    {
      "type": "Feature",
      "geometry": {
        "type": "Point",
        "coordinates": [
          46.529685,
          6.62991
        ]
      },
      "properties": {
        "points": [
          {
            "address": "['de la Pontaise 19']",
            "Nom": "La Pontaise",
            "Métier": "['mécanic. CFF.,rue']",
            "Classification": "intermediaire",
            "LigneOriginal": "Arrigo-Hornung Pierre, mécanic. CFF.,rue de la Pontaise 19. T. 23 78 62.",
            "sheet": "La Pontaise",
            "year": 1951
          },
          {
            "address": "['ruede la Pontaise 19']",
            "Nom": "La Pontaise",
            "Métier": "['commerçant']",
            "Classification": "proletaire",
            "LigneOriginal": "Bron-Sangy Marcel, commerçant, ruede la Pontaise 19.",
            "sheet": "La Pontaise",
            "year": 1951
          },
          {
            "address": "['ruede la Pontaise 19']",
            "Nom": "La Pontaise",
            "Métier": "['géomètre']",
            "Classification": "intermediaire",
            "LigneOriginal": "Kurth-Hennenjat Victor, géomètre, ruede la Pontaise 19.",
            "sheet": "La Pontaise",
            "year": 1951
          },
          {
            "address": "['ruede la Pontaise 19']",
            "Nom": "La Pontaise",
            "Métier": "['ferrailleur']",
            "Classification": "proletaire",
            "LigneOriginal": "Marendaz-Blanc Roger, ferrailleur, ruede la Pontaise 19.",
            "sheet": "La Pontaise",
            "year": 1951
          },
          {
            "address": "['Pontaise 19']",
            "Nom": "Pontaise",
            "Métier": "['margeuse']",
            "Classification": "proletaire",
            "LigneOriginal": "Ansermet Rose, margeuse. Pontaise 19.",
            "sheet": "Pontaise",
            "year": 1951
          },
          {
            "address": "['charpentier. Pontaise 19']",
            "Nom": "Pontaise",
            "Métier": "[]",
            "Classification": "???",
            "LigneOriginal": "Ansermet-Chassot Em.-Ant., charpentier. Pontaise 19.",
            "sheet": "Pontaise",
            "year": 1951
          },
          {
            "address": "['Pontaise 19']",
            "Nom": "Pontaise",
            "Métier": "['pierristc']",
            "Classification": "proletaire",
            "LigneOriginal": "— Paul, pierristc, Pontaise 19.",
            "sheet": "Pontaise",
            "year": 1951
          },
          {
            "address": "['r. Pontaise 17', 'At. r. Deux-Marchés 19']",
            "Nom": "Pontaise",
            "Métier": "['serrurier']",
            "Classification": "intermediaire",
            "LigneOriginal": "Dony-Redard Alexis, serrurier, r. Pontaise 17. At. r. Deux-Marchés 19.",
            "sheet": "Pontaise",
            "year": 1951
          },
          {
            "address": "['Dreyer Victor', ',Pontaise 19']",
            "Nom": "Pontaise",
            "Métier": "['manœuv.']",
            "Classification": "proletaire",
            "LigneOriginal": "Pittet-Païolini-Dreyer Victor, manœuv.,Pontaise 19.",
            "sheet": "Pontaise",
            "year": 1951
          },
          {
            "address": "['Pontaise 19']",
            "Nom": "Pontaise",
            "Métier": "['Vve']",
            "Classification": "inactif",
            "LigneOriginal": "Streicher-Schindler, Vve, Pontaise 19",
            "sheet": "Pontaise",
            "year": 1951
          },
          {
            "address": "['Siebenthal François', 'Pontaise 19']",
            "Nom": "Pontaise",
            "Métier": "['retraité PTT.']",
            "Classification": "inactif",
            "LigneOriginal": "Toroare-de Siebenthal François, retraité PTT., Pontaise 19.",
            "sheet": "Pontaise",
            "year": 1951
          }
        ],
        "merged_count": 11
      }
    },
    {
      "type": "Feature",
      "geometry": {
        "type": "Point",
        "coordinates": [
          46.52961,
          6.629524
        ]
      },
      "properties": {
        "points": [
          {
            "address": "['rue dela Pontaise 21']",
            "Nom": "La Pontaise",
            "Métier": "['architecte']",
            "Classification": "élevé",
            "LigneOriginal": "Anbort-Kemen Ami, architecte, rue dela Pontaise 21 bis.",
            "sheet": "La Pontaise",
            "year": 1951
          },
          {
            "address": "['rue dela Pontaise 21']",
            "Nom": "La Pontaise",
            "Métier": "['épicier']",
            "Classification": "proletaire",
            "LigneOriginal": "Bolognini-Artioli Jean, épicier, rue dela Pontaise 21. T. 24 65 19. Mag. av.de France 36. T. 24 02 71.",
            "sheet": "La Pontaise",
            "year": 1951
          },
          {
            "address": "['r. de laPontaise 21']",
            "Nom": "La Pontaise",
            "Métier": "['man']",
            "Classification": "proletaire",
            "LigneOriginal": "Gianninoni-Andieoli Ido, man., r. de laPontaise 21 bis.",
            "sheet": "La Pontaise",
            "year": 1951
          },
          {
            "address": "['rue de laPontaise 21']",
            "Nom": "La Pontaise",
            "Métier": "['caissier']",
            "Classification": "proletaire",
            "LigneOriginal": "Janz-Palaz Marcel, caissier, rue de laPontaise 21 bis. T. 24 48 75.",
            "sheet": "La Pontaise",
            "year": 1951
          },
          {
            "address": "['rue de la Pontaise 21']",
            "Nom": "La Pontaise",
            "Métier": "[]",
            "Classification": "???",
            "LigneOriginal": "— Gisèle, rue de la Pontaise 21.",
            "sheet": "La Pontaise",
            "year": 1951
          },
          {
            "address": "[\"r.de la Pontaise' 21\"]",
            "Nom": "La Pontaise",
            "Métier": "['techn. CFF']",
            "Classification": "intermediaire",
            "LigneOriginal": "Lenba-Rosselet Pierre, techn. CFF., r.de la Pontaise' 21 bis.",
            "sheet": "La Pontaise",
            "year": 1951
          },
          {
            "address": "['r. de laPontaise 21']",
            "Nom": "La Pontaise",
            "Métier": "['boucher']",
            "Classification": "proletaire",
            "LigneOriginal": "Maret-Mottier Alfred, boucher, r. de laPontaise 21.    ,",
            "sheet": "La Pontaise",
            "year": 1951
          },
          {
            "address": "['rue de laPontaise 21']",
            "Nom": "La Pontaise",
            "Métier": "['secrétaire']",
            "Classification": "proletaire",
            "LigneOriginal": "— Jacqueline, secrétaire, rue de laPontaise 21 bis T. 24 65 16.",
            "sheet": "La Pontaise",
            "year": 1951
          },
          {
            "address": "['ruede la Pontaise 21']",
            "Nom": "La Pontaise",
            "Métier": "['mécanic en']",
            "Classification": "intermediaire",
            "LigneOriginal": "Morel-Gamier Francis, mécanic en, ruede la Pontaise 21 Bis. T. 24 86 50.",
            "sheet": "La Pontaise",
            "year": 1951
          },
          {
            "address": "['r. dela Pontaise 21']",
            "Nom": "La Pontaise",
            "Métier": "['magasinier']",
            "Classification": "proletaire",
            "LigneOriginal": "Papa-GiUiard Pierre, magasinier, r. dela Pontaise 21 b.",
            "sheet": "La Pontaise",
            "year": 1951
          },
          {
            "address": "['r. dela Pontaise 21']",
            "Nom": "La Pontaise",
            "Métier": "['employé postal']",
            "Classification": "proletaire",
            "LigneOriginal": "Russi Maurice, employé postal, r. dela Pontaise 21 b.",
            "sheet": "La Pontaise",
            "year": 1951
          },
          {
            "address": "['r. Pontaise 21']",
            "Nom": "Pontaise",
            "Métier": "['charron']",
            "Classification": "intermediaire",
            "LigneOriginal": "Aegler Max, charron, r. Pontaise 21 bis.",
            "sheet": "Pontaise",
            "year": 1951
          },
          {
            "address": "['r. Pon-taise 21']",
            "Nom": "Pontaise",
            "Métier": "['ébéniste']",
            "Classification": "proletaire",
            "LigneOriginal": "Arnaud Emest-Henri, ébéniste, r. Pon-taise 21 bis. T. 24 85&S. At. r St-Martin 22. T. 22 7683.",
            "sheet": "Pontaise",
            "year": 1951
          },
          {
            "address": "['Pontaise 21']",
            "Nom": "Pontaise",
            "Métier": "['Vve', 'épicerie']",
            "Classification": "proletaire",
            "LigneOriginal": "Balimann-Bourquenez Marie, Vve, épicerie, Pontaise 21. M. av. France36. T. 24 02 71.",
            "sheet": "Pontaise",
            "year": 1951
          },
          {
            "address": "['Pontaise 21']",
            "Nom": "Pontaise",
            "Métier": "['emol.comm.']",
            "Classification": "intermediaire",
            "LigneOriginal": "Bayard-Indermühle Jean-Pierre, emol.comm., Pontaise 21 bis. T. 24 04 33",
            "sheet": "Pontaise",
            "year": 1951
          },
          {
            "address": "['Pontaise 21']",
            "Nom": "Pontaise",
            "Métier": "['in. de dessin']",
            "Classification": "intermediaire",
            "LigneOriginal": "Bezençon-Buxcel Paul, in. de dessin,Pontaise 21.",
            "sheet": "Pontaise",
            "year": 1951
          },
          {
            "address": "['Pontaise 21']",
            "Nom": "Pontaise",
            "Métier": "[]",
            "Classification": "???",
            "LigneOriginal": "— Etienne, Pontaise 21.",
            "sheet": "Pontaise",
            "year": 1951
          },
          {
            "address": "['secrétairePontaise 21']",
            "Nom": "Pontaise",
            "Métier": "[]",
            "Classification": "???",
            "LigneOriginal": "Bigler-Baggenstoos William, secrétairePontaise 21. T. 2419 17.",
            "sheet": "Pontaise",
            "year": 1951
          },
          {
            "address": "['ruede la Pcntaise 21']",
            "Nom": "Pontaise",
            "Métier": "['coiffeur']",
            "Classification": "proletaire",
            "LigneOriginal": "Borel-Enenbnhl Lucien, coiffeur, ruede la Pcntaise 21.",
            "sheet": "Pontaise",
            "year": 1951
          },
          {
            "address": "['Pontaise 21']",
            "Nom": "Pontaise",
            "Métier": "['instituteur']",
            "Classification": "élevé",
            "LigneOriginal": "Bnttex-Papon Emmanuel, instituteur,Pontaise 21 T. 34 78 97.",
            "sheet": "Pontaise",
            "year": 1951
          },
          {
            "address": "['r. Pontai-se 21']",
            "Nom": "Pontaise",
            "Métier": "['veuve']",
            "Classification": "inactif",
            "LigneOriginal": "Dnlex-Simon Jenny, veuve, r. Pontai-se 21 bis.",
            "sheet": "Pontaise",
            "year": 1951
          },
          {
            "address": "['Pontaise 21']",
            "Nom": "Pontaise",
            "Métier": "[]",
            "Classification": "???",
            "LigneOriginal": "Favez-Baumann Julie, Pontaise 21.",
            "sheet": "Pontaise",
            "year": 1951
          },
          {
            "address": "['Pontaise 21']",
            "Nom": "Pontaise",
            "Métier": "[]",
            "Classification": "???",
            "LigneOriginal": "— Rose, Pontaise 21.",
            "sheet": "Pontaise",
            "year": 1951
          },
          {
            "address": "['Pontaise 21']",
            "Nom": "Pontaise",
            "Métier": "['ouvrier fabrique']",
            "Classification": "proletaire",
            "LigneOriginal": "Fianx-Gîlliéron Jean, ouvrier fabrique,Pontaise 21.",
            "sheet": "Pontaise",
            "year": 1951
          },
          {
            "address": "['Pontaise 21']",
            "Nom": "Pontaise",
            "Métier": "['cuisin']",
            "Classification": "proletaire",
            "LigneOriginal": "Baille-Jeker René, cuisin., Pontaise 21.",
            "sheet": "Pontaise",
            "year": 1951
          },
          {
            "address": "['Pontaise 21']",
            "Nom": "Pontaise",
            "Métier": "['empi, bureau']",
            "Classification": "intermediaire",
            "LigneOriginal": "Glardon-Leresche Roger, empi, bureau,Pontaise 21 bis.",
            "sheet": "Pontaise",
            "year": 1951
          },
          {
            "address": "['Pontaise 21']",
            "Nom": "Pontaise",
            "Métier": "['polisseur']",
            "Classification": "proletaire",
            "LigneOriginal": "— Fritz, polisseur, Pontaise 21 bis.",
            "sheet": "Pontaise",
            "year": 1951
          },
          {
            "address": "['Pontaise 21']",
            "Nom": "Pontaise",
            "Métier": "['Vve', 'giletière']",
            "Classification": "proletaire",
            "LigneOriginal": "Mäder-Pamblanc Renée, Vve, giletière,Pontaise 21. T. 24 43 01.",
            "sheet": "Pontaise",
            "year": 1951
          },
          {
            "address": "['Pontaise 21']",
            "Nom": "Pontaise",
            "Métier": "['empi, hôtel']",
            "Classification": "intermediaire",
            "LigneOriginal": "Mermoud-Vonlanten Pierre, empi, hôtel, Pontaise 21.",
            "sheet": "Pontaise",
            "year": 1951
          },
          {
            "address": "['r. Pontaise 21']",
            "Nom": "Pontaise",
            "Métier": "['laitier']",
            "Classification": "proletaire",
            "LigneOriginal": "Monney-Marti Gabriel, laitier, r. Pontaise 21 bis.",
            "sheet": "Pontaise",
            "year": 1951
          },
          {
            "address": "['Pontaise 21']",
            "Nom": "Pontaise",
            "Métier": "[]",
            "Classification": "???",
            "LigneOriginal": "Mottier-Saugy Elisa, Pontaise 21.",
            "sheet": "Pontaise",
            "year": 1951
          },
          {
            "address": "['r. Pon-taise 21']",
            "Nom": "Pontaise",
            "Métier": "['sommel']",
            "Classification": "intermediaire",
            "LigneOriginal": "Maller-Gaathier Peter, sommel.. r. Pon-taise 21.",
            "sheet": "Pontaise",
            "year": 1951
          },
          {
            "address": "['Pontaise 21']",
            "Nom": "Pontaise",
            "Métier": "[]",
            "Classification": "???",
            "LigneOriginal": "Portner-Dulex Nadia. Pontaise 21 bis.",
            "sheet": "Pontaise",
            "year": 1951
          },
          {
            "address": "['ruePontaise 21']",
            "Nom": "Pontaise",
            "Métier": "['représentant']",
            "Classification": "intermediaire",
            "LigneOriginal": "Rapin-Merlin André, représentant, ruePontaise 21. T. 24 44 04.",
            "sheet": "Pontaise",
            "year": 1951
          },
          {
            "address": "['Pontaise 21']",
            "Nom": "Pontaise",
            "Métier": "['domest.']",
            "Classification": "proletaire",
            "LigneOriginal": "— Julie, domest., Pontaise 21 bis.",
            "sheet": "Pontaise",
            "year": 1951
          },
          {
            "address": "['Pontaise 21']",
            "Nom": "Pontaise",
            "Métier": "['concierge']",
            "Classification": "proletaire",
            "LigneOriginal": "Tinguely-Polonghini Alex., concierge,Pontaise 21 bis.",
            "sheet": "Pontaise",
            "year": 1951
          },
          {
            "address": "['Pontaise 21']",
            "Nom": "Pontaise",
            "Métier": "['instituteur']",
            "Classification": "élevé",
            "LigneOriginal": "Vuillemin-Rouiller Pierre, instituteur,Pontaise 21.",
            "sheet": "Pontaise",
            "year": 1951
          },
          {
            "address": "['ruePontaise 21']",
            "Nom": "Pontaise",
            "Métier": "['empi. OFF']",
            "Classification": "intermediaire",
            "LigneOriginal": "Wasem-Ronssi Marcel, empi. OFF, ruePontaise 21 bis.",
            "sheet": "Pontaise",
            "year": 1951
          },
          {
            "address": "['rue de,1a Pontaise 21']",
            "Nom": "Pontaise",
            "Métier": "['photogr.']",
            "Classification": "proletaire",
            "LigneOriginal": "Wenk-Martin Walter, photogr., rue de,1a Pontaise 21 b.",
            "sheet": "Pontaise",
            "year": 1951
          }
        ],
        "merged_count": 39
      }
    },
    {
      "type": "Feature",
      "geometry": {
        "type": "Point",
        "coordinates": [
          46.531473,
          6.629036
        ]
      },
      "properties": {
        "points": [
          {
            "address": "['rue de laPontaise 50']",
            "Nom": "La Pontaise",
            "Métier": "[]",
            "Classification": "???",
            "LigneOriginal": "Baillif-Fragnière Joséphine, rue de laPontaise 50.",
            "sheet": "La Pontaise",
            "year": 1951
          },
          {
            "address": "['.r. de la Pontaise 50']",
            "Nom": "La Pontaise",
            "Métier": "[]",
            "Classification": "???",
            "LigneOriginal": "— Berthe, .r. de la Pontaise 50.",
            "sheet": "La Pontaise",
            "year": 1951
          },
          {
            "address": "['r.de la Pontaise 50']",
            "Nom": "La Pontaise",
            "Métier": "['jardinier']",
            "Classification": "proletaire",
            "LigneOriginal": "Cnendet-Martignier Louis, jardinier, r.de la Pontaise 50.",
            "sheet": "La Pontaise",
            "year": 1951
          },
          {
            "address": "['nuede la Pontaise 50']",
            "Nom": "La Pontaise",
            "Métier": "['mécan CFF,']",
            "Classification": "intermediaire",
            "LigneOriginal": "Droz-Matthey Jules, mécan CFF, nuede la Pontaise 50.",
            "sheet": "La Pontaise",
            "year": 1951
          },
          {
            "address": "['r,de la Pontaise 50']",
            "Nom": "La Pontaise",
            "Métier": "['menuisier']",
            "Classification": "proletaire",
            "LigneOriginal": "Taillens-Viiet Jean-Louis, menuisier, r,de la Pontaise 50.",
            "sheet": "La Pontaise",
            "year": 1951
          },
          {
            "address": "['. Pontaisc 50']",
            "Nom": "Pontaise",
            "Métier": "['vendeuse']",
            "Classification": "proletaire",
            "LigneOriginal": "— Yolande, vendeuse. Pontaisc 50.",
            "sheet": "Pontaise",
            "year": 1951
          },
          {
            "address": "['r. Pontaise 50']",
            "Nom": "Pontaise",
            "Métier": "['jardinier']",
            "Classification": "proletaire",
            "LigneOriginal": "— Louis, jardinier, r. Pontaise 50.",
            "sheet": "Pontaise",
            "year": 1951
          },
          {
            "address": "['Pontaise 50']",
            "Nom": "Pontaise",
            "Métier": "['représentant']",
            "Classification": "intermediaire",
            "LigneOriginal": "Delley-Candolfi Gilbert, représentant,Pontaise 50.",
            "sheet": "Pontaise",
            "year": 1951
          },
          {
            "address": "['r.Pontaise 50']",
            "Nom": "Pontaise",
            "Métier": "['empi, voirie']",
            "Classification": "intermediaire",
            "LigneOriginal": "Dériaz-Levet Fernand, empi, voirie, r.Pontaise 50,",
            "sheet": "Pontaise",
            "year": 1951
          },
          {
            "address": "['r, Pontaise 50']",
            "Nom": "Pontaise",
            "Métier": "['chargeur à lavoirie']",
            "Classification": "proletaire",
            "LigneOriginal": "Gaillard-Bongard 'Marcel, chargeur à lavoirie, r, Pontaise 50.",
            "sheet": "Pontaise",
            "year": 1951
          },
          {
            "address": "['r.Pontaise 50']",
            "Nom": "Pontaise",
            "Métier": "['chaudronni']",
            "Classification": "proletaire",
            "LigneOriginal": "Haldi-Schmid Charles.. chaudronni.. r.Pontaise 50",
            "sheet": "Pontaise",
            "year": 1951
          },
          {
            "address": "['Pontaise 50']",
            "Nom": "Pontaise",
            "Métier": "['garagiste']",
            "Classification": "intermediaire",
            "LigneOriginal": "Malier-Vau travers Wilhelm, garagiste,Pontaise 50.' T. 24 50 55.",
            "sheet": "Pontaise",
            "year": 1951
          },
          {
            "address": "['man.. Pontaise 50']",
            "Nom": "Pontaise",
            "Métier": "[]",
            "Classification": "???",
            "LigneOriginal": "Pittet-Dntoit Roger, man.. Pontaise 50.",
            "sheet": "Pontaise",
            "year": 1951
          },
          {
            "address": "['r Pontaise 50']",
            "Nom": "Pontaise",
            "Métier": "['carrossier']",
            "Classification": "intermediaire",
            "LigneOriginal": "Schneider-Morfini Werner, carrossier,r Pontaise 50",
            "sheet": "Pontaise",
            "year": 1951
          },
          {
            "address": "['Pontaise 50']",
            "Nom": "Pontaise",
            "Métier": "[]",
            "Classification": "???",
            "LigneOriginal": "Tschantz-Forster Karl Pontaise 50.",
            "sheet": "Pontaise",
            "year": 1951
          },
          {
            "address": "['r. Pontaise 50']",
            "Nom": "Pontaise",
            "Métier": "['chauffeur']",
            "Classification": "proletaire",
            "LigneOriginal": "Zosso-Huller Roger, chauffeur, r. Pontaise 50",
            "sheet": "Pontaise",
            "year": 1951
          }
        ],
        "merged_count": 16
      }
    },
    {
      "type": "Feature",
      "geometry": {
        "type": "Point",
        "coordinates": [
          46.529908,
          6.629399
        ]
      },
      "properties": {
        "points": [
          {
            "address": "['aven.d’Echallens 24', 'M. Chauderon 36.la Pontaise 23']",
            "Nom": "La Pontaise",
            "Métier": "['tabacs,']",
            "Classification": "proletaire",
            "LigneOriginal": "Besson-Devolz Victorine. tabacs, aven.d’Echallens 24. M. Chauderon 36.la Pontaise 23.",
            "sheet": "La Pontaise",
            "year": 1951
          },
          {
            "address": "['ruede la Pontaise 23']",
            "Nom": "La Pontaise",
            "Métier": "['viticulteur']",
            "Classification": "proletaire",
            "LigneOriginal": "Besson-Miéville Victor, viticulteur, ruede la Pontaise 23.",
            "sheet": "La Pontaise",
            "year": 1951
          },
          {
            "address": "['r. de laPontaise 23']",
            "Nom": "La Pontaise",
            "Métier": "['Vve']",
            "Classification": "inactif",
            "LigneOriginal": "Borgeand-Mathis Fanny, Vve. r. de laPontaise 23 bis.",
            "sheet": "La Pontaise",
            "year": 1951
          },
          {
            "address": "['rue• de la Pontaise 23']",
            "Nom": "La Pontaise",
            "Métier": "['vigneron']",
            "Classification": "proletaire",
            "LigneOriginal": "Dogny-Hkarcoucha Victor, vigneron, rue• de la Pontaise 23.",
            "sheet": "La Pontaise",
            "year": 1951
          },
          {
            "address": "['ruede la Pontaise 23']",
            "Nom": "La Pontaise",
            "Métier": "['concierge']",
            "Classification": "proletaire",
            "LigneOriginal": "Dogny-Tardent Anatole, concierge, ruede la Pontaise 23.",
            "sheet": "La Pontaise",
            "year": 1951
          },
          {
            "address": "['rue de laPontaise 23']",
            "Nom": "La Pontaise",
            "Métier": "['Vve']",
            "Classification": "inactif",
            "LigneOriginal": "Grangier-Tauxe Jeanne, Vve, rue de laPontaise 23 bis.",
            "sheet": "La Pontaise",
            "year": 1951
          },
          {
            "address": "['r. de laPontaise 23']",
            "Nom": "La Pontaise",
            "Métier": "['paveur']",
            "Classification": "proletaire",
            "LigneOriginal": "Yersin-Kunzi Ernest, paveur, r. de laPontaise 23.",
            "sheet": "La Pontaise",
            "year": 1951
          },
          {
            "address": "['Pontaise 23']",
            "Nom": "Pontaise",
            "Métier": "['fondeur']",
            "Classification": "intermediaire",
            "LigneOriginal": "Bertolotti-Hertig Giovanni, fondeur,Pontaise 23.",
            "sheet": "Pontaise",
            "year": 1951
          },
          {
            "address": "['r. Pontaise 23']",
            "Nom": "Pontaise",
            "Métier": "['surv.']",
            "Classification": "inactif",
            "LigneOriginal": "— Aline, surv., r. Pontaise 23 bis.",
            "sheet": "Pontaise",
            "year": 1951
          },
          {
            "address": "['rue Pontaise 23']",
            "Nom": "Pontaise",
            "Métier": "[]",
            "Classification": "???",
            "LigneOriginal": "— Philadelphie, rue Pontaise 23 b.",
            "sheet": "Pontaise",
            "year": 1951
          },
          {
            "address": "['manœuvre. Pontaise 23']",
            "Nom": "Pontaise",
            "Métier": "[]",
            "Classification": "???",
            "LigneOriginal": "— Walter, manœuvre. Pontaise 23.",
            "sheet": "Pontaise",
            "year": 1951
          },
          {
            "address": "['r. Pontaise 23']",
            "Nom": "Pontaise",
            "Métier": "['Vve']",
            "Classification": "inactif",
            "LigneOriginal": "Besson-Schmidt Eugénie, Vve. r. Pontaise 23.",
            "sheet": "Pontaise",
            "year": 1951
          },
          {
            "address": "['Pontaise 23']",
            "Nom": "Pontaise",
            "Métier": "['sommelière']",
            "Classification": "intermediaire",
            "LigneOriginal": "— Hulda. sommelière. Pontaise 23 b.",
            "sheet": "Pontaise",
            "year": 1951
          },
          {
            "address": "['ruePontaise 23']",
            "Nom": "Pontaise",
            "Métier": "['viticulteur']",
            "Classification": "proletaire",
            "LigneOriginal": "Buxcel-Besson Bernard, viticulteur, ruePontaise 23 bis.",
            "sheet": "Pontaise",
            "year": 1951
          },
          {
            "address": "['. Pontaise 23']",
            "Nom": "Pontaise",
            "Métier": "['Vve']",
            "Classification": "inactif",
            "LigneOriginal": "Buxcel-Kurz Amalia. Vve. Pontaise 23.",
            "sheet": "Pontaise",
            "year": 1951
          },
          {
            "address": "['Pontaise 23']",
            "Nom": "Pontaise",
            "Métier": "[]",
            "Classification": "???",
            "LigneOriginal": "— Jeannette. Pontaise 23.",
            "sheet": "Pontaise",
            "year": 1951
          },
          {
            "address": "['rue Pontaise 23']",
            "Nom": "Pontaise",
            "Métier": "['man.']",
            "Classification": "proletaire",
            "LigneOriginal": "— Paul. man., rue Pontaise 23",
            "sheet": "Pontaise",
            "year": 1951
          },
          {
            "address": "['Pontaise 23']",
            "Nom": "Pontaise",
            "Métier": "['couturière']",
            "Classification": "proletaire",
            "LigneOriginal": "— Georgette, couturière, Pontaise 23.",
            "sheet": "Pontaise",
            "year": 1951
          },
          {
            "address": "['Pontaise 23']",
            "Nom": "Pontaise",
            "Métier": "['litogr.']",
            "Classification": "intermediaire",
            "LigneOriginal": "Ribellino Germaine, litogr., Pontaise 23.",
            "sheet": "Pontaise",
            "year": 1951
          },
          {
            "address": "['Pontaise 23']",
            "Nom": "Pontaise",
            "Métier": "['caviste']",
            "Classification": "proletaire",
            "LigneOriginal": "Hänni-Gaillard Marcel, caviste, Pontaise 23 bis.",
            "sheet": "Pontaise",
            "year": 1951
          },
          {
            "address": "['Pontaise 23']",
            "Nom": "Pontaise",
            "Métier": "['charron']",
            "Classification": "intermediaire",
            "LigneOriginal": "Kohler-Reymond Karl, charron, Pontaise 23.",
            "sheet": "Pontaise",
            "year": 1951
          },
          {
            "address": "['Pontaise 23']",
            "Nom": "Pontaise",
            "Métier": "['man.']",
            "Classification": "proletaire",
            "LigneOriginal": "Kopf-Gex Charles, man., Pontaise 23.",
            "sheet": "Pontaise",
            "year": 1951
          },
          {
            "address": "['Pontaise 23']",
            "Nom": "Pontaise",
            "Métier": "['représentant']",
            "Classification": "intermediaire",
            "LigneOriginal": "Magnin-Wiedmer Arthur, représentant,Pontaise 23 bis.",
            "sheet": "Pontaise",
            "year": 1951
          },
          {
            "address": "['Pontaise 23']",
            "Nom": "Pontaise",
            "Métier": "['contre-inaîtrrmaçon,']",
            "Classification": "proletaire",
            "LigneOriginal": "Manni-Saugy Baptiste, contre-inaîtrrmaçon, Pontaise 23.",
            "sheet": "Pontaise",
            "year": 1951
          },
          {
            "address": "['r. Pontaise 23']",
            "Nom": "Pontaise",
            "Métier": "['étud']",
            "Classification": "inactif",
            "LigneOriginal": "— Fernand, étud.. r. Pontaise 23.",
            "sheet": "Pontaise",
            "year": 1951
          },
          {
            "address": "['Pontaise 23']",
            "Nom": "Pontaise",
            "Métier": "['horloger']",
            "Classification": "intermediaire",
            "LigneOriginal": "— Aurèle, horloger, Pontaise 23.",
            "sheet": "Pontaise",
            "year": 1951
          },
          {
            "address": "['Pontaise 23']",
            "Nom": "Pontaise",
            "Métier": "['chauffeur-livreur']",
            "Classification": "proletaire",
            "LigneOriginal": "Messerli-Grangier Willy, chauffeur-livreur. Pontaise 23 bis.",
            "sheet": "Pontaise",
            "year": 1951
          },
          {
            "address": "['ruePontaise 23']",
            "Nom": "Pontaise",
            "Métier": "['Veuve']",
            "Classification": "inactif",
            "LigneOriginal": "Moreillon-Reymcnd Elise. Veuve, ruePontaise 23.",
            "sheet": "Pontaise",
            "year": 1951
          },
          {
            "address": "['Pontaise 23']",
            "Nom": "Pontaise",
            "Métier": "[]",
            "Classification": "???",
            "LigneOriginal": "Niel-Hertig Blanche, Pontaise 23.",
            "sheet": "Pontaise",
            "year": 1951
          },
          {
            "address": "['Pontaise 23']",
            "Nom": "Pontaise",
            "Métier": "['manœuvre']",
            "Classification": "proletaire",
            "LigneOriginal": "Piot-Vuillermet Frédéric, manœuvre,Pontaise 23.",
            "sheet": "Pontaise",
            "year": 1951
          },
          {
            "address": "['Pontaise 23']",
            "Nom": "Pontaise",
            "Métier": "['coutur.']",
            "Classification": "proletaire",
            "LigneOriginal": "— Jeanne, coutur., Pontaise 23.",
            "sheet": "Pontaise",
            "year": 1951
          },
          {
            "address": "['Pontaise 23']",
            "Nom": "Pontaise",
            "Métier": "['Vve']",
            "Classification": "inactif",
            "LigneOriginal": "Tritten-Burki Hélène, Vve, Pontaise 23",
            "sheet": "Pontaise",
            "year": 1951
          }
        ],
        "merged_count": 32
      }
    },
    {
      "type": "Feature",
      "geometry": {
        "type": "Point",
        "coordinates": [
          46.531018,
          6.628807
        ]
      },
      "properties": {
        "points": [
          {
            "address": "['rue de ;aPontaise 43']",
            "Nom": "La Pontaise",
            "Métier": "['Vve']",
            "Classification": "inactif",
            "LigneOriginal": "Bornand-Jaccard Angèle. Vve. rue de ;aPontaise 43 bis.",
            "sheet": "La Pontaise",
            "year": 1951
          },
          {
            "address": "['ruede la Pontaise 43']",
            "Nom": "La Pontaise",
            "Métier": "['boulanger']",
            "Classification": "proletaire",
            "LigneOriginal": "Freymond-Rod Marcel, boulanger, ruede la Pontaise 43 bis.",
            "sheet": "La Pontaise",
            "year": 1951
          },
          {
            "address": "['r. de laPontaise 43']",
            "Nom": "La Pontaise",
            "Métier": "['chauffeur']",
            "Classification": "proletaire",
            "LigneOriginal": "Roberti-Gros Louis, chauffeur, r. de laPontaise 43.",
            "sheet": "La Pontaise",
            "year": 1951
          },
          {
            "address": "['rue de laPnntaise 43']",
            "Nom": "La Pontaise",
            "Métier": "[]",
            "Classification": "???",
            "LigneOriginal": "Vaucher-Ballenegger Clara, rue de laPnntaise 43 bis.",
            "sheet": "La Pontaise",
            "year": 1951
          },
          {
            "address": "['ruePontaise 43']",
            "Nom": "Pontaise",
            "Métier": "['portier']",
            "Classification": "proletaire",
            "LigneOriginal": "Barbey-Schäfer Edmond, portier, ruePontaise 43 bis.",
            "sheet": "Pontaise",
            "year": 1951
          },
          {
            "address": "['Pontaise 43']",
            "Nom": "Pontaise",
            "Métier": "['fondeur']",
            "Classification": "intermediaire",
            "LigneOriginal": "Bertolotti-Mellet Gaston, fondeur, Pontaise 43 bis. T. 24 13 06.",
            "sheet": "Pontaise",
            "year": 1951
          },
          {
            "address": "['ruePontaise 43']",
            "Nom": "Pontaise",
            "Métier": "['tabacs']",
            "Classification": "proletaire",
            "LigneOriginal": "Dall’Aglio-Passini Carlina, tabacs, ruePontaise 43.",
            "sheet": "Pontaise",
            "year": 1951
          },
          {
            "address": "['Pontaise 43']",
            "Nom": "Pontaise",
            "Métier": "['sommelière']",
            "Classification": "intermediaire",
            "LigneOriginal": "—■ Marthe, sommelière, Pontaise 43 bis.",
            "sheet": "Pontaise",
            "year": 1951
          },
          {
            "address": "['Pontaise 43']",
            "Nom": "Pontaise",
            "Métier": "['empi, decommerce,']",
            "Classification": "intermediaire",
            "LigneOriginal": "Hämmerli-Burnand Charles, empi, decommerce, Pontaise 43 bis.",
            "sheet": "Pontaise",
            "year": 1951
          },
          {
            "address": "['ruePontaise 43']",
            "Nom": "Pontaise",
            "Métier": "['mécanicien']",
            "Classification": "intermediaire",
            "LigneOriginal": "Jan-Webster Lucien, mécanicien, ruePontaise 43 bis. T. 24 15 01.",
            "sheet": "Pontaise",
            "year": 1951
          },
          {
            "address": "['laitier Pon-taise 43']",
            "Nom": "Pontaise",
            "Métier": "[]",
            "Classification": "???",
            "LigneOriginal": "Jeanmonod-Clavel Etienne, laitier Pon-taise 43 bis. T. 24 67 21.",
            "sheet": "Pontaise",
            "year": 1951
          },
          {
            "address": "['Pontaise 43']",
            "Nom": "Pontaise",
            "Métier": "['tricot à la machine']",
            "Classification": "proletaire",
            "LigneOriginal": "Mottaz Alice, tricot à la machine, Pontaise 43 bis. T. 24 5128.",
            "sheet": "Pontaise",
            "year": 1951
          },
          {
            "address": "['Pontaise 43']",
            "Nom": "Pontaise",
            "Métier": "['entrepreneur']",
            "Classification": "intermediaire",
            "LigneOriginal": "Passini-Antonelli Francesco, entrepreneur, Pontaise 43. T. 24 78 91.",
            "sheet": "Pontaise",
            "year": 1951
          }
        ],
        "merged_count": 13
      }
    },
    {
      "type": "Feature",
      "geometry": {
        "type": "Point",
        "coordinates": [
          46.533228,
          6.624317
        ]
      },
      "properties": {
        "points": [
          {
            "address": "['rue dela Pontaise 13. A. Ap.']",
            "Nom": "La Pontaise",
            "Métier": "['teinturier']",
            "Classification": "proletaire",
            "LigneOriginal": "Bovet-Chassot Paul, teinturier, rue dela Pontaise 13. A. Ap. T. 24 46 53.",
            "sheet": "La Pontaise",
            "year": 1951
          },
          {
            "address": "['r. de la Pontaise47.']",
            "Nom": "La Pontaise",
            "Métier": "['dactylo']",
            "Classification": "proletaire",
            "LigneOriginal": "— Fernande, dactylo, r. de la Pontaise47. T. 24 63 17.",
            "sheet": "La Pontaise",
            "year": 1951
          },
          {
            "address": "['r. du Crêtes 4', 'Mag. Pontaise 2.T.']",
            "Nom": "Pontaise",
            "Métier": "['horloger']",
            "Classification": "intermediaire",
            "LigneOriginal": "Aeschlimann-Znmkeller Georges, horloger, r. du Crêtes 4. Mag. Pontaise 2.T. 24 86 43.",
            "sheet": "Pontaise",
            "year": 1951
          },
          {
            "address": "['r. Pontaise 50.T.']",
            "Nom": "Pontaise",
            "Métier": "['représ', 'gén']",
            "Classification": "proletaire",
            "LigneOriginal": "— Léon, représ. gén.. r. Pontaise 50.T. 24 46 94.",
            "sheet": "Pontaise",
            "year": 1951
          },
          {
            "address": "['Pontaise 6b']",
            "Nom": "Pontaise",
            "Métier": "['menuisier']",
            "Classification": "proletaire",
            "LigneOriginal": "Boldini-Barras Georges, menuisier, Pontaise 6b.",
            "sheet": "Pontaise",
            "year": 1951
          },
          {
            "address": "['ruePontaise 23b']",
            "Nom": "Pontaise",
            "Métier": "['employé']",
            "Classification": "intermediaire",
            "LigneOriginal": "Burri-Röthlisberger Emile, employé, ruePontaise 23b.",
            "sheet": "Pontaise",
            "year": 1951
          },
          {
            "address": "['Pontaise 56. Sai- et Ap.']",
            "Nom": "Pontaise",
            "Métier": "['coiffeur']",
            "Classification": "proletaire",
            "LigneOriginal": "Chaiberei-Ramseier Joseph, coiffeur,Pontaise 56. Sai- et Ap. T. 24 14 79.",
            "sheet": "Pontaise",
            "year": 1951
          },
          {
            "address": "['Pontaise T.']",
            "Nom": "Pontaise",
            "Métier": "['intendant Casernes,']",
            "Classification": "proletaire",
            "LigneOriginal": "Chevallier-Dêtraz Henri, intendant Casernes, Pontaise T. 24 64 66.",
            "sheet": "Pontaise",
            "year": 1951
          },
          {
            "address": "['Pontaise 2.']",
            "Nom": "Pontaise",
            "Métier": "['représentant']",
            "Classification": "intermediaire",
            "LigneOriginal": "Devand-Demarchi Eugène, représentant,Pontaise 2.",
            "sheet": "Pontaise",
            "year": 1951
          },
          {
            "address": "['Pontaise 2.']",
            "Nom": "Pontaise",
            "Métier": "['technicien']",
            "Classification": "intermediaire",
            "LigneOriginal": "Devolz-Monachon Maurice, technicien,Pontaise 2.",
            "sheet": "Pontaise",
            "year": 1951
          },
          {
            "address": "['ruePontaise 48. B. et Ap.']",
            "Nom": "Pontaise",
            "Métier": "['camionneur']",
            "Classification": "proletaire",
            "LigneOriginal": "Formica-Rosset Louis, camionneur, ruePontaise 48. B. et Ap. T. 2411 38.",
            "sheet": "Pontaise",
            "year": 1951
          },
          {
            "address": "['ch. dela Dranse 22. At. rue Pontaise 41.T.']",
            "Nom": "Pontaise",
            "Métier": "['fourreur']",
            "Classification": "proletaire",
            "LigneOriginal": "Gagnebin-Tafi Edmond, fourreur, ch. dela Dranse 22. At. rue Pontaise 41.T. 24 79 84.",
            "sheet": "Pontaise",
            "year": 1951
          },
          {
            "address": "['.relieuse. Pontaise ô']",
            "Nom": "Pontaise",
            "Métier": "[]",
            "Classification": "???",
            "LigneOriginal": "— Valentine, .relieuse. Pontaise ô.",
            "sheet": "Pontaise",
            "year": 1951
          },
          {
            "address": "['tvpo. Pontaise 21.T.']",
            "Nom": "Pontaise",
            "Métier": "[]",
            "Classification": "???",
            "LigneOriginal": "Hugi-Paley Maurice, tvpo. Pontaise 21.T. 2619 98.",
            "sheet": "Pontaise",
            "year": 1951
          },
          {
            "address": "['r. desCrêtes, Pré Pontaise']",
            "Nom": "Pontaise",
            "Métier": "['jardinier']",
            "Classification": "proletaire",
            "LigneOriginal": "Hngli-Pignet Gottfried, jardinier, r. desCrêtes, Pré Pontaise.",
            "sheet": "Pontaise",
            "year": 1951
          },
          {
            "address": "['Pontaise 21b']",
            "Nom": "Pontaise",
            "Métier": "['typo']",
            "Classification": "intermediaire",
            "LigneOriginal": "Jaun-Cnénoud Jean, typo, Pontaise 21b.",
            "sheet": "Pontaise",
            "year": 1951
          },
          {
            "address": "['r. des Glaciers 12, Pontaise']",
            "Nom": "Pontaise",
            "Métier": "['Va Beau-Crêt']",
            "Classification": "???",
            "LigneOriginal": "Lamngnière Gabrielle, Va Beau-Crêt,r. des Glaciers 12, Pontaise.",
            "sheet": "Pontaise",
            "year": 1951
          },
          {
            "address": "['Pontaise 21bis.']",
            "Nom": "Pontaise",
            "Métier": "['expertcompt.']",
            "Classification": "élevé",
            "LigneOriginal": "Ledeney-Mntrux Jean-Jacques, expertcompt., Pontaise 21bis. T. 24 02 17.",
            "sheet": "Pontaise",
            "year": 1951
          },
          {
            "address": "['Pontaise 23. Caves Terreaux 27.T.']",
            "Nom": "Pontaise",
            "Métier": "['liquoriste']",
            "Classification": "intermediaire",
            "LigneOriginal": "Massard-Fieymond Fernand, liquoriste,Pontaise 23. Caves Terreaux 27.T. 22 84 66.",
            "sheet": "Pontaise",
            "year": 1951
          },
          {
            "address": "['Pontaise 21 bis']",
            "Nom": "Pontaise",
            "Métier": "['fonct. fédéral']",
            "Classification": "intermediaire",
            "LigneOriginal": "Moret-Steininger Raoul, fonct. fédéral,Pontaise 21 bis. T. 24 46 55.",
            "sheet": "Pontaise",
            "year": 1951
          },
          {
            "address": "['r.Pontaise 2.']",
            "Nom": "Pontaise",
            "Métier": "['a ne. insp. du bétail']",
            "Classification": "intermediaire",
            "LigneOriginal": "Pache Edouard, a ne. insp. du bétail, r.Pontaise 2.",
            "sheet": "Pontaise",
            "year": 1951
          },
          {
            "address": "['Pontaise43 bis']",
            "Nom": "Pontaise",
            "Métier": "['afficheur']",
            "Classification": "proletaire",
            "LigneOriginal": "Perey-Gavin Emile, afficheur, Pontaise43 bis. T. 24 19 31",
            "sheet": "Pontaise",
            "year": 1951
          },
          {
            "address": "['rue Pon-taise 6 b. M et Au']",
            "Nom": "Pontaise",
            "Métier": "['primeurs']",
            "Classification": "proletaire",
            "LigneOriginal": "Pnrro-Gruter André, primeurs, rue Pon-taise 6 b. M et Au. T. 24 12 76.",
            "sheet": "Pontaise",
            "year": 1951
          },
          {
            "address": "['Pontaise 21b']",
            "Nom": "Pontaise",
            "Métier": "['homme de lettres']",
            "Classification": "intermediaire",
            "LigneOriginal": "Reichen-Michard Albert, homme de lettres, Pontaise 21b. T. 24 46 24.",
            "sheet": "Pontaise",
            "year": 1951
          },
          {
            "address": "[',Pontaise 21 b']",
            "Nom": "Pontaise",
            "Métier": "['peintre-décorat.']",
            "Classification": "proletaire",
            "LigneOriginal": "Schwab-Matter Ernst, peintre-décorat.,Pontaise 21 b:s. T. 24 08 31. At. r.du Maupas 2. T. 22 98 55.",
            "sheet": "Pontaise",
            "year": 1951
          },
          {
            "address": "['buvette du Parc des Sports. Pontaise.T. 2-']",
            "Nom": "Pontaise",
            "Métier": "['concierge']",
            "Classification": "proletaire",
            "LigneOriginal": "Strebel-Cœndevez Louis, concierge, buvette du Parc des Sports. Pontaise.T. 2-174 91.",
            "sheet": "Pontaise",
            "year": 1951
          },
          {
            "address": "['Pontaise 25.M. et Ap.']",
            "Nom": "Pontaise",
            "Métier": "['électric']",
            "Classification": "intermediaire",
            "LigneOriginal": "Tfischer Charles, électric., Pontaise 25.M. et Ap. T. 2412 47.",
            "sheet": "Pontaise",
            "year": 1951
          },
          {
            "address": "['Pontaise.T.']",
            "Nom": "Pontaise",
            "Métier": "['de Lausanne,']",
            "Classification": "???",
            "LigneOriginal": "Vélodrome de Lausanne, Pontaise.T. 24 46 90.",
            "sheet": "Pontaise",
            "year": 1951
          },
          {
            "address": "['Pontaise 24. At. et Ap.']",
            "Nom": "Pontaise",
            "Métier": "['encadreur']",
            "Classification": "proletaire",
            "LigneOriginal": "Wildi-Beraudier Adolphe, encadreur,Pontaise 24. At. et Ap.",
            "sheet": "Pontaise",
            "year": 1951
          }
        ],
        "merged_count": 29
      }
    },
    {
      "type": "Feature",
      "geometry": {
        "type": "Point",
        "coordinates": [
          46.530183,
          6.629694
        ]
      },
      "properties": {
        "points": [
          {
            "address": "['rue de la Pontaise 27']",
            "Nom": "La Pontaise",
            "Métier": "['parqueteur']",
            "Classification": "proletaire",
            "LigneOriginal": "Broqnet-Jaquier François, parqueteur,rue de la Pontaise 27.",
            "sheet": "La Pontaise",
            "year": 1951
          }
        ],
        "merged_count": 1
      }
    },
    {
      "type": "Feature",
      "geometry": {
        "type": "Point",
        "coordinates": [
          46.530496,
          6.629915
        ]
      },
      "properties": {
        "points": [
          {
            "address": "['Mag..rue de la Pontaise 34']",
            "Nom": "La Pontaise",
            "Métier": "['épicier']",
            "Classification": "proletaire",
            "LigneOriginal": "Burdet-Roseng Charles, épicier. Mag..rue de la Pontaise 34. T. 24 76 97Dom. à Renens.",
            "sheet": "La Pontaise",
            "year": 1951
          },
          {
            "address": "['ruede la Pontaise 34']",
            "Nom": "La Pontaise",
            "Métier": "['imprimeur']",
            "Classification": "proletaire",
            "LigneOriginal": "Simmen-Chnard Henri, imprimeur, ruede la Pontaise 34.",
            "sheet": "La Pontaise",
            "year": 1951
          },
          {
            "address": "['Pontaise 34']",
            "Nom": "Pontaise",
            "Métier": "[]",
            "Classification": "???",
            "LigneOriginal": "Balzarini-Sculati. Pontaise 34.",
            "sheet": "Pontaise",
            "year": 1951
          },
          {
            "address": "['Pontaise 34']",
            "Nom": "Pontaise",
            "Métier": "['ouv. camp']",
            "Classification": "proletaire",
            "LigneOriginal": "Bovay Alexis, ouv. camp.. Pontaise 34.",
            "sheet": "Pontaise",
            "year": 1951
          },
          {
            "address": "['Pontaise 34']",
            "Nom": "Pontaise",
            "Métier": "[]",
            "Classification": "???",
            "LigneOriginal": "Pasche-Dubey Lydie, Pontaise 34.",
            "sheet": "Pontaise",
            "year": 1951
          },
          {
            "address": "['Pontaise 34']",
            "Nom": "Pontaise",
            "Métier": "['étalagiste']",
            "Classification": "intermediaire",
            "LigneOriginal": "Sangy-Bondry Robert, étalagiste, Pontaise 34.",
            "sheet": "Pontaise",
            "year": 1951
          }
        ],
        "merged_count": 6
      }
    },
    {
      "type": "Feature",
      "geometry": {
        "type": "Point",
        "coordinates": [
          46.52871,
          6.630815
        ]
      },
      "properties": {
        "points": [
          {
            "address": "['r. de la Pontaise 6']",
            "Nom": "La Pontaise",
            "Métier": "[]",
            "Classification": "???",
            "LigneOriginal": "—• Olimpina. r. de la Pontaise 6 a.",
            "sheet": "La Pontaise",
            "year": 1951
          },
          {
            "address": "['r. de laPontaise 6']",
            "Nom": "La Pontaise",
            "Métier": "['boulanger']",
            "Classification": "proletaire",
            "LigneOriginal": "Hirt-Bossel Albert, boulanger, r. de laPontaise 6.",
            "sheet": "La Pontaise",
            "year": 1951
          },
          {
            "address": "['ruede la Pontaise 6']",
            "Nom": "La Pontaise",
            "Métier": "['commerçant']",
            "Classification": "proletaire",
            "LigneOriginal": "Mégroz-Pemet Henri, commerçant, ruede la Pontaise 6 b.",
            "sheet": "La Pontaise",
            "year": 1951
          },
          {
            "address": "['Pontaise 6']",
            "Nom": "Pontaise",
            "Métier": "['mineur']",
            "Classification": "proletaire",
            "LigneOriginal": "Cosandey-Hofmann Alphonse, mineur,Pontaise 6 a.",
            "sheet": "Pontaise",
            "year": 1951
          },
          {
            "address": "['Pontaise 6']",
            "Nom": "Pontaise",
            "Métier": "['carreleur']",
            "Classification": "proletaire",
            "LigneOriginal": "Hagin-WnllscMeger Robert, carreleur,Pontaise 6.",
            "sheet": "Pontaise",
            "year": 1951
          },
          {
            "address": "['Pontaise 6']",
            "Nom": "Pontaise",
            "Métier": "['cuisin']",
            "Classification": "proletaire",
            "LigneOriginal": "Maulaz Marie, cuisin., Pontaise 6 a.",
            "sheet": "Pontaise",
            "year": 1951
          },
          {
            "address": "['Pontaise 6']",
            "Nom": "Pontaise",
            "Métier": "['empi, debur.']",
            "Classification": "intermediaire",
            "LigneOriginal": "Pasquier-Bertolotti Zêphi.rin. empi, debur., Pontaise 6 a.",
            "sheet": "Pontaise",
            "year": 1951
          }
        ],
        "merged_count": 7
      }
    },
    {
      "type": "Feature",
      "geometry": {
        "type": "Point",
        "coordinates": [
          46.531136,
          6.628944
        ]
      },
      "properties": {
        "points": [
          {
            "address": "['r. dela Pontaise 41']",
            "Nom": "La Pontaise",
            "Métier": "['droguiste']",
            "Classification": "intermediaire",
            "LigneOriginal": "Caillet-Monod William, droguiste, r. dela Pontaise 41.",
            "sheet": "La Pontaise",
            "year": 1951
          },
          {
            "address": "['r. dela Pontaise 41']",
            "Nom": "La Pontaise",
            "Métier": "['sommelière']",
            "Classification": "intermediaire",
            "LigneOriginal": "Fanchère Antoinette, sommelière, r. dela Pontaise 41.",
            "sheet": "La Pontaise",
            "year": 1951
          },
          {
            "address": "['r. de laPontaise 41']",
            "Nom": "La Pontaise",
            "Métier": "['épicerie']",
            "Classification": "proletaire",
            "LigneOriginal": "Rapin-Bruand Claude, épicerie, r. de laPontaise 41 VI. et Ap. T. 24 60 16.",
            "sheet": "La Pontaise",
            "year": 1951
          },
          {
            "address": "['rue de laPontaise 41']",
            "Nom": "La Pontaise",
            "Métier": "['typo']",
            "Classification": "intermediaire",
            "LigneOriginal": "Rapin-Cantova Roger, typo, rue de laPontaise 41.",
            "sheet": "La Pontaise",
            "year": 1951
          },
          {
            "address": "['rue de laPontaise 41']",
            "Nom": "La Pontaise",
            "Métier": "['modiste']",
            "Classification": "intermediaire",
            "LigneOriginal": "Régeon Marguerite, modiste, rue de laPontaise 41 .",
            "sheet": "La Pontaise",
            "year": 1951
          },
          {
            "address": "['ruede la Pontaise 41']",
            "Nom": "La Pontaise",
            "Métier": "['machiniste']",
            "Classification": "proletaire",
            "LigneOriginal": "Rod-Jorandon Eugène, machiniste, ruede la Pontaise 41.",
            "sheet": "La Pontaise",
            "year": 1951
          },
          {
            "address": "['ru--de la Pontaise 41']",
            "Nom": "La Pontaise",
            "Métier": "['êtud..']",
            "Classification": "inactif",
            "LigneOriginal": "Sarrasin-Gnggenbuhl Peter, êtud.. ru--de la Pontaise 41.",
            "sheet": "La Pontaise",
            "year": 1951
          },
          {
            "address": "['r. de laPontaise 41']",
            "Nom": "La Pontaise",
            "Métier": "['modiste']",
            "Classification": "intermediaire",
            "LigneOriginal": "Tschelessnig Hanna. modiste, r. de laPontaise 41.",
            "sheet": "La Pontaise",
            "year": 1951
          },
          {
            "address": "['Pontaise 41']",
            "Nom": "Pontaise",
            "Métier": "[]",
            "Classification": "???",
            "LigneOriginal": "Broand-Jacquenoud Marie. Pontaise 41.",
            "sheet": "Pontaise",
            "year": 1951
          },
          {
            "address": "['ri Ponlaise 41']",
            "Nom": "Pontaise",
            "Métier": "['empi. bur.']",
            "Classification": "intermediaire",
            "LigneOriginal": "— Renée, empi. bur., ri Ponlaise 41.",
            "sheet": "Pontaise",
            "year": 1951
          },
          {
            "address": "[',Pontaise 41']",
            "Nom": "Pontaise",
            "Métier": "['emp. post']",
            "Classification": "intermediaire",
            "LigneOriginal": "Droguet-Christeller Robert, emp. post.,Pontaise 41.",
            "sheet": "Pontaise",
            "year": 1951
          },
          {
            "address": "['Pontaise 41']",
            "Nom": "Pontaise",
            "Métier": "['couturière']",
            "Classification": "proletaire",
            "LigneOriginal": "— Liliane, couturière, Pontaise 41.",
            "sheet": "Pontaise",
            "year": 1951
          },
          {
            "address": "['Pontaise 41']",
            "Nom": "Pontaise",
            "Métier": "[]",
            "Classification": "???",
            "LigneOriginal": "— Lucette, Pontaise 41.",
            "sheet": "Pontaise",
            "year": 1951
          },
          {
            "address": "['Pontaise 41']",
            "Nom": "Pontaise",
            "Métier": "['représentant']",
            "Classification": "intermediaire",
            "LigneOriginal": "Foretay-Mignot Julien, représentant,Pontaise 41.",
            "sheet": "Pontaise",
            "year": 1951
          },
          {
            "address": "['ruePontaise 41']",
            "Nom": "Pontaise",
            "Métier": "['empi. bur.']",
            "Classification": "intermediaire",
            "LigneOriginal": "Gervex-Torny Roger, empi. bur., ruePontaise 41.",
            "sheet": "Pontaise",
            "year": 1951
          },
          {
            "address": "['Pontaise 41']",
            "Nom": "Pontaise",
            "Métier": "[]",
            "Classification": "???",
            "LigneOriginal": "•— Ida, Pontaise 41.",
            "sheet": "Pontaise",
            "year": 1951
          },
          {
            "address": "['Pontaise 41']",
            "Nom": "Pontaise",
            "Métier": "['cuisinière']",
            "Classification": "proletaire",
            "LigneOriginal": "— Cécile, cuisinière, Pontaise 41.",
            "sheet": "Pontaise",
            "year": 1951
          },
          {
            "address": "['typo. Pontaise 41']",
            "Nom": "Pontaise",
            "Métier": "[]",
            "Classification": "???",
            "LigneOriginal": "— Jean-Pierre, typo. Pontaise 41.",
            "sheet": "Pontaise",
            "year": 1951
          },
          {
            "address": "['r. de la Pontaisc 41']",
            "Nom": "Pontaise",
            "Métier": "[]",
            "Classification": "???",
            "LigneOriginal": "— Yvette, r. de la Pontaisc 41.",
            "sheet": "Pontaise",
            "year": 1951
          },
          {
            "address": "['Pontaise 41']",
            "Nom": "Pontaise",
            "Métier": "['Vve', 'couturière']",
            "Classification": "proletaire",
            "LigneOriginal": "Vocat-Savini Thérèse, Vve, couturière,Pontaise 41.",
            "sheet": "Pontaise",
            "year": 1951
          }
        ],
        "merged_count": 20
      }
    },
    {
      "type": "Feature",
      "geometry": {
        "type": "Point",
        "coordinates": [
          46.532073,
          6.627638
        ]
      },
      "properties": {
        "points": [
          {
            "address": "['.r. de la Pontaise 31']",
            "Nom": "La Pontaise",
            "Métier": "[]",
            "Classification": "???",
            "LigneOriginal": "Cavin-Cavin Julia, .r. de la Pontaise 31.",
            "sheet": "La Pontaise",
            "year": 1951
          },
          {
            "address": "['ruede la Pontaise 31']",
            "Nom": "La Pontaise",
            "Métier": "['fonct. postal']",
            "Classification": "intermediaire",
            "LigneOriginal": "Gnibat-Meier Bernard, fonct. postal, ruede la Pontaise 31 T. 24 10 55.",
            "sheet": "La Pontaise",
            "year": 1951
          },
          {
            "address": "['rue de laPontaise 31']",
            "Nom": "La Pontaise",
            "Métier": "['électr.-techn..']",
            "Classification": "intermediaire",
            "LigneOriginal": "Mennet Edgar, électr.-techn.. rue de laPontaise 31. T. 24 78 74.",
            "sheet": "La Pontaise",
            "year": 1951
          },
          {
            "address": "['rue de laPontaise 31']",
            "Nom": "La Pontaise",
            "Métier": "['cafetier']",
            "Classification": "proletaire",
            "LigneOriginal": "Perriraz-Vogt Jules, cafetier, rue de laPontaise 31.",
            "sheet": "La Pontaise",
            "year": 1951
          },
          {
            "address": "['rue de laPontaise 31']",
            "Nom": "La Pontaise",
            "Métier": "['Veuve']",
            "Classification": "inactif",
            "LigneOriginal": "Weiss-Nidecker Alice. Veuve, rue de laPontaise 31. T. 24 75 65.",
            "sheet": "La Pontaise",
            "year": 1951
          },
          {
            "address": "['Pontaise 31']",
            "Nom": "Pontaise",
            "Métier": "['ménag.']",
            "Classification": "proletaire",
            "LigneOriginal": "Brayer Françoise, ménag., Pontaise 31.",
            "sheet": "Pontaise",
            "year": 1951
          },
          {
            "address": "['Pontaise 31']",
            "Nom": "Pontaise",
            "Métier": "[]",
            "Classification": "???",
            "LigneOriginal": "Burckard Marie, Pontaise 31.",
            "sheet": "Pontaise",
            "year": 1951
          },
          {
            "address": "['Pontaise 31']",
            "Nom": "Pontaise",
            "Métier": "['photogr.']",
            "Classification": "proletaire",
            "LigneOriginal": "— Marguerite, photogr., Pontaise 31.",
            "sheet": "Pontaise",
            "year": 1951
          },
          {
            "address": "['Pontaise 31']",
            "Nom": "Pontaise",
            "Métier": "['technicien']",
            "Classification": "intermediaire",
            "LigneOriginal": "Henriod-Blanchard Edouard, technicien,Pontaise 31.",
            "sheet": "Pontaise",
            "year": 1951
          },
          {
            "address": "['ruePontaise 31']",
            "Nom": "Pontaise",
            "Métier": "['empi, de comm']",
            "Classification": "proletaire",
            "LigneOriginal": "Losey-Pignet Jean, empi, de comm., ruePontaise 31.",
            "sheet": "Pontaise",
            "year": 1951
          },
          {
            "address": "['Pontaise 31']",
            "Nom": "Pontaise",
            "Métier": "['empi. T. L.']",
            "Classification": "proletaire",
            "LigneOriginal": "— Gilbert, empi. T. L., Pontaise 31.",
            "sheet": "Pontaise",
            "year": 1951
          },
          {
            "address": "['téléph.. Pontaise 31']",
            "Nom": "Pontaise",
            "Métier": "['mont,']",
            "Classification": "proletaire",
            "LigneOriginal": "—• Maurice, mont, téléph.. Pontaise 31.",
            "sheet": "Pontaise",
            "year": 1951
          },
          {
            "address": "[',Pontaise 31']",
            "Nom": "Pontaise",
            "Métier": "['empi, de comm']",
            "Classification": "proletaire",
            "LigneOriginal": "Ries-Hnmer Roger, empi, de comm.,Pontaise 31.",
            "sheet": "Pontaise",
            "year": 1951
          },
          {
            "address": "['Pontaise 31']",
            "Nom": "Pontaise",
            "Métier": "[]",
            "Classification": "???",
            "LigneOriginal": "Vogt Alice, Pontaise 31.",
            "sheet": "Pontaise",
            "year": 1951
          },
          {
            "address": "['. Pontaise 31']",
            "Nom": "Pontaise",
            "Métier": "['institutrice']",
            "Classification": "élevé",
            "LigneOriginal": "— Jacqueline, institutrice. Pontaise 31.",
            "sheet": "Pontaise",
            "year": 1951
          }
        ],
        "merged_count": 15
      }
    },
    {
      "type": "Feature",
      "geometry": {
        "type": "Point",
        "coordinates": [
          46.52958,
          6.630901
        ]
      },
      "properties": {
        "points": [
          {
            "address": "['ruede la Pontaise 16']",
            "Nom": "La Pontaise",
            "Métier": "['menuisier']",
            "Classification": "proletaire",
            "LigneOriginal": "Cordey-Bovay Charles, menuisier, ruede la Pontaise 16.",
            "sheet": "La Pontaise",
            "year": 1951
          },
          {
            "address": "['r.de la Pontaise 13', 'At. Pontaise 16']",
            "Nom": "La Pontaise",
            "Métier": "['cordonnier']",
            "Classification": "intermediaire",
            "LigneOriginal": "Desgraz-Giddey Marcel, cordonnier, r.de la Pontaise 13. At. Pontaise 16.",
            "sheet": "La Pontaise",
            "year": 1951
          },
          {
            "address": "['Pontaise 16']",
            "Nom": "Pontaise",
            "Métier": "['empi, banque']",
            "Classification": "intermediaire",
            "LigneOriginal": "— Jean, empi, banque, Pontaise 16,",
            "sheet": "Pontaise",
            "year": 1951
          },
          {
            "address": "['rue Pontaise 16']",
            "Nom": "Pontaise",
            "Métier": "['Vve']",
            "Classification": "inactif",
            "LigneOriginal": "Bally-Gilomen Yvonne, Vve. rue Pontaise 16.",
            "sheet": "Pontaise",
            "year": 1951
          },
          {
            "address": "['ruePontaise 16']",
            "Nom": "Pontaise",
            "Métier": "['mécanicien']",
            "Classification": "intermediaire",
            "LigneOriginal": "Bébonx-Diemer Emile, mécanicien, ruePontaise 16.",
            "sheet": "Pontaise",
            "year": 1951
          },
          {
            "address": "['Pontaise 16']",
            "Nom": "Pontaise",
            "Métier": "['agt de police']",
            "Classification": "intermediaire",
            "LigneOriginal": "— Pierre, agt de police. Pontaise 16.",
            "sheet": "Pontaise",
            "year": 1951
          },
          {
            "address": "['Pontaise 18. Atau No 16']",
            "Nom": "Pontaise",
            "Métier": "['tapissier']",
            "Classification": "proletaire",
            "LigneOriginal": "— Edmond, tapissier. Pontaise 18. Atau No 16.",
            "sheet": "Pontaise",
            "year": 1951
          }
        ],
        "merged_count": 7
      }
    },
    {
      "type": "Feature",
      "geometry": {
        "type": "Point",
        "coordinates": [
          46.53029,
          6.630017
        ]
      },
      "properties": {
        "points": [
          {
            "address": "['rue de laPontaise 30']",
            "Nom": "La Pontaise",
            "Métier": "['fourreuse']",
            "Classification": "proletaire",
            "LigneOriginal": "Gurty Antoinette, fourreuse. rue de laPontaise 30.",
            "sheet": "La Pontaise",
            "year": 1951
          },
          {
            "address": "['ruede la Pontaise 30']",
            "Nom": "La Pontaise",
            "Métier": "['emp. commerce']",
            "Classification": "proletaire",
            "LigneOriginal": "Torti-Cnrty Henri, emp. commerce, ruede la Pontaise 30",
            "sheet": "La Pontaise",
            "year": 1951
          },
          {
            "address": "['Pontaise 30']",
            "Nom": "Pontaise",
            "Métier": "['charretier']",
            "Classification": "proletaire",
            "LigneOriginal": "Mettral-Desponds Ulrich, charretier,Pontaise 30.",
            "sheet": "Pontaise",
            "year": 1951
          },
          {
            "address": "['ruePontaise 30']",
            "Nom": "Pontaise",
            "Métier": "['jardinier']",
            "Classification": "proletaire",
            "LigneOriginal": "Tenthoiey-Broyon André, jardinier, ruePontaise 30.",
            "sheet": "Pontaise",
            "year": 1951
          }
        ],
        "merged_count": 4
      }
    },
    {
      "type": "Feature",
      "geometry": {
        "type": "Point",
        "coordinates": [
          46.531347,
          6.629117
        ]
      },
      "properties": {
        "points": [
          {
            "address": "['r. de laPontaise 48']",
            "Nom": "La Pontaise",
            "Métier": "['Vve']",
            "Classification": "inactif",
            "LigneOriginal": "Dombald-Oppeliger Marie, Vve, r. de laPontaise 48.",
            "sheet": "La Pontaise",
            "year": 1951
          },
          {
            "address": "['Pontaise 48']",
            "Nom": "Pontaise",
            "Métier": "['manœuvre']",
            "Classification": "proletaire",
            "LigneOriginal": "Badel-Piguet Louis-Charles, manœuvre,Pontaise 48.",
            "sheet": "Pontaise",
            "year": 1951
          },
          {
            "address": "['Pontaise 48']",
            "Nom": "Pontaise",
            "Métier": "['mécan.']",
            "Classification": "intermediaire",
            "LigneOriginal": "— Joseph, mécan., Pontaise 48.",
            "sheet": "Pontaise",
            "year": 1951
          },
          {
            "address": "['Pontaise 48']",
            "Nom": "Pontaise",
            "Métier": "['peintre']",
            "Classification": "proletaire",
            "LigneOriginal": "— Roland, peintre, Pontaise 48.",
            "sheet": "Pontaise",
            "year": 1951
          },
          {
            "address": "['r. Pontaise 48']",
            "Nom": "Pontaise",
            "Métier": "['sommelière']",
            "Classification": "intermediaire",
            "LigneOriginal": "— Gisèle, sommelière, r. Pontaise 48",
            "sheet": "Pontaise",
            "year": 1951
          }
        ],
        "merged_count": 5
      }
    },
    {
      "type": "Feature",
      "geometry": {
        "type": "Point",
        "coordinates": [
          46.53125,
          6.629335
        ]
      },
      "properties": {
        "points": [
          {
            "address": "['r.de la Pontaise 46']",
            "Nom": "La Pontaise",
            "Métier": "['mécanicien']",
            "Classification": "intermediaire",
            "LigneOriginal": "Dupuis-Charpilloz Léon, mécanicien, r.de la Pontaise 46.",
            "sheet": "La Pontaise",
            "year": 1951
          },
          {
            "address": "['Pontaise 46']",
            "Nom": "Pontaise",
            "Métier": "['café des Lauriers']",
            "Classification": "proletaire",
            "LigneOriginal": "Bagnond-Pelosi Ernest, café des Lauriers, Pontaise 46. T. 24 12 70.",
            "sheet": "Pontaise",
            "year": 1951
          },
          {
            "address": "['rteAl.-Fauquex 65', 'At. av. du Mont-Blanc 6', 'Pontaise 46']",
            "Nom": "Pontaise",
            "Métier": "['ébéniste']",
            "Classification": "proletaire",
            "LigneOriginal": "Forster-Tersin Hermann, ébéniste, rteAl.-Fauquex 65. At. av. du Mont-Blanc 6 et Pontaise 46.",
            "sheet": "Pontaise",
            "year": 1951
          },
          {
            "address": "['Pontaise 46']",
            "Nom": "Pontaise",
            "Métier": "['café desLauriers.']",
            "Classification": "proletaire",
            "LigneOriginal": "Mosimann-Kappeler Wilhelm, café desLauriers. Pontaise 46. T. 2411 59.",
            "sheet": "Pontaise",
            "year": 1951
          },
          {
            "address": "['Pontaise 46']",
            "Nom": "Pontaise",
            "Métier": "['emp. commerce']",
            "Classification": "proletaire",
            "LigneOriginal": "Schaefer-Berthond Manfred, emp. commerce, Pontaise 46.",
            "sheet": "Pontaise",
            "year": 1951
          }
        ],
        "merged_count": 5
      }
    },
    {
      "type": "Feature",
      "geometry": {
        "type": "Point",
        "coordinates": [
          46.530718,
          6.629605
        ]
      },
      "properties": {
        "points": [
          {
            "address": "['rue de laPontaise 23bis']",
            "Nom": "La Pontaise",
            "Métier": "['garde-malade']",
            "Classification": "proletaire",
            "LigneOriginal": "— Suzanne, garde-malade, rue de laPontaise 23bis.",
            "sheet": "La Pontaise",
            "year": 1951
          },
          {
            "address": "['av. de laHarpe 12', 'de la Pontaise 32']",
            "Nom": "La Pontaise",
            "Métier": "['laitier']",
            "Classification": "proletaire",
            "LigneOriginal": "Schmutz-Strahm Fritz, laitier, av. de laHarpe 12. M. et An. T. 26 32 75.Succ. av. du Servan 21. T. 26 32 76.r. des Fontenaillcs 10. T. 26 32 77.rue de la Pontaise 32 T. 24 73 28.",
            "sheet": "La Pontaise",
            "year": 1951
          },
          {
            "address": "['r. des Crêtes 4', 'M. Pontaise 2.T. 2486']",
            "Nom": "Pontaise",
            "Métier": "['horloger']",
            "Classification": "intermediaire",
            "LigneOriginal": "AescMimann-Schenkel Georges, horloger, r. des Crêtes 4. M. Pontaise 2.T. 2486 43.",
            "sheet": "Pontaise",
            "year": 1951
          },
          {
            "address": "['. Pontaise 56']",
            "Nom": "Pontaise",
            "Métier": "['journalière']",
            "Classification": "proletaire",
            "LigneOriginal": "— Germaine, journalière. Pontaise 56.",
            "sheet": "Pontaise",
            "year": 1951
          },
          {
            "address": "['ruePontaise 56']",
            "Nom": "Pontaise",
            "Métier": "['manœuvre']",
            "Classification": "proletaire",
            "LigneOriginal": "Burnod-Sombrun René, manœuvre, ruePontaise 56.",
            "sheet": "Pontaise",
            "year": 1951
          },
          {
            "address": "['Pontaise 56']",
            "Nom": "Pontaise",
            "Métier": "['café de la Placed’armes']",
            "Classification": "proletaire",
            "LigneOriginal": "Chapuis-Bujard Alexis, café de la Placed’armes, Pontaise 56. T. 2412 60.",
            "sheet": "Pontaise",
            "year": 1951
          },
          {
            "address": "['Pontaise 54']",
            "Nom": "Pontaise",
            "Métier": "['boulanger']",
            "Classification": "proletaire",
            "LigneOriginal": "Chardon Denis, boulanger, Pontaise 54.",
            "sheet": "Pontaise",
            "year": 1951
          },
          {
            "address": "['Pontaise 54']",
            "Nom": "Pontaise",
            "Métier": "['manœuvre']",
            "Classification": "proletaire",
            "LigneOriginal": "Charles-Monney Maurice, manœuvre,Pontaise 54. T. 24 05 17.",
            "sheet": "Pontaise",
            "year": 1951
          },
          {
            "address": "['Pontaise 28']",
            "Nom": "Pontaise",
            "Métier": "['emp. bur']",
            "Classification": "intermediaire",
            "LigneOriginal": "— Rose, emp. bur., Pontaise 28.",
            "sheet": "Pontaise",
            "year": 1951
          },
          {
            "address": "['. Pontaise 28']",
            "Nom": "Pontaise",
            "Métier": "['Vve']",
            "Classification": "inactif",
            "LigneOriginal": "Emch-Gerber Anna, Vve. Pontaise 28.",
            "sheet": "Pontaise",
            "year": 1951
          },
          {
            "address": "['Pontaise 54']",
            "Nom": "Pontaise",
            "Métier": "['emp. T.L.']",
            "Classification": "intermediaire",
            "LigneOriginal": "— Jules, emp. T.L., Pontaise 54.",
            "sheet": "Pontaise",
            "year": 1951
          },
          {
            "address": "['Pontaise 54']",
            "Nom": "Pontaise",
            "Métier": "['sommelière']",
            "Classification": "intermediaire",
            "LigneOriginal": "—- Simone, sommelière. Pontaise 54.",
            "sheet": "Pontaise",
            "year": 1951
          },
          {
            "address": "['typo. Pontaise 54']",
            "Nom": "Pontaise",
            "Métier": "[]",
            "Classification": "???",
            "LigneOriginal": "Riddey-Panchand Victor, typo. Pontaise 54.",
            "sheet": "Pontaise",
            "year": 1951
          },
          {
            "address": "['r. de.laPontaise 54']",
            "Nom": "Pontaise",
            "Métier": "['empi, aux casernes']",
            "Classification": "proletaire",
            "LigneOriginal": "— Emile, empi, aux casernes, r. de.laPontaise 54.",
            "sheet": "Pontaise",
            "year": 1951
          },
          {
            "address": "['r. Pontaise 54']",
            "Nom": "Pontaise",
            "Métier": "[]",
            "Classification": "???",
            "LigneOriginal": "Guillemin-Aubert Alice, r. Pontaise 54.",
            "sheet": "Pontaise",
            "year": 1951
          },
          {
            "address": "['Pontaise 6bis']",
            "Nom": "Pontaise",
            "Métier": "[]",
            "Classification": "???",
            "LigneOriginal": "Hennard-Redard Clara, Pontaise 6bis.",
            "sheet": "Pontaise",
            "year": 1951
          },
          {
            "address": "[', Pontaise 56']",
            "Nom": "Pontaise",
            "Métier": "['é ri c-Em i 1 e,appareilleur']",
            "Classification": "proletaire",
            "LigneOriginal": "Kehrwand-Zurkinden    Fréd é ri c-Em i 1 e,appareilleur, Pontaise 56.",
            "sheet": "Pontaise",
            "year": 1951
          },
          {
            "address": "['Pontaise 54']",
            "Nom": "Pontaise",
            "Métier": "['horloger']",
            "Classification": "intermediaire",
            "LigneOriginal": "Marendaz-Tétaz Arnold horloger. Pontaise 54.",
            "sheet": "Pontaise",
            "year": 1951
          },
          {
            "address": "['r. Pon-taise 54']",
            "Nom": "Pontaise",
            "Métier": "['Vve']",
            "Classification": "inactif",
            "LigneOriginal": "Margot-Freymond Aline. Vve. r. Pon-taise 54-56.",
            "sheet": "Pontaise",
            "year": 1951
          },
          {
            "address": "['Pontaise 38']",
            "Nom": "Pontaise",
            "Métier": "[]",
            "Classification": "???",
            "LigneOriginal": "Maller-Genoad Théodore. Pontaise 38.",
            "sheet": "Pontaise",
            "year": 1951
          },
          {
            "address": "['Pontaise 56']",
            "Nom": "Pontaise",
            "Métier": "['emp. T.L.']",
            "Classification": "intermediaire",
            "LigneOriginal": "—• Charles, emp. T.L., Pontaise 56.",
            "sheet": "Pontaise",
            "year": 1951
          },
          {
            "address": "['Pontaise 58']",
            "Nom": "Pontaise",
            "Métier": "['café du Stand']",
            "Classification": "proletaire",
            "LigneOriginal": "Pahud-Lafond Henri, café du Stand,Pontaise 58. T. 24 41 08.",
            "sheet": "Pontaise",
            "year": 1951
          },
          {
            "address": "['Pontaise 54']",
            "Nom": "Pontaise",
            "Métier": "['peintre en voitures']",
            "Classification": "proletaire",
            "LigneOriginal": "Thélin-Favre Aloïs, peintre en voitures. Pontaise 54.",
            "sheet": "Pontaise",
            "year": 1951
          },
          {
            "address": "['Pontaise 54']",
            "Nom": "Pontaise",
            "Métier": "['tonnelier']",
            "Classification": "proletaire",
            "LigneOriginal": "Thévenaz-Lawrunsenko Wladimir, tonnelier, Pontaise 54.",
            "sheet": "Pontaise",
            "year": 1951
          },
          {
            "address": "['Pontaise 54']",
            "Nom": "Pontaise",
            "Métier": "[]",
            "Classification": "???",
            "LigneOriginal": "Tschonp Peter. Pontaise 54.",
            "sheet": "Pontaise",
            "year": 1951
          },
          {
            "address": "['Pontaise 54']",
            "Nom": "Pontaise",
            "Métier": "['palefrenier']",
            "Classification": "proletaire",
            "LigneOriginal": "Tschopp-Banmann Karl, palefrenier,Pontaise 54.",
            "sheet": "Pontaise",
            "year": 1951
          },
          {
            "address": "['Pontaise 56']",
            "Nom": "Pontaise",
            "Métier": "[]",
            "Classification": "???",
            "LigneOriginal": "— André. Pontaise 56.",
            "sheet": "Pontaise",
            "year": 1951
          },
          {
            "address": "['Pontaise 56']",
            "Nom": "Pontaise",
            "Métier": "['menuisier']",
            "Classification": "proletaire",
            "LigneOriginal": "Waridel Aimé, menuisier, Pontaise 56",
            "sheet": "Pontaise",
            "year": 1951
          },
          {
            "address": "['Pontaise 56']",
            "Nom": "Pontaise",
            "Métier": "[]",
            "Classification": "???",
            "LigneOriginal": "Zurkinden Emma, Pontaise 56.",
            "sheet": "Pontaise",
            "year": 1951
          },
          {
            "address": "['Pontaise 56']",
            "Nom": "Pontaise",
            "Métier": "[]",
            "Classification": "???",
            "LigneOriginal": "—- Georgette, Pontaise 56.",
            "sheet": "Pontaise",
            "year": 1951
          }
        ],
        "merged_count": 30
      }
    },
    {
      "type": "Feature",
      "geometry": {
        "type": "Point",
        "coordinates": [
          46.529984,
          6.630078
        ]
      },
      "properties": {
        "points": [
          {
            "address": "['ruede la Pontaise 6. Salon et Ap.T. 24']",
            "Nom": "La Pontaise",
            "Métier": "['coiffeur']",
            "Classification": "proletaire",
            "LigneOriginal": "Fontana-Marti Jean-Louis, coiffeur, ruede la Pontaise 6. Salon et Ap.T. 24 70 78.",
            "sheet": "La Pontaise",
            "year": 1951
          },
          {
            "address": "['rue de laPontaise 24']",
            "Nom": "La Pontaise",
            "Métier": "['Vve']",
            "Classification": "inactif",
            "LigneOriginal": "Stehli-Porchet Henriette. Vve. rue de laPontaise 24 T. 21 43 62",
            "sheet": "La Pontaise",
            "year": 1951
          },
          {
            "address": "['r. Pontaise 43 bisMas. au No 24']",
            "Nom": "Pontaise",
            "Métier": "['tabacs']",
            "Classification": "proletaire",
            "LigneOriginal": "—■ Juliette, tabacs, r. Pontaise 43 bisMas. au No 24. T. 24 79 82.",
            "sheet": "Pontaise",
            "year": 1951
          },
          {
            "address": "['r.Pontaise 24']",
            "Nom": "Pontaise",
            "Métier": "['médecin']",
            "Classification": "élevé",
            "LigneOriginal": "Bonzon-Stehli Jean-Pierre, médecin, r.Pontaise 24.",
            "sheet": "Pontaise",
            "year": 1951
          },
          {
            "address": "['Pontaise 31T. 24']",
            "Nom": "Pontaise",
            "Métier": "['Vve']",
            "Classification": "inactif",
            "LigneOriginal": "Gollaud-Bœhle Sophie, Vve, Pontaise 31T. 24 60 34.",
            "sheet": "Pontaise",
            "year": 1951
          },
          {
            "address": "[',r. Pontaise 25', 'Mag. Pontaise 27.T. 24']",
            "Nom": "Pontaise",
            "Métier": "['boucher-charcut.']",
            "Classification": "proletaire",
            "LigneOriginal": "Conne-Hänni Henri, boucher-charcut.,r. Pontaise 25. Mag. Pontaise 27.T. 24 07 34.",
            "sheet": "Pontaise",
            "year": 1951
          },
          {
            "address": "['r.Pontaise 47', 'M r. du Maupas 20.T. 24']",
            "Nom": "Pontaise",
            "Métier": "['horloger']",
            "Classification": "intermediaire",
            "LigneOriginal": "Dépraz-Peneveyrrs Emile, horloger, r.Pontaise 47. M r. du Maupas 20.T. 24 77 32.",
            "sheet": "Pontaise",
            "year": 1951
          },
          {
            "address": "['rue Pontaise 21.T. 24']",
            "Nom": "Pontaise",
            "Métier": "['sommelier']",
            "Classification": "intermediaire",
            "LigneOriginal": "—- Marcel, sommelier, rue Pontaise 21.T. 24 43 01.",
            "sheet": "Pontaise",
            "year": 1951
          }
        ],
        "merged_count": 8
      }
    },
    {
      "type": "Feature",
      "geometry": {
        "type": "Point",
        "coordinates": [
          46.530277,
          6.629428
        ]
      },
      "properties": {
        "points": [
          {
            "address": "['rue de la Pontaise 29']",
            "Nom": "La Pontaise",
            "Métier": "['empi, debur.']",
            "Classification": "intermediaire",
            "LigneOriginal": "Fridelance-Marcnard Henri, empi, debur., rue de la Pontaise 29.",
            "sheet": "La Pontaise",
            "year": 1951
          },
          {
            "address": "['ruede la Pontaise 29']",
            "Nom": "La Pontaise",
            "Métier": "['comptable']",
            "Classification": "intermediaire",
            "LigneOriginal": "Nanchen-Rappaz Noël, comptable, ruede la Pontaise 29.",
            "sheet": "La Pontaise",
            "year": 1951
          },
          {
            "address": "['rde la Pontaise 29']",
            "Nom": "La Pontaise",
            "Métier": "['jardinier']",
            "Classification": "proletaire",
            "LigneOriginal": "Thévenaz-Gander Charles, jardinier, rde la Pontaise 29.",
            "sheet": "La Pontaise",
            "year": 1951
          },
          {
            "address": "['Pontaise 29']",
            "Nom": "Pontaise",
            "Métier": "['institutrice']",
            "Classification": "élevé",
            "LigneOriginal": "— Sidonie, institutrice, Pontaise 29.",
            "sheet": "Pontaise",
            "year": 1951
          },
          {
            "address": "['r.Pontaise 29']",
            "Nom": "Pontaise",
            "Métier": "['mécan., tricot']",
            "Classification": "proletaire",
            "LigneOriginal": "Duvanel-Lebet Léon, mécan., tricot., r.Pontaise 29.",
            "sheet": "Pontaise",
            "year": 1951
          },
          {
            "address": "['rue Pontaise 29']",
            "Nom": "Pontaise",
            "Métier": "['vendeur']",
            "Classification": "proletaire",
            "LigneOriginal": "— Roger, vendeur, rue Pontaise 29.",
            "sheet": "Pontaise",
            "year": 1951
          },
          {
            "address": "['Pontaise 29']",
            "Nom": "Pontaise",
            "Métier": "['ferbl.-concierge,']",
            "Classification": "proletaire",
            "LigneOriginal": "Notz-Kuonen Charles, ferbl.-concierge,Pontaise 29.",
            "sheet": "Pontaise",
            "year": 1951
          },
          {
            "address": "['Pontaise 29']",
            "Nom": "Pontaise",
            "Métier": "['électricien S.']",
            "Classification": "intermediaire",
            "LigneOriginal": "Perrin-Leupin Gérard, électricien S. !..Pontaise 29 T. 24 46 20.",
            "sheet": "Pontaise",
            "year": 1951
          },
          {
            "address": "['Pontaise 29']",
            "Nom": "Pontaise",
            "Métier": "['empi, de_ banque']",
            "Classification": "intermediaire",
            "LigneOriginal": "Seligmann-Fluckigei Bernard, empi, de_ banque, Pontaise 29.",
            "sheet": "Pontaise",
            "year": 1951
          }
        ],
        "merged_count": 9
      }
    },
    {
      "type": "Feature",
      "geometry": {
        "type": "Point",
        "coordinates": [
          46.528515,
          6.630884
        ]
      },
      "properties": {
        "points": [
          {
            "address": "['r.de la Pontaise 2']",
            "Nom": "La Pontaise",
            "Métier": "['Dr ès sciences']",
            "Classification": "élevé",
            "LigneOriginal": "Gnenin-Mengi Henri. Dr ès sciences, r.de la Pontaise 2. T. 24 70 32.",
            "sheet": "La Pontaise",
            "year": 1951
          },
          {
            "address": "['r. de laPontaise 2']",
            "Nom": "La Pontaise",
            "Métier": "['ménagère']",
            "Classification": "inactif",
            "LigneOriginal": "Guerry-Imhof Clara, ménagère, r. de laPontaise 2.",
            "sheet": "La Pontaise",
            "year": 1951
          },
          {
            "address": "['r. dela Pontaise 2']",
            "Nom": "La Pontaise",
            "Métier": "['laiterie']",
            "Classification": "proletaire",
            "LigneOriginal": "Spahr-Guerry Edouard, laiterie, r. dela Pontaise 2. T. 24 74 65",
            "sheet": "La Pontaise",
            "year": 1951
          },
          {
            "address": "['Pon-taise 4. M. Pontaise 2']",
            "Nom": "Pontaise",
            "Métier": "['épicerie']",
            "Classification": "proletaire",
            "LigneOriginal": "Corbaz-Fehlmann Alfred, épicerie, Pon-taise 4. M. Pontaise 2. T. 24 41 58.",
            "sheet": "Pontaise",
            "year": 1951
          },
          {
            "address": "['Pontaise21 T.', 'Mag. Petit-Chêne 2']",
            "Nom": "Pontaise",
            "Métier": "['tabacs,']",
            "Classification": "proletaire",
            "LigneOriginal": "Jaques-Jorand Henri, tabacs, Pontaise21 T. 24 43 68. Mag. Petit-Chêne 2..T. 22 76 80.",
            "sheet": "Pontaise",
            "year": 1951
          },
          {
            "address": "['Pontaise 2']",
            "Nom": "Pontaise",
            "Métier": "['empi, librairie']",
            "Classification": "intermediaire",
            "LigneOriginal": "Lavanchy-Visinand Charles, empi, librairie, Pontaise 2.",
            "sheet": "Pontaise",
            "year": 1951
          },
          {
            "address": "['Pontaise 2']",
            "Nom": "Pontaise",
            "Métier": "[]",
            "Classification": "???",
            "LigneOriginal": "— Hortense, Pontaise 2.",
            "sheet": "Pontaise",
            "year": 1951
          },
          {
            "address": "['r. Pontaise 2']",
            "Nom": "Pontaise",
            "Métier": "[]",
            "Classification": "???",
            "LigneOriginal": "— Marguerite, r. Pontaise 2.",
            "sheet": "Pontaise",
            "year": 1951
          },
          {
            "address": "['r. Pontaise 2']",
            "Nom": "Pontaise",
            "Métier": "['coiffeuse']",
            "Classification": "proletaire",
            "LigneOriginal": "Salquin Suzy. coiffeuse, r. Pontaise 2.",
            "sheet": "Pontaise",
            "year": 1951
          }
        ],
        "merged_count": 9
      }
    },
    {
      "type": "Feature",
      "geometry": {
        "type": "Point",
        "coordinates": [
          46.529542,
          6.630052
        ]
      },
      "properties": {
        "points": [
          {
            "address": "['employé T. L„Pontaise 13']",
            "Nom": "La Pontaise",
            "Métier": "[]",
            "Classification": "???",
            "LigneOriginal": "Joyet-Matthey Samuel, employé T. L„Pontaise 13.",
            "sheet": "La Pontaise",
            "year": 1951
          },
          {
            "address": "['rue dela Pontaise 13']",
            "Nom": "La Pontaise",
            "Métier": "['veuve']",
            "Classification": "inactif",
            "LigneOriginal": "Lench-Sahli Marguerite, veuve, rue dela Pontaise 13.",
            "sheet": "La Pontaise",
            "year": 1951
          },
          {
            "address": "['rue de la Pontaise 13']",
            "Nom": "La Pontaise",
            "Métier": "[]",
            "Classification": "???",
            "LigneOriginal": "—• Liliane, rue de la Pontaise 13.",
            "sheet": "La Pontaise",
            "year": 1951
          },
          {
            "address": "['ruede la Pontaise 13']",
            "Nom": "La Pontaise",
            "Métier": "['horloger']",
            "Classification": "intermediaire",
            "LigneOriginal": "Widmer-Herbonl Ernest, horloger, ruede la Pontaise 13.",
            "sheet": "La Pontaise",
            "year": 1951
          },
          {
            "address": "['la Pontaisc 13']",
            "Nom": "Pontaise",
            "Métier": "[]",
            "Classification": "???",
            "LigneOriginal": "Bonsignore-Handschin Vincent, tailleur,rue de la Pontaisc 13.",
            "sheet": "Pontaise",
            "year": 1951
          },
          {
            "address": "['Pontaise 13']",
            "Nom": "Pontaise",
            "Métier": "['méc.']",
            "Classification": "intermediaire",
            "LigneOriginal": "Curty-Henry Charles, méc., Pontaise 13.",
            "sheet": "Pontaise",
            "year": 1951
          },
          {
            "address": "['irue Pontaise 13']",
            "Nom": "Pontaise",
            "Métier": "['techn.-électric..']",
            "Classification": "intermediaire",
            "LigneOriginal": "Dogny-Girod Hermann, techn.-électric..irue Pontaise 13.",
            "sheet": "Pontaise",
            "year": 1951
          },
          {
            "address": "['Pontaise 13']",
            "Nom": "Pontaise",
            "Métier": "['boucher']",
            "Classification": "proletaire",
            "LigneOriginal": "Leuch-Ghanbert Charles, boucher, Pontaise 13.",
            "sheet": "Pontaise",
            "year": 1951
          },
          {
            "address": "['rue Pontaise 13']",
            "Nom": "Pontaise",
            "Métier": "['coupeur fourreur']",
            "Classification": "proletaire",
            "LigneOriginal": "— Walter, coupeur fourreur, rue Pontaise 13.",
            "sheet": "Pontaise",
            "year": 1951
          },
          {
            "address": "['ruePontaise 13']",
            "Nom": "Pontaise",
            "Métier": "['menuisier']",
            "Classification": "proletaire",
            "LigneOriginal": "Pahnd-Mounoud Louis, menuisier, ruePontaise 13.",
            "sheet": "Pontaise",
            "year": 1951
          },
          {
            "address": "['Pontaise 13']",
            "Nom": "Pontaise",
            "Métier": "['emp. comm']",
            "Classification": "proletaire",
            "LigneOriginal": "— Germaine, emp. comm.. Pontaise 13.",
            "sheet": "Pontaise",
            "year": 1951
          },
          {
            "address": "['Pontaise 13']",
            "Nom": "Pontaise",
            "Métier": "['empi, bur.']",
            "Classification": "intermediaire",
            "LigneOriginal": "— Gertrude, empi, bur., Pontaise 13.",
            "sheet": "Pontaise",
            "year": 1951
          },
          {
            "address": "['Pontaise 13']",
            "Nom": "Pontaise",
            "Métier": "[]",
            "Classification": "???",
            "LigneOriginal": "Widmer-Friediich Gottf., Pontaise 13.",
            "sheet": "Pontaise",
            "year": 1951
          }
        ],
        "merged_count": 13
      }
    },
    {
      "type": "Feature",
      "geometry": {
        "type": "Point",
        "coordinates": [
          46.528904,
          6.630246
        ]
      },
      "properties": {
        "points": [
          {
            "address": "['rue de laPontaise 5']",
            "Nom": "La Pontaise",
            "Métier": "['vendeur']",
            "Classification": "proletaire",
            "LigneOriginal": "Liaidet-Girard Elie, vendeur, rue de laPontaise 5. T. 21 65 85.",
            "sheet": "La Pontaise",
            "year": 1951
          },
          {
            "address": "['Pontaise 5']",
            "Nom": "Pontaise",
            "Métier": "['magasinier']",
            "Classification": "proletaire",
            "LigneOriginal": "Ackennann-Bigler Georges, magasinier,Pontaise 5.",
            "sheet": "Pontaise",
            "year": 1951
          },
          {
            "address": "['Pontaise 5']",
            "Nom": "Pontaise",
            "Métier": "[]",
            "Classification": "???",
            "LigneOriginal": "Avondet Emma, Pontaise 5.",
            "sheet": "Pontaise",
            "year": 1951
          },
          {
            "address": "['Pontaise 5']",
            "Nom": "Pontaise",
            "Métier": "['vend']",
            "Classification": "proletaire",
            "LigneOriginal": "— Marcelle, vend., Pontaise 5.",
            "sheet": "Pontaise",
            "year": 1951
          },
          {
            "address": "['Pontaise 5']",
            "Nom": "Pontaise",
            "Métier": "['ouvr. de ville']",
            "Classification": "proletaire",
            "LigneOriginal": "Boucherle-Will César, ouvr. de ville,Pontaise 5.",
            "sheet": "Pontaise",
            "year": 1951
          },
          {
            "address": "['Pontaise 5']",
            "Nom": "Pontaise",
            "Métier": "[]",
            "Classification": "???",
            "LigneOriginal": "Chablaix Aimée, Pontaise 5.",
            "sheet": "Pontaise",
            "year": 1951
          },
          {
            "address": "['. Pontaise 5']",
            "Nom": "Pontaise",
            "Métier": "['sommeli&re']",
            "Classification": "intermediaire",
            "LigneOriginal": "—■ Léocadie. sommeli&re. Pontaise 5.",
            "sheet": "Pontaise",
            "year": 1951
          },
          {
            "address": "['Pontaise 5']",
            "Nom": "Pontaise",
            "Métier": "['empi, banque']",
            "Classification": "intermediaire",
            "LigneOriginal": "Cnrchod-Duiuz Victor, empi, banque,Pontaise 5.",
            "sheet": "Pontaise",
            "year": 1951
          },
          {
            "address": "['Pontaise 5']",
            "Nom": "Pontaise",
            "Métier": "['plâtrier-peintre']",
            "Classification": "proletaire",
            "LigneOriginal": "Devaud-Chalet Pierre, plâtrier-peintre,Pontaise 5.",
            "sheet": "Pontaise",
            "year": 1951
          },
          {
            "address": "['Pontaise 5']",
            "Nom": "Pontaise",
            "Métier": "['empi, postal']",
            "Classification": "proletaire",
            "LigneOriginal": "Dind-Stnrzinger Maurice, empi, postal,Pontaise 5.",
            "sheet": "Pontaise",
            "year": 1951
          },
          {
            "address": "['Pontaise 5']",
            "Nom": "Pontaise",
            "Métier": "['Vve']",
            "Classification": "inactif",
            "LigneOriginal": "Piguet-Curchod Ida, Vve, Pontaise 5.",
            "sheet": "Pontaise",
            "year": 1951
          }
        ],
        "merged_count": 11
      }
    },
    {
      "type": "Feature",
      "geometry": {
        "type": "Point",
        "coordinates": [
          46.530129,
          6.630026
        ]
      },
      "properties": {
        "points": [
          {
            "address": "['rue dela Pontaise 26']",
            "Nom": "La Pontaise",
            "Métier": "['veuve']",
            "Classification": "inactif",
            "LigneOriginal": "Morier-Antonin Clarisse, veuve, rue dela Pontaise 26.",
            "sheet": "La Pontaise",
            "year": 1951
          },
          {
            "address": "['r. de laPontaise 26']",
            "Nom": "La Pontaise",
            "Métier": "['veuve']",
            "Classification": "inactif",
            "LigneOriginal": "Stohler-Buxel Mathilde, veuve, r. de laPontaise 26.",
            "sheet": "La Pontaise",
            "year": 1951
          },
          {
            "address": "['Pontaise 26']",
            "Nom": "Pontaise",
            "Métier": "['modiste']",
            "Classification": "intermediaire",
            "LigneOriginal": "— Simone, modiste, Pontaise 26.",
            "sheet": "Pontaise",
            "year": 1951
          },
          {
            "address": "['Pontaise 26']",
            "Nom": "Pontaise",
            "Métier": "['coutur.']",
            "Classification": "proletaire",
            "LigneOriginal": "— Valentine, coutur., Pontaise 26.",
            "sheet": "Pontaise",
            "year": 1951
          },
          {
            "address": "['r. Pontaise 26']",
            "Nom": "Pontaise",
            "Métier": "['boucher']",
            "Classification": "proletaire",
            "LigneOriginal": "Truan André, boucher, r. Pontaise 26",
            "sheet": "Pontaise",
            "year": 1951
          }
        ],
        "merged_count": 5
      }
    },
    {
      "type": "Feature",
      "geometry": {
        "type": "Point",
        "coordinates": [
          46.529588,
          6.629821
        ]
      },
      "properties": {
        "points": [
          {
            "address": "['r. de la Pontaise 17']",
            "Nom": "La Pontaise",
            "Métier": "[]",
            "Classification": "???",
            "LigneOriginal": "Nirk-Pfan Alfred, r. de la Pontaise 17.",
            "sheet": "La Pontaise",
            "year": 1951
          },
          {
            "address": "['man. Pontaise 17']",
            "Nom": "Pontaise",
            "Métier": "[]",
            "Classification": "???",
            "LigneOriginal": "Bovy-Morel Bernard, man. Pontaise 17.",
            "sheet": "Pontaise",
            "year": 1951
          },
          {
            "address": "['ménagère.Pontaise 17']",
            "Nom": "Pontaise",
            "Métier": "['Vve']",
            "Classification": "inactif",
            "LigneOriginal": "Chabloz-Paqnier Eva. Vve. ménagère.Pontaise 17.",
            "sheet": "Pontaise",
            "year": 1951
          },
          {
            "address": "['Pontaise 17']",
            "Nom": "Pontaise",
            "Métier": "['mécanicien']",
            "Classification": "intermediaire",
            "LigneOriginal": "Dony Alexis, mécanicien, Pontaise 17.",
            "sheet": "Pontaise",
            "year": 1951
          },
          {
            "address": "['Pontaise 17']",
            "Nom": "Pontaise",
            "Métier": "[]",
            "Classification": "???",
            "LigneOriginal": "Friond-Pahnd Léon. Pontaise 17.",
            "sheet": "Pontaise",
            "year": 1951
          },
          {
            "address": "['Pontaise 17']",
            "Nom": "Pontaise",
            "Métier": "['charpentier']",
            "Classification": "proletaire",
            "LigneOriginal": "Genoud-Genond Henri, charpentier,Pontaise 17.",
            "sheet": "Pontaise",
            "year": 1951
          },
          {
            "address": "['man.. Pontaise 17']",
            "Nom": "Pontaise",
            "Métier": "[]",
            "Classification": "???",
            "LigneOriginal": "Merkle Maximilien, man.. Pontaise 17.",
            "sheet": "Pontaise",
            "year": 1951
          },
          {
            "address": "['Pontaise 17']",
            "Nom": "Pontaise",
            "Métier": "[]",
            "Classification": "???",
            "LigneOriginal": "MuUer-Schaller Roger, Pontaise 17.",
            "sheet": "Pontaise",
            "year": 1951
          },
          {
            "address": "['Pontaise 17']",
            "Nom": "Pontaise",
            "Métier": "['fils', 'emp. decommerce,']",
            "Classification": "proletaire",
            "LigneOriginal": "Vinard-Porchet Hermann, fils, emp. decommerce, Pontaise 17.",
            "sheet": "Pontaise",
            "year": 1951
          }
        ],
        "merged_count": 9
      }
    },
    {
      "type": "Feature",
      "geometry": {
        "type": "Point",
        "coordinates": [
          46.52895,
          6.630682
        ]
      },
      "properties": {
        "points": [
          {
            "address": "['rue dela Pontaise 8']",
            "Nom": "La Pontaise",
            "Métier": "['Vve']",
            "Classification": "inactif",
            "LigneOriginal": "Pilet-Stämpfli Marguerite, Vve, rue dela Pontaise 8.",
            "sheet": "La Pontaise",
            "year": 1951
          },
          {
            "address": "[',Pontaise 8']",
            "Nom": "Pontaise",
            "Métier": "['ouv. de fati']",
            "Classification": "proletaire",
            "LigneOriginal": "Dubosson-Matile Blanche, ouv. de fati.,Pontaise 8.",
            "sheet": "Pontaise",
            "year": 1951
          },
          {
            "address": "['Pontaise 8']",
            "Nom": "Pontaise",
            "Métier": "['man.']",
            "Classification": "proletaire",
            "LigneOriginal": "— Pierre, man., Pontaise 8.",
            "sheet": "Pontaise",
            "year": 1951
          },
          {
            "address": "['Pontaise 8']",
            "Nom": "Pontaise",
            "Métier": "[]",
            "Classification": "???",
            "LigneOriginal": "Loosli André, Pontaise 8.",
            "sheet": "Pontaise",
            "year": 1951
          },
          {
            "address": "['r. Pontaise 8']",
            "Nom": "Pontaise",
            "Métier": "[]",
            "Classification": "???",
            "LigneOriginal": "— Charlotte r. Pontaise 8.",
            "sheet": "Pontaise",
            "year": 1951
          },
          {
            "address": "['Pontaise 8']",
            "Nom": "Pontaise",
            "Métier": "['boul']",
            "Classification": "proletaire",
            "LigneOriginal": "Loosli-Marcnzzi Karl, boul., Pontaise 8.",
            "sheet": "Pontaise",
            "year": 1951
          },
          {
            "address": "['Pontaise 8']",
            "Nom": "Pontaise",
            "Métier": "['menuisier']",
            "Classification": "proletaire",
            "LigneOriginal": "Matile-Anet Charles, menuisier, Pontaise 8.",
            "sheet": "Pontaise",
            "year": 1951
          },
          {
            "address": "['chauffeur d’autoPontaise 8']",
            "Nom": "Pontaise",
            "Métier": "[]",
            "Classification": "???",
            "LigneOriginal": "Matile-Dupuis Charles, chauffeur d’autoPontaise 8.",
            "sheet": "Pontaise",
            "year": 1951
          }
        ],
        "merged_count": 8
      }
    },
    {
      "type": "Feature",
      "geometry": {
        "type": "Point",
        "coordinates": [
          46.529376,
          6.630589
        ]
      },
      "properties": {
        "points": [
          {
            "address": "['rue dela Pontaise 14']",
            "Nom": "La Pontaise",
            "Métier": "['Vve']",
            "Classification": "inactif",
            "LigneOriginal": "Tinguely-Piller Bernadette, Vve, rue dela Pontaise 14.",
            "sheet": "La Pontaise",
            "year": 1951
          },
          {
            "address": "['Pontaise 14']",
            "Nom": "Pontaise",
            "Métier": "[]",
            "Classification": "???",
            "LigneOriginal": "Baudin-Tinturier Clara, Pontaise 14.",
            "sheet": "Pontaise",
            "year": 1951
          },
          {
            "address": "['ApPontaise 14']",
            "Nom": "Pontaise",
            "Métier": "['boulanger']",
            "Classification": "proletaire",
            "LigneOriginal": "Morier-Bandin Auguste, boulanger, ApPontaise 14. T. 24 16 59. Mag. auNo 26. T 24 16 58.",
            "sheet": "Pontaise",
            "year": 1951
          }
        ],
        "merged_count": 3
      }
    },
    {
      "type": "Feature",
      "geometry": {
        "type": "Point",
        "coordinates": [
          46.531395,
          6.628653
        ]
      },
      "properties": {
        "points": [
          {
            "address": "['r. dela Pontaise 49']",
            "Nom": "La Pontaise",
            "Métier": "['lithogr.']",
            "Classification": "intermediaire",
            "LigneOriginal": "Vbgeli-Mischler Johann, lithogr., r. dela Pontaise 49.",
            "sheet": "La Pontaise",
            "year": 1951
          },
          {
            "address": "['Pontaise 49']",
            "Nom": "Pontaise",
            "Métier": "[]",
            "Classification": "???",
            "LigneOriginal": "Blondel Jean-Samuel. Pontaise 49.",
            "sheet": "Pontaise",
            "year": 1951
          },
          {
            "address": "[',Pontaise 49']",
            "Nom": "Pontaise",
            "Métier": "['ouv. de fabr']",
            "Classification": "proletaire",
            "LigneOriginal": "Blondel-Cachin Emile, ouv. de fabr.,Pontaise 49.",
            "sheet": "Pontaise",
            "year": 1951
          },
          {
            "address": "['Pontaise 49']",
            "Nom": "Pontaise",
            "Métier": "['manœuvre']",
            "Classification": "proletaire",
            "LigneOriginal": "— Henri, manœuvre, Pontaise 49.",
            "sheet": "Pontaise",
            "year": 1951
          },
          {
            "address": "['Pontaise 49']",
            "Nom": "Pontaise",
            "Métier": "[]",
            "Classification": "???",
            "LigneOriginal": "Chiono Angela, somme!., Pontaise 49.",
            "sheet": "Pontaise",
            "year": 1951
          },
          {
            "address": "[',Pontaise 49']",
            "Nom": "Pontaise",
            "Métier": "['manœuv.']",
            "Classification": "proletaire",
            "LigneOriginal": "Schneider-Hoffmann Victor, manœuv.,Pontaise 49.",
            "sheet": "Pontaise",
            "year": 1951
          },
          {
            "address": "['r.Pontaise 49']",
            "Nom": "Pontaise",
            "Métier": "['empi. CFF.']",
            "Classification": "intermediaire",
            "LigneOriginal": "Theintz-Gendre Georges, empi. CFF., r.Pontaise 49.",
            "sheet": "Pontaise",
            "year": 1951
          },
          {
            "address": "['Pontaise 49']",
            "Nom": "Pontaise",
            "Métier": "[]",
            "Classification": "???",
            "LigneOriginal": "Uldry Georges, Pontaise 49.",
            "sheet": "Pontaise",
            "year": 1951
          },
          {
            "address": "['man.. Pontaise 49']",
            "Nom": "Pontaise",
            "Métier": "[]",
            "Classification": "???",
            "LigneOriginal": "Uldry-Dronx Louis, man.. Pontaise 49.",
            "sheet": "Pontaise",
            "year": 1951
          },
          {
            "address": "['.Pontaise 49']",
            "Nom": "Pontaise",
            "Métier": "['appareilleur']",
            "Classification": "proletaire",
            "LigneOriginal": "Uliich-Blondel Gaspard, appareilleur.Pontaise 49.",
            "sheet": "Pontaise",
            "year": 1951
          }
        ],
        "merged_count": 10
      }
    },
    {
      "type": "Feature",
      "geometry": {
        "type": "Point",
        "coordinates": [
          46.529385,
          6.629723
        ]
      },
      "properties": {
        "points": [
          {
            "address": "['r.de la Pontaise 15']",
            "Nom": "La Pontaise",
            "Métier": "['dessinateur']",
            "Classification": "intermediaire",
            "LigneOriginal": "Wücat-Rogivne Xavier, dessinateur, r.de la Pontaise 15.",
            "sheet": "La Pontaise",
            "year": 1951
          },
          {
            "address": "['rue de la Pon-taise 15']",
            "Nom": "Pontaise",
            "Métier": "['huissier-chef Trib. fédéra']",
            "Classification": "intermediaire",
            "LigneOriginal": "Hnnziker-Grimbot Friedrich, huissier-chef Trib. fédéra], rue de la Pon-taise 15",
            "sheet": "Pontaise",
            "year": 1951
          },
          {
            "address": "['Pontaise 15']",
            "Nom": "Pontaise",
            "Métier": "['menuisier']",
            "Classification": "proletaire",
            "LigneOriginal": "Rogivue-Renaud Charles, menuisier,Pontaise 15.",
            "sheet": "Pontaise",
            "year": 1951
          }
        ],
        "merged_count": 3
      }
    },
    {
      "type": "Feature",
      "geometry": {
        "type": "Point",
        "coordinates": [
          46.541964,
          6.654553
        ]
      },
      "properties": {
        "points": [
          {
            "address": "['Clinique la Source, av. Vinet.']",
            "Nom": "La Source",
            "Métier": "['fille d’office']",
            "Classification": "proletaire",
            "LigneOriginal": "Ghabbey Julienne, fille d’office, Clinique la Source, av. Vinet.",
            "sheet": "La Source",
            "year": 1951
          },
          {
            "address": "['La Source,ch. des Plaines']",
            "Nom": "La Source",
            "Métier": "['garde-malades.']",
            "Classification": "proletaire",
            "LigneOriginal": "— Mildred, garde-malades. La Source,ch. des Plaines.",
            "sheet": "La Source",
            "year": 1951
          },
          {
            "address": "['La Source,ch. des Plaines']",
            "Nom": "La Source",
            "Métier": "['Vve']",
            "Classification": "inactif",
            "LigneOriginal": "Rachat-Christen Elise. Vve. La Source,ch. des Plaines. T. 24 44 66.",
            "sheet": "La Source",
            "year": 1951
          }
        ],
        "merged_count": 3
      }
    },
    {
      "type": "Feature",
      "geometry": {
        "type": "Point",
        "coordinates": [
          46.510692,
          6.635798
        ]
      },
      "properties": {
        "points": [
          {
            "address": "['av. Fantaisie 4']",
            "Nom": "Ma Fantaisie",
            "Métier": "[]",
            "Classification": "???",
            "LigneOriginal": "Bcnin-Thiebat Maria, av. Fantaisie 4.",
            "sheet": "Ma Fantaisie",
            "year": 1951
          },
          {
            "address": "['av. Fantaisie 6']",
            "Nom": "Ma Fantaisie",
            "Métier": "['ajusteur CFF,']",
            "Classification": "intermediaire",
            "LigneOriginal": "— César, ajusteur CFF, av. Fantaisie 6.",
            "sheet": "Ma Fantaisie",
            "year": 1951
          },
          {
            "address": "['av. Fantaisie 6']",
            "Nom": "Ma Fantaisie",
            "Métier": "['vendeuse']",
            "Classification": "proletaire",
            "LigneOriginal": "— Suzanne, vendeuse, av. Fantaisie 6.",
            "sheet": "Ma Fantaisie",
            "year": 1951
          },
          {
            "address": "['avenue Fantaisie 6']",
            "Nom": "Ma Fantaisie",
            "Métier": "[]",
            "Classification": "???",
            "LigneOriginal": "Geneux-Jenni Mathilde, avenue Fantaisie 6.",
            "sheet": "Ma Fantaisie",
            "year": 1951
          },
          {
            "address": "['av. Fantaisie 6']",
            "Nom": "Ma Fantaisie",
            "Métier": "[]",
            "Classification": "???",
            "LigneOriginal": "— Rosalie, av. Fantaisie 6. T. 26 07 38.",
            "sheet": "Ma Fantaisie",
            "year": 1951
          },
          {
            "address": "['av Fantaisie 6']",
            "Nom": "Ma Fantaisie",
            "Métier": "['chef de gare GFF.retr..']",
            "Classification": "inactif",
            "LigneOriginal": "Liaid-Krauer Aimé, chef de gare GFF.retr.. av Fantaisie 6. T. 26 52 78.",
            "sheet": "Ma Fantaisie",
            "year": 1951
          },
          {
            "address": "['av. Fantaisie 4']",
            "Nom": "Ma Fantaisie",
            "Métier": "[]",
            "Classification": "???",
            "LigneOriginal": "— Antoinette, av. Fantaisie 4.",
            "sheet": "Ma Fantaisie",
            "year": 1951
          },
          {
            "address": "['avenue Fantaisie 4']",
            "Nom": "Ma Fantaisie",
            "Métier": "['ingén. CFF.']",
            "Classification": "élevé",
            "LigneOriginal": "Pahud-Ramuz John, ingén. CFF., avenue Fantaisie 4. T. 26 21 36.",
            "sheet": "Ma Fantaisie",
            "year": 1951
          },
          {
            "address": "['av. Fantaisie 6']",
            "Nom": "Ma Fantaisie",
            "Métier": "['secrét.']",
            "Classification": "intermediaire",
            "LigneOriginal": "— Geneviève, secrét., av. Fantaisie 6.",
            "sheet": "Ma Fantaisie",
            "year": 1951
          },
          {
            "address": "['av. Fantaisie 6']",
            "Nom": "Ma Fantaisie",
            "Métier": "[]",
            "Classification": "???",
            "LigneOriginal": "— Madeleine, av. Fantaisie 6.",
            "sheet": "Ma Fantaisie",
            "year": 1951
          },
          {
            "address": "['av. Fantaisie 6']",
            "Nom": "Ma Fantaisie",
            "Métier": "['modiste']",
            "Classification": "intermediaire",
            "LigneOriginal": "— Denise, modiste, av. Fantaisie 6.",
            "sheet": "Ma Fantaisie",
            "year": 1951
          },
          {
            "address": "['av. Fantaisie 6']",
            "Nom": "Ma Fantaisie",
            "Métier": "['cond. CFF']",
            "Classification": "intermediaire",
            "LigneOriginal": "Tschächteli-Aegerter Jacob, cond. CFF,av. Fantaisie 6",
            "sheet": "Ma Fantaisie",
            "year": 1951
          },
          {
            "address": "['av. Fantaisie 4']",
            "Nom": "Ma Fantaisie",
            "Métier": "[]",
            "Classification": "???",
            "LigneOriginal": "Zncker-Schrag Adolf, av. Fantaisie 4.",
            "sheet": "Ma Fantaisie",
            "year": 1951
          }
        ],
        "merged_count": 13
      }
    },
    {
      "type": "Feature",
      "geometry": {
        "type": "Point",
        "coordinates": [
          46.509884,
          6.635263
        ]
      },
      "properties": {
        "points": [
          {
            "address": "['av. Fantaisie 4T.']",
            "Nom": "Ma Fantaisie",
            "Métier": "['emp. comm']",
            "Classification": "proletaire",
            "LigneOriginal": "— Juliette, emp. comm., av. Fantaisie 4T. 26 3812.",
            "sheet": "Ma Fantaisie",
            "year": 1951
          },
          {
            "address": "['av. Fantaisie 6.']",
            "Nom": "Ma Fantaisie",
            "Métier": "['commis de magasin']",
            "Classification": "proletaire",
            "LigneOriginal": "Gandini-Drapel André, commis de magasin, av. Fantaisie 6.",
            "sheet": "Ma Fantaisie",
            "year": 1951
          },
          {
            "address": "['av. Fantaisie 2.']",
            "Nom": "Ma Fantaisie",
            "Métier": "[]",
            "Classification": "???",
            "LigneOriginal": "Genillard-Cornrich Mildred, av. Fantaisie 2. T. 26 58 26.",
            "sheet": "Ma Fantaisie",
            "year": 1951
          },
          {
            "address": "['avenue Fantaisie 4.']",
            "Nom": "Ma Fantaisie",
            "Métier": "[]",
            "Classification": "???",
            "LigneOriginal": "Hirsch-Vnillenmier Ida, avenue Fantaisie 4. T. 26 53 62.",
            "sheet": "Ma Fantaisie",
            "year": 1951
          },
          {
            "address": "['avenue Fantaisie 2']",
            "Nom": "Ma Fantaisie",
            "Métier": "['Vve']",
            "Classification": "inactif",
            "LigneOriginal": "Kleber-Tafins Marie, Vve. avenue Fantaisie 2",
            "sheet": "Ma Fantaisie",
            "year": 1951
          },
          {
            "address": "['av. Fantaisie 6.T.']",
            "Nom": "Ma Fantaisie",
            "Métier": "['secrétaire']",
            "Classification": "proletaire",
            "LigneOriginal": "— Fernand, secrétaire, av. Fantaisie 6.T. 26 52 78.",
            "sheet": "Ma Fantaisie",
            "year": 1951
          },
          {
            "address": "['av. Fantaisie 2']",
            "Nom": "Ma Fantaisie",
            "Métier": "['laborant..']",
            "Classification": "intermediaire",
            "LigneOriginal": "— Yvonne, laborant.. av. Fantaisie 2.",
            "sheet": "Ma Fantaisie",
            "year": 1951
          },
          {
            "address": "['. Fantaisie 6.']",
            "Nom": "Ma Fantaisie",
            "Métier": "['empi. B. C. V.,av']",
            "Classification": "???",
            "LigneOriginal": "Martin-Cnrchod Daniel, empi. B. C. V.,av. Fantaisie 6. T. 26 45 08.",
            "sheet": "Ma Fantaisie",
            "year": 1951
          },
          {
            "address": "[',av. Fantaisie 4.']",
            "Nom": "Ma Fantaisie",
            "Métier": "['emp. comm']",
            "Classification": "proletaire",
            "LigneOriginal": "Montangero-Bonin Mario, emp. comm.,av. Fantaisie 4. T. 2614 93.",
            "sheet": "Ma Fantaisie",
            "year": 1951
          },
          {
            "address": "['av Fantaisie 2.']",
            "Nom": "Ma Fantaisie",
            "Métier": "['chef de bur.CFF']",
            "Classification": "élevé",
            "LigneOriginal": "Morand-Hurter Fernand, chef de bur.CFF. av Fantaisie 2. T. 26 45 43.",
            "sheet": "Ma Fantaisie",
            "year": 1951
          },
          {
            "address": "['avenue Fantaisie 2.']",
            "Nom": "Ma Fantaisie",
            "Métier": "[]",
            "Classification": "???",
            "LigneOriginal": "Maller-Gossen Annie, avenue Fantaisie 2.",
            "sheet": "Ma Fantaisie",
            "year": 1951
          },
          {
            "address": "['av. Fantaisie 2']",
            "Nom": "Ma Fantaisie",
            "Métier": "[]",
            "Classification": "???",
            "LigneOriginal": "— Eliane, av. Fantaisie 2.",
            "sheet": "Ma Fantaisie",
            "year": 1951
          },
          {
            "address": "['av. Fantaisie 2']",
            "Nom": "Ma Fantaisie",
            "Métier": "['coiffeuse']",
            "Classification": "proletaire",
            "LigneOriginal": "— Marguerite, coiffeuse, av. Fantaisie 2",
            "sheet": "Ma Fantaisie",
            "year": 1951
          },
          {
            "address": "['. Fantaisie 2.']",
            "Nom": "Ma Fantaisie",
            "Métier": "['retraité CFF.,av']",
            "Classification": "inactif",
            "LigneOriginal": "Perrin-Cardinanx Emile, retraité CFF.,av. Fantaisie 2.",
            "sheet": "Ma Fantaisie",
            "year": 1951
          },
          {
            "address": "[',av. Fantaisie 2.']",
            "Nom": "Ma Fantaisie",
            "Métier": "['empi, de bur']",
            "Classification": "intermediaire",
            "LigneOriginal": "Pologne-Benone Roger, empi, de bur.,av. Fantaisie 2.",
            "sheet": "Ma Fantaisie",
            "year": 1951
          },
          {
            "address": "[\"av' Fantaisie 6.\"]",
            "Nom": "Ma Fantaisie",
            "Métier": "['pension']",
            "Classification": "inactif",
            "LigneOriginal": "Ribordy-Harclay Eugénie, pension, av' Fantaisie 6. T 26 5917",
            "sheet": "Ma Fantaisie",
            "year": 1951
          },
          {
            "address": "['av. Fantaisie 2.']",
            "Nom": "Ma Fantaisie",
            "Métier": "['stêno-dact']",
            "Classification": "intermediaire",
            "LigneOriginal": "—r Rachel, stêno-dact., av. Fantaisie 2.",
            "sheet": "Ma Fantaisie",
            "year": 1951
          },
          {
            "address": "['av. Fantaisie 2']",
            "Nom": "Ma Fantaisie",
            "Métier": "[]",
            "Classification": "???",
            "LigneOriginal": "— Elisabeth, av. Fantaisie 2.",
            "sheet": "Ma Fantaisie",
            "year": 1951
          },
          {
            "address": "['av. Fantaisie 6.']",
            "Nom": "Ma Fantaisie",
            "Métier": "['emp. de consulat']",
            "Classification": "intermediaire",
            "LigneOriginal": "Ronchi-Gandini Daniel, emp. de consulat. av. Fantaisie 6. T. 26 46 78.",
            "sheet": "Ma Fantaisie",
            "year": 1951
          },
          {
            "address": "['av. Fantaisie 2.']",
            "Nom": "Ma Fantaisie",
            "Métier": "['employé de banque']",
            "Classification": "intermediaire",
            "LigneOriginal": "Rugger-Brugger Henri, employé de banque, av. Fantaisie 2.",
            "sheet": "Ma Fantaisie",
            "year": 1951
          },
          {
            "address": "['av. Fantaisie 6.']",
            "Nom": "Ma Fantaisie",
            "Métier": "['Vve']",
            "Classification": "inactif",
            "LigneOriginal": "Seiler-Jan Marguerite. Vve. av. Fantaisie 6. T. 26 03 67.",
            "sheet": "Ma Fantaisie",
            "year": 1951
          },
          {
            "address": "['av. Fantaisie t.']",
            "Nom": "Ma Fantaisie",
            "Métier": "['comptable']",
            "Classification": "intermediaire",
            "LigneOriginal": "Wydler-Leihnndgnt Max, comptable,av. Fantaisie t. T. 26 33 64.",
            "sheet": "Ma Fantaisie",
            "year": 1951
          }
        ],
        "merged_count": 22
      }
    },
    {
      "type": "Feature",
      "geometry": {
        "type": "Point",
        "coordinates": [
          46.526227,
          6.625114
        ]
      },
      "properties": {
        "points": [
          {
            "address": "['Petit-Beaulieu 8']",
            "Nom": "Petit Beaulieu",
            "Métier": "['ti-Tommas ini Charles,', 'menuisier']",
            "Classification": "proletaire",
            "LigneOriginal": "Albero an ti-Tommas ini Charles, menuisier, Petit-Beaulieu 8.",
            "sheet": "Petit Beaulieu",
            "year": 1951
          },
          {
            "address": "['Petit-Beaulieu 8']",
            "Nom": "Petit Beaulieu",
            "Métier": "['journalier']",
            "Classification": "proletaire",
            "LigneOriginal": "Chammartin-Curty Lucien, journalier,Petit-Beaulieu 8.",
            "sheet": "Petit Beaulieu",
            "year": 1951
          },
          {
            "address": "['Petit-Beaulieu 8']",
            "Nom": "Petit Beaulieu",
            "Métier": "['laitier']",
            "Classification": "proletaire",
            "LigneOriginal": "Chatelain-Chammartm Ariste, laitier,Petit-Beaulieu 8.",
            "sheet": "Petit Beaulieu",
            "year": 1951
          },
          {
            "address": "['av. Petit-Beaulieu 8']",
            "Nom": "Petit Beaulieu",
            "Métier": "[]",
            "Classification": "???",
            "LigneOriginal": "Frasse Maria, av. Petit-Beaulieu 8 a.",
            "sheet": "Petit Beaulieu",
            "year": 1951
          },
          {
            "address": "['Petit-Beaulieu 8']",
            "Nom": "Petit Beaulieu",
            "Métier": "['travail,']",
            "Classification": "proletaire",
            "LigneOriginal": "Gand & Amignet. vêtements de travail,Petit-Beaulieu 8 a. T. 24 79 73.",
            "sheet": "Petit Beaulieu",
            "year": 1951
          },
          {
            "address": "['Petit-Beaulieu 8']",
            "Nom": "Petit Beaulieu",
            "Métier": "['typo']",
            "Classification": "intermediaire",
            "LigneOriginal": "Genevay-Meylan Lucien, typo, Petit-Beaulieu 8.",
            "sheet": "Petit Beaulieu",
            "year": 1951
          },
          {
            "address": "['Petit-Beaulieu 8']",
            "Nom": "Petit Beaulieu",
            "Métier": "['Vve']",
            "Classification": "inactif",
            "LigneOriginal": "Golliez-StBckli Marguerite, Vve, Petit-Beaulieu 8 a.",
            "sheet": "Petit Beaulieu",
            "year": 1951
          },
          {
            "address": "['Petit Beaulieu 8']",
            "Nom": "Petit Beaulieu",
            "Métier": "['employée bureau']",
            "Classification": "intermediaire",
            "LigneOriginal": "Hurlimann Adrienne, employée bureau,Petit Beaulieu 8.",
            "sheet": "Petit Beaulieu",
            "year": 1951
          },
          {
            "address": "['Petit-Beaulieu 8']",
            "Nom": "Petit Beaulieu",
            "Métier": "['coutur.']",
            "Classification": "proletaire",
            "LigneOriginal": "— Eugénie, coutur., Petit-Beaulieu 8.",
            "sheet": "Petit Beaulieu",
            "year": 1951
          },
          {
            "address": "['av. duPetit-Beaulieu 8']",
            "Nom": "Petit Beaulieu",
            "Métier": "['Vve']",
            "Classification": "inactif",
            "LigneOriginal": "Hurlimann-Golaz Eugénie. Vve, av. duPetit-Beaulieu 8.",
            "sheet": "Petit Beaulieu",
            "year": 1951
          },
          {
            "address": "['Petit-Beaulieu 8']",
            "Nom": "Petit Beaulieu",
            "Métier": "['peintre']",
            "Classification": "proletaire",
            "LigneOriginal": "Jeanrenand-Berthond Gaston, peintre,Petit-Beaulieu 8.",
            "sheet": "Petit Beaulieu",
            "year": 1951
          },
          {
            "address": "['Petit-Beaulieu 8']",
            "Nom": "Petit Beaulieu",
            "Métier": "['veuve']",
            "Classification": "inactif",
            "LigneOriginal": "Marchon-Macheret Marie, veuve. Petit-Beaulieu 8.",
            "sheet": "Petit Beaulieu",
            "year": 1951
          },
          {
            "address": "['Petit-Beaulieu 8']",
            "Nom": "Petit Beaulieu",
            "Métier": "['mêcan.']",
            "Classification": "intermediaire",
            "LigneOriginal": "— Raffaele, mêcan., Petit-Beaulieu 8.",
            "sheet": "Petit Beaulieu",
            "year": 1951
          },
          {
            "address": "['Petit-Beaulieu 8']",
            "Nom": "Petit Beaulieu",
            "Métier": "['palefrenier,']",
            "Classification": "proletaire",
            "LigneOriginal": "Monttet-Bécherraz Louis, palefrenier,Petit-Beaulieu 8 a.",
            "sheet": "Petit Beaulieu",
            "year": 1951
          },
          {
            "address": "['Petit-Beaulieu 8']",
            "Nom": "Petit Beaulieu",
            "Métier": "[]",
            "Classification": "???",
            "LigneOriginal": "Ronlin Alice, Petit-Beaulieu 8 a.",
            "sheet": "Petit Beaulieu",
            "year": 1951
          },
          {
            "address": "['Petit-Beaulieu 8']",
            "Nom": "Petit Beaulieu",
            "Métier": "[]",
            "Classification": "???",
            "LigneOriginal": "Tarin-Probst Jules, Petit-Beaulieu 8 a.",
            "sheet": "Petit Beaulieu",
            "year": 1951
          }
        ],
        "merged_count": 16
      }
    },
    {
      "type": "Feature",
      "geometry": {
        "type": "Point",
        "coordinates": [
          46.525796,
          6.625087
        ]
      },
      "properties": {
        "points": [
          {
            "address": "['Aie 21.Dépôt Petit-Beaulieu 7']",
            "Nom": "Petit Beaulieu",
            "Métier": "['chiffonnier']",
            "Classification": "proletaire",
            "LigneOriginal": "Avezou-Breit Louis, chiffonnier, Aie 21.Dépôt Petit-Beaulieu 7.",
            "sheet": "Petit Beaulieu",
            "year": 1951
          },
          {
            "address": "['Mau-pas 59', 'At. Petit-Beau-lieu 7']",
            "Nom": "Petit Beaulieu",
            "Métier": "['ferblantier']",
            "Classification": "proletaire",
            "LigneOriginal": "Monbaron Hermann, ferblantier, Mau-pas 59. T. 24 00 10. At. Petit-Beau-lieu 7.",
            "sheet": "Petit Beaulieu",
            "year": 1951
          }
        ],
        "merged_count": 2
      }
    },
    {
      "type": "Feature",
      "geometry": {
        "type": "Point",
        "coordinates": [
          46.525843,
          6.625203
        ]
      },
      "properties": {
        "points": [
          {
            "address": "['av. Petit-Beaulieu 15']",
            "Nom": "Petit Beaulieu",
            "Métier": "['peintre']",
            "Classification": "proletaire",
            "LigneOriginal": "Banchieri-Kammer Léopoldo, peintre,av. Petit-Beaulieu 15.",
            "sheet": "Petit Beaulieu",
            "year": 1951
          },
          {
            "address": "['av.1 Petit-Beaulieu 8a']",
            "Nom": "Petit Beaulieu",
            "Métier": "['manœuvre']",
            "Classification": "proletaire",
            "LigneOriginal": "Bandat-Rosset Marcel, manœuvre, av.1 Petit-Beaulieu 8a.",
            "sheet": "Petit Beaulieu",
            "year": 1951
          },
          {
            "address": "['Petit-Beaulieu 19']",
            "Nom": "Petit Beaulieu",
            "Métier": "['man.']",
            "Classification": "proletaire",
            "LigneOriginal": "— Robert, man., Petit-Beaulieu 19.",
            "sheet": "Petit Beaulieu",
            "year": 1951
          },
          {
            "address": "['Petit-Beaulieu 2']",
            "Nom": "Petit Beaulieu",
            "Métier": "[]",
            "Classification": "???",
            "LigneOriginal": "Canale-Panli Vittorio, gypsier-peintre,Petit-Beaulieu 2. T. 24 64 46.",
            "sheet": "Petit Beaulieu",
            "year": 1951
          },
          {
            "address": "['Petit Beaulieu 11']",
            "Nom": "Petit Beaulieu",
            "Métier": "['man.']",
            "Classification": "proletaire",
            "LigneOriginal": "Durnssel-Chappnis François, man., Petit Beaulieu 11",
            "sheet": "Petit Beaulieu",
            "year": 1951
          },
          {
            "address": "['avenuedu Petit-Beaulieu 11']",
            "Nom": "Petit Beaulieu",
            "Métier": "['soudeur']",
            "Classification": "proletaire",
            "LigneOriginal": "Ecoffey-Vairoli Robert, soudeur, avenuedu Petit-Beaulieu 11.",
            "sheet": "Petit Beaulieu",
            "year": 1951
          },
          {
            "address": "['Petit-Beaulieu 13']",
            "Nom": "Petit Beaulieu",
            "Métier": "['paveur']",
            "Classification": "proletaire",
            "LigneOriginal": "Emery-Garzoli Henri, paveur, Petit-Beaulieu 13",
            "sheet": "Petit Beaulieu",
            "year": 1951
          },
          {
            "address": "['avenue Petit-Beaulieu 2']",
            "Nom": "Petit Beaulieu",
            "Métier": "['Vve']",
            "Classification": "inactif",
            "LigneOriginal": "Fianx-Paria Sophie, Vve, avenue Petit-Beaulieu 2.",
            "sheet": "Petit Beaulieu",
            "year": 1951
          },
          {
            "address": "['av. Petit-Beaulieu 2']",
            "Nom": "Petit Beaulieu",
            "Métier": "['chauffeur']",
            "Classification": "proletaire",
            "LigneOriginal": "Fontanellaz-Perino Louis, chauffeur,av. Petit-Beaulieu 2.",
            "sheet": "Petit Beaulieu",
            "year": 1951
          },
          {
            "address": "['ch. de Renens 10', 'At. Potit-Beaulieu 15']",
            "Nom": "Petit Beaulieu",
            "Métier": "['serrurier']",
            "Classification": "intermediaire",
            "LigneOriginal": "Gassmann-Philipponaz Théodore, serrurier. ch. de Renens 10. At. Potit-Beaulieu 15. T. 24 06 98",
            "sheet": "Petit Beaulieu",
            "year": 1951
          },
          {
            "address": "['av. Petit-Beaulieu 11']",
            "Nom": "Petit Beaulieu",
            "Métier": "[]",
            "Classification": "???",
            "LigneOriginal": "Lagger Albertine, av. Petit-Beaulieu 11.",
            "sheet": "Petit Beaulieu",
            "year": 1951
          },
          {
            "address": "['Zürcher Jules', 'gypsierav. Petit-Beaulieu 8a']",
            "Nom": "Petit Beaulieu",
            "Métier": "[]",
            "Classification": "???",
            "LigneOriginal": "Lavanchy-Luthi-Zürcher Jules, gypsierav. Petit-Beaulieu 8a.",
            "sheet": "Petit Beaulieu",
            "year": 1951
          },
          {
            "address": "['av. Petit-Beaulieu 2']",
            "Nom": "Petit Beaulieu",
            "Métier": "['empi, d’hôtel']",
            "Classification": "proletaire",
            "LigneOriginal": "Meier Albert, empi, d’hôtel, av. Petit-Beaulieu 2.",
            "sheet": "Petit Beaulieu",
            "year": 1951
          },
          {
            "address": "['Petit-Beaulieu 11']",
            "Nom": "Petit Beaulieu",
            "Métier": "['iardinier']",
            "Classification": "proletaire",
            "LigneOriginal": "— Justin, iardinier. Petit-Beaulieu 11.",
            "sheet": "Petit Beaulieu",
            "year": 1951
          },
          {
            "address": "['av. Petit-Beaulieu 19']",
            "Nom": "Petit Beaulieu",
            "Métier": "[]",
            "Classification": "???",
            "LigneOriginal": "Ravy André, av. Petit-Beaulieu 19.",
            "sheet": "Petit Beaulieu",
            "year": 1951
          },
          {
            "address": "['Petit-Beaulieu 19']",
            "Nom": "Petit Beaulieu",
            "Métier": "[]",
            "Classification": "???",
            "LigneOriginal": "— Marguerite, Petit-Beaulieu 19.",
            "sheet": "Petit Beaulieu",
            "year": 1951
          },
          {
            "address": "['av. Petit-Beaulieu 19']",
            "Nom": "Petit Beaulieu",
            "Métier": "['man']",
            "Classification": "proletaire",
            "LigneOriginal": "Ravy-Wicht Fernand, man., av. Petit-Beaulieu 19.",
            "sheet": "Petit Beaulieu",
            "year": 1951
          },
          {
            "address": "['Petit-Beaulieu 13']",
            "Nom": "Petit Beaulieu",
            "Métier": "['peintre en lettres']",
            "Classification": "proletaire",
            "LigneOriginal": "Rion Gérald, peintre en lettres. Petit-Beaulieu 13.",
            "sheet": "Petit Beaulieu",
            "year": 1951
          },
          {
            "address": "['av. duPetit-Beaulieu 13']",
            "Nom": "Petit Beaulieu",
            "Métier": "['couvreur']",
            "Classification": "proletaire",
            "LigneOriginal": "Rion-Jeannet Auguste, couvreur, av. duPetit-Beaulieu 13.",
            "sheet": "Petit Beaulieu",
            "year": 1951
          },
          {
            "address": "['Petit-Beaulieu 2']",
            "Nom": "Petit Beaulieu",
            "Métier": "['veuve']",
            "Classification": "inactif",
            "LigneOriginal": "Rnbattel-Gavillet Elise, veuve, Petit-Beaulieu 2.",
            "sheet": "Petit Beaulieu",
            "year": 1951
          },
          {
            "address": "['Petit-Beaulieu 19']",
            "Nom": "Petit Beaulieu",
            "Métier": "['manœuvre']",
            "Classification": "proletaire",
            "LigneOriginal": "Sterki-Vaschetto Robert, manœuvre,Petit-Beaulieu 19.",
            "sheet": "Petit Beaulieu",
            "year": 1951
          },
          {
            "address": "['Petit Beaulieu 8a']",
            "Nom": "Petit Beaulieu",
            "Métier": "['ferblantier']",
            "Classification": "proletaire",
            "LigneOriginal": "Witschi-Mounoud Werner, ferblantier,Petit Beaulieu 8a.",
            "sheet": "Petit Beaulieu",
            "year": 1951
          }
        ],
        "merged_count": 22
      }
    },
    {
      "type": "Feature",
      "geometry": {
        "type": "Point",
        "coordinates": [
          46.526134,
          6.625318
        ]
      },
      "properties": {
        "points": [
          {
            "address": "['Petit-Beaulieu 4']",
            "Nom": "Petit Beaulieu",
            "Métier": "['mécan.']",
            "Classification": "intermediaire",
            "LigneOriginal": "Bruand-Borgeaud Jean, mécan., Petit-Beaulieu 4.",
            "sheet": "Petit Beaulieu",
            "year": 1951
          },
          {
            "address": "['avenuePetit Beaulieu 4']",
            "Nom": "Petit Beaulieu",
            "Métier": "['Vve']",
            "Classification": "inactif",
            "LigneOriginal": "Chavan-Quinche Berthe, Vve, avenuePetit Beaulieu 4.",
            "sheet": "Petit Beaulieu",
            "year": 1951
          },
          {
            "address": "['prof.. Pe-tit-Beaulieu 4']",
            "Nom": "Petit Beaulieu",
            "Métier": "['ingén.']",
            "Classification": "élevé",
            "LigneOriginal": "Paris-Weitzel Adrien, ingén., prof.. Pe-tit-Beaulieu 4. T. 24 76 92.",
            "sheet": "Petit Beaulieu",
            "year": 1951
          },
          {
            "address": "['avenue Petit-Beaulieu 4']",
            "Nom": "Petit Beaulieu",
            "Métier": "[]",
            "Classification": "???",
            "LigneOriginal": "Pinget-Nicolas Constant, avenue Petit-Beaulieu 4.",
            "sheet": "Petit Beaulieu",
            "year": 1951
          },
          {
            "address": "['Petit-Beaulieu 4']",
            "Nom": "Petit Beaulieu",
            "Métier": "['encaisseur']",
            "Classification": "proletaire",
            "LigneOriginal": "Rolaz-Cuérel Henri, encaisseur, Petit-Beaulieu 4.",
            "sheet": "Petit Beaulieu",
            "year": 1951
          }
        ],
        "merged_count": 5
      }
    },
    {
      "type": "Feature",
      "geometry": {
        "type": "Point",
        "coordinates": [
          46.525939,
          6.624816
        ]
      },
      "properties": {
        "points": [
          {
            "address": "['av. Petit-Beaulieu 9']",
            "Nom": "Petit Beaulieu",
            "Métier": "['Vve']",
            "Classification": "inactif",
            "LigneOriginal": "Chevalley-DBbler Lina, Vve, av. Petit-Beaulieu 9.",
            "sheet": "Petit Beaulieu",
            "year": 1951
          },
          {
            "address": "['av. Petit-Beaulieu 9']",
            "Nom": "Petit Beaulieu",
            "Métier": "[]",
            "Classification": "???",
            "LigneOriginal": "Giovannoni-Jaccond Solange, av. Petit-Beaulieu 9.",
            "sheet": "Petit Beaulieu",
            "year": 1951
          },
          {
            "address": "['av. du PetitBeaulieu 9']",
            "Nom": "Petit Beaulieu",
            "Métier": "['portier']",
            "Classification": "proletaire",
            "LigneOriginal": "Liesch Christian, portier, av. du PetitBeaulieu 9.",
            "sheet": "Petit Beaulieu",
            "year": 1951
          },
          {
            "address": "['Petit-Beaulieu 9']",
            "Nom": "Petit Beaulieu",
            "Métier": "['monteur']",
            "Classification": "proletaire",
            "LigneOriginal": "Sangy-Sager Adrien, monteur, Petit-Beaulieu 9.",
            "sheet": "Petit Beaulieu",
            "year": 1951
          }
        ],
        "merged_count": 4
      }
    },
    {
      "type": "Feature",
      "geometry": {
        "type": "Point",
        "coordinates": [
          46.52637,
          6.625006
        ]
      },
      "properties": {
        "points": [
          {
            "address": "['Petit-Beaulieu 10']",
            "Nom": "Petit Beaulieu",
            "Métier": "['chauff.']",
            "Classification": "proletaire",
            "LigneOriginal": "Dnpraz-Wnest Robert, chauff., Petit-Beaulieu 10.",
            "sheet": "Petit Beaulieu",
            "year": 1951
          },
          {
            "address": "['av.du Petit-Beaulieu 10']",
            "Nom": "Petit Beaulieu",
            "Métier": "['manœuvre']",
            "Classification": "proletaire",
            "LigneOriginal": "Fawer-Regamey Marcel, manœuvre, av.du Petit-Beaulieu 10",
            "sheet": "Petit Beaulieu",
            "year": 1951
          },
          {
            "address": "['av. Petit-Beauliêu 10']",
            "Nom": "Petit Beaulieu",
            "Métier": "['jardinier']",
            "Classification": "proletaire",
            "LigneOriginal": "Laedermann-Pellerin Léon, jardinier,av. Petit-Beauliêu 10.",
            "sheet": "Petit Beaulieu",
            "year": 1951
          },
          {
            "address": "['Petit-Beaulieu 10']",
            "Nom": "Petit Beaulieu",
            "Métier": "['jardinier']",
            "Classification": "proletaire",
            "LigneOriginal": "— Jean, jardinier. Petit-Beaulieu 10.",
            "sheet": "Petit Beaulieu",
            "year": 1951
          },
          {
            "address": "['Petit-Beaulieu 10']",
            "Nom": "Petit Beaulieu",
            "Métier": "['artiste-peintre']",
            "Classification": "intermediaire",
            "LigneOriginal": "Moreillon-Duc Henri, artiste-peintre,Petit-Beaulieu 10.",
            "sheet": "Petit Beaulieu",
            "year": 1951
          },
          {
            "address": "['avenue Petit-Beaulieu 10']",
            "Nom": "Petit Beaulieu",
            "Métier": "[]",
            "Classification": "???",
            "LigneOriginal": "Mnrith-Pasquier Joseph, avenue Petit-Beaulieu 10.",
            "sheet": "Petit Beaulieu",
            "year": 1951
          },
          {
            "address": "['Bon Pierre', 'av. Petit-Beaulieu 10']",
            "Nom": "Petit Beaulieu",
            "Métier": "['man']",
            "Classification": "proletaire",
            "LigneOriginal": "Pellaux-de Bon Pierre, man., av. Petit-Beaulieu 10.",
            "sheet": "Petit Beaulieu",
            "year": 1951
          },
          {
            "address": "['av. duPetit-Beaulieu 10']",
            "Nom": "Petit Beaulieu",
            "Métier": "['man.']",
            "Classification": "proletaire",
            "LigneOriginal": "Tschabold-Porcbet Ernest, man., av. duPetit-Beaulieu 10.",
            "sheet": "Petit Beaulieu",
            "year": 1951
          }
        ],
        "merged_count": 8
      }
    },
    {
      "type": "Feature",
      "geometry": {
        "type": "Point",
        "coordinates": [
          46.526426,
          6.634332
        ]
      },
      "properties": {
        "points": [
          {
            "address": "['place du Tunnel 14']",
            "Nom": "Place du Tunnel",
            "Métier": "['ouv. photograveur']",
            "Classification": "proletaire",
            "LigneOriginal": "Abplanalp Armand, ouv. photograveur,place du Tunnel 14.",
            "sheet": "Place du Tunnel",
            "year": 1951
          },
          {
            "address": "['place du Tunnel 14']",
            "Nom": "Place du Tunnel",
            "Métier": "['mouleur']",
            "Classification": "proletaire",
            "LigneOriginal": "Gompostella-Péclard Francesco, mouleur, place du Tunnel 14.",
            "sheet": "Place du Tunnel",
            "year": 1951
          }
        ],
        "merged_count": 2
      }
    },
    {
      "type": "Feature",
      "geometry": {
        "type": "Point",
        "coordinates": [
          46.525673,
          6.634735
        ]
      },
      "properties": {
        "points": [
          {
            "address": "['place du Tunnel 4', 'At.Borde 37']",
            "Nom": "Place du Tunnel",
            "Métier": "['électricien autos']",
            "Classification": "intermediaire",
            "LigneOriginal": "Baconnier-Goy Albert, électricien autos,place du Tunnel 4. T. 23 31 45. At.Borde 37. T. 24 40 07.",
            "sheet": "Place du Tunnel",
            "year": 1951
          },
          {
            "address": "['rue duSimplon 10', 'place du Tunnel 22.T.']",
            "Nom": "Place du Tunnel",
            "Métier": "['huiles pour autos']",
            "Classification": "???",
            "LigneOriginal": "— Stefano, huiles pour autos, rue duSimplon 10. B. place du Tunnel 22.T. 22 3219.",
            "sheet": "Place du Tunnel",
            "year": 1951
          },
          {
            "address": "['av. Vi-net 22', 'place du Tunnel 2.T.']",
            "Nom": "Place du Tunnel",
            "Métier": "['épicier']",
            "Classification": "proletaire",
            "LigneOriginal": "Kopf-Trachsel William, épicier, av. Vi-net 22 Mag. place du Tunnel 2.T. 22 48 02.",
            "sheet": "Place du Tunnel",
            "year": 1951
          }
        ],
        "merged_count": 3
      }
    },
    {
      "type": "Feature",
      "geometry": {
        "type": "Point",
        "coordinates": [
          46.525042,
          6.634903
        ]
      },
      "properties": {
        "points": [
          {
            "address": "['place du Tunnel 3']",
            "Nom": "Place du Tunnel",
            "Métier": "[]",
            "Classification": "???",
            "LigneOriginal": "Bersier Aline, place du Tunnel 3.",
            "sheet": "Place du Tunnel",
            "year": 1951
          }
        ],
        "merged_count": 1
      }
    },
    {
      "type": "Feature",
      "geometry": {
        "type": "Point",
        "coordinates": [
          46.525952,
          6.635049
        ]
      },
      "properties": {
        "points": [
          {
            "address": "['place du Tunnel 9']",
            "Nom": "Place du Tunnel",
            "Métier": "['confiseur']",
            "Classification": "proletaire",
            "LigneOriginal": "Delacombaz-Bersier Eugène, confiseur,place du Tunnel 9.",
            "sheet": "Place du Tunnel",
            "year": 1951
          },
          {
            "address": "['place du Tunnel 9']",
            "Nom": "Place du Tunnel",
            "Métier": "[]",
            "Classification": "???",
            "LigneOriginal": "—• Antoinette, place du Tunnel 9.",
            "sheet": "Place du Tunnel",
            "year": 1951
          }
        ],
        "merged_count": 2
      }
    },
    {
      "type": "Feature",
      "geometry": {
        "type": "Point",
        "coordinates": [
          46.524954,
          6.634725
        ]
      },
      "properties": {
        "points": [
          {
            "address": "['place du Tunnel 2']",
            "Nom": "Place du Tunnel",
            "Métier": "['veuve']",
            "Classification": "inactif",
            "LigneOriginal": "Hugonnet-Ciclet Joséphine, veuve, place du Tunnel 2.",
            "sheet": "Place du Tunnel",
            "year": 1951
          }
        ],
        "merged_count": 1
      }
    },
    {
      "type": "Feature",
      "geometry": {
        "type": "Point",
        "coordinates": [
          46.525175,
          6.635045
        ]
      },
      "properties": {
        "points": [
          {
            "address": "['place du Tunnel 4']",
            "Nom": "Place du Tunnel",
            "Métier": "['Vve']",
            "Classification": "inactif",
            "LigneOriginal": "Paccaud-Desarzens Clémentine, Vve,place du Tunnel 4.",
            "sheet": "Place du Tunnel",
            "year": 1951
          }
        ],
        "merged_count": 1
      }
    },
    {
      "type": "Feature",
      "geometry": {
        "type": "Point",
        "coordinates": [
          46.525294,
          6.635187
        ]
      },
      "properties": {
        "points": [
          {
            "address": "['place du Tunnel 5']",
            "Nom": "Place du Tunnel",
            "Métier": "['Veuve', 'journalière']",
            "Classification": "proletaire",
            "LigneOriginal": "Reichenbach-Monachon Lucie. Veuve,journalière, place du Tunnel 5.",
            "sheet": "Place du Tunnel",
            "year": 1951
          }
        ],
        "merged_count": 1
      }
    },
    {
      "type": "Feature",
      "geometry": {
        "type": "Point",
        "coordinates": [
          46.529782,
          6.630045
        ]
      },
      "properties": {
        "points": [
          {
            "address": "['Pontaise 21', 'B.pl. de la Gare 12']",
            "Nom": "Pontaise",
            "Métier": "['manuf. trousseaux']",
            "Classification": "proletaire",
            "LigneOriginal": "Bégnin-Bemhard Paul, manuf. trousseaux, Pontaise 21. T. 24 15 84. B.pl. de la Gare 12. T. 22 76 55.",
            "sheet": "Pontaise",
            "year": 1951
          },
          {
            "address": "['Pontaise 37']",
            "Nom": "Pontaise",
            "Métier": "[]",
            "Classification": "???",
            "LigneOriginal": "— Madeleine, Pontaise 37.",
            "sheet": "Pontaise",
            "year": 1951
          }
        ],
        "merged_count": 2
      }
    },
    {
      "type": "Feature",
      "geometry": {
        "type": "Point",
        "coordinates": [
          46.529137,
          6.630566
        ]
      },
      "properties": {
        "points": [
          {
            "address": "['Pontaise 10']",
            "Nom": "Pontaise",
            "Métier": "[]",
            "Classification": "???",
            "LigneOriginal": "Bigler Andrée, Pontaise 10.",
            "sheet": "Pontaise",
            "year": 1951
          },
          {
            "address": "['Pontaise 10']",
            "Nom": "Pontaise",
            "Métier": "[]",
            "Classification": "???",
            "LigneOriginal": "— Henri, Pontaise 10.",
            "sheet": "Pontaise",
            "year": 1951
          },
          {
            "address": "['Pontaise 10']",
            "Nom": "Pontaise",
            "Métier": "['mécanic.']",
            "Classification": "intermediaire",
            "LigneOriginal": "Bigler-Lehmann Henri, mécanic., Pontaise 10.    1",
            "sheet": "Pontaise",
            "year": 1951
          },
          {
            "address": "['r. Pontaise 10']",
            "Nom": "Pontaise",
            "Métier": "['emp. d’hôtel']",
            "Classification": "intermediaire",
            "LigneOriginal": "— Marg., emp. d’hôtel, r. Pontaise 10.",
            "sheet": "Pontaise",
            "year": 1951
          },
          {
            "address": "['Pontaise 47', \"rue' St-Martin 10\"]",
            "Nom": "Pontaise",
            "Métier": "['menuisier']",
            "Classification": "proletaire",
            "LigneOriginal": "Merle-Hanni André, menuisier, Pontaise 47. T. 24 73 60. Al. rue' St-Martin 10. T. 23 53 50.",
            "sheet": "Pontaise",
            "year": 1951
          },
          {
            "address": "['Pontaise 10']",
            "Nom": "Pontaise",
            "Métier": "['Vve']",
            "Classification": "inactif",
            "LigneOriginal": "Pilet-Bigler Henriette, Vve, Pontaise 10.",
            "sheet": "Pontaise",
            "year": 1951
          },
          {
            "address": "['rue Pontaise 10']",
            "Nom": "Pontaise",
            "Métier": "['plâtrier']",
            "Classification": "proletaire",
            "LigneOriginal": "— André, plâtrier, rue Pontaise 10.",
            "sheet": "Pontaise",
            "year": 1951
          }
        ],
        "merged_count": 7
      }
    },
    {
      "type": "Feature",
      "geometry": {
        "type": "Point",
        "coordinates": [
          46.531723,
          6.628813
        ]
      },
      "properties": {
        "points": [
          {
            "address": "['r.Pontaise 52']",
            "Nom": "Pontaise",
            "Métier": "['ébéniste']",
            "Classification": "proletaire",
            "LigneOriginal": "Bischof-Diserens Wilhelm, ébéniste, r.Pontaise 52.",
            "sheet": "Pontaise",
            "year": 1951
          }
        ],
        "merged_count": 1
      }
    },
    {
      "type": "Feature",
      "geometry": {
        "type": "Point",
        "coordinates": [
          46.531243,
          6.62875
        ]
      },
      "properties": {
        "points": [
          {
            "address": "['Pontaise 47']",
            "Nom": "Pontaise",
            "Métier": "[]",
            "Classification": "???",
            "LigneOriginal": "— Rosa, Pontaise 47.",
            "sheet": "Pontaise",
            "year": 1951
          },
          {
            "address": "['rue Pontaise 47']",
            "Nom": "Pontaise",
            "Métier": "['Vve']",
            "Classification": "inactif",
            "LigneOriginal": "Cnendet-Jaqnier Amélie, Vve, rue Pontaise 47.",
            "sheet": "Pontaise",
            "year": 1951
          },
          {
            "address": "['Pontaise 47']",
            "Nom": "Pontaise",
            "Métier": "['taill.']",
            "Classification": "proletaire",
            "LigneOriginal": "Damasino-Pillonel Alfredo, taill., Pontaise 47.",
            "sheet": "Pontaise",
            "year": 1951
          },
          {
            "address": "['Pontaise 47']",
            "Nom": "Pontaise",
            "Métier": "['maçon']",
            "Classification": "proletaire",
            "LigneOriginal": "Felley Raymond, maçon, Pontaise 47.",
            "sheet": "Pontaise",
            "year": 1951
          },
          {
            "address": "['ch. Lisière 19.At. Pontaise 47']",
            "Nom": "Pontaise",
            "Métier": "['cordonnier']",
            "Classification": "intermediaire",
            "LigneOriginal": "— Robert, cordonnier, ch. Lisière 19.At. Pontaise 47.",
            "sheet": "Pontaise",
            "year": 1951
          },
          {
            "address": "['Pontaise 47']",
            "Nom": "Pontaise",
            "Métier": "['conducteur-typo']",
            "Classification": "proletaire",
            "LigneOriginal": "Guillemin-Rochat Louis, conducteur-typo, Pontaise 47. T. 24 12 74.",
            "sheet": "Pontaise",
            "year": 1951
          },
          {
            "address": "['Pontaise 47']",
            "Nom": "Pontaise",
            "Métier": "['ferblantier']",
            "Classification": "proletaire",
            "LigneOriginal": "— Werner, ferblantier. Pontaise 47.",
            "sheet": "Pontaise",
            "year": 1951
          },
          {
            "address": "[',Pontaise 47']",
            "Nom": "Pontaise",
            "Métier": "['agent d’assur']",
            "Classification": "intermediaire",
            "LigneOriginal": "Schneuwly-Golay René, agent d’assur.,Pontaise 47.",
            "sheet": "Pontaise",
            "year": 1951
          },
          {
            "address": "['Pontaise 47']",
            "Nom": "Pontaise",
            "Métier": "['ouvr. de ville']",
            "Classification": "proletaire",
            "LigneOriginal": "Taillens-Javet Robert, ouvr. de ville,Pontaise 47.",
            "sheet": "Pontaise",
            "year": 1951
          }
        ],
        "merged_count": 9
      }
    },
    {
      "type": "Feature",
      "geometry": {
        "type": "Point",
        "coordinates": [
          46.531008,
          6.628445
        ]
      },
      "properties": {
        "points": [
          {
            "address": "['ruePontaise 17. At. Valentin 45']",
            "Nom": "Pontaise",
            "Métier": "['cordonnier']",
            "Classification": "intermediaire",
            "LigneOriginal": "Chanier-Spack Joseph, cordonnier, ruePontaise 17. At. Valentin 45.",
            "sheet": "Pontaise",
            "year": 1951
          },
          {
            "address": "['ruePontaise 45']",
            "Nom": "Pontaise",
            "Métier": "['représentant']",
            "Classification": "intermediaire",
            "LigneOriginal": "Giauque-Favez Jean, représentant, ruePontaise 45. T. 2419 49.",
            "sheet": "Pontaise",
            "year": 1951
          },
          {
            "address": "['Pontaise 45']",
            "Nom": "Pontaise",
            "Métier": "['galvaniseur']",
            "Classification": "proletaire",
            "LigneOriginal": "—■ Charles, galvaniseur. Pontaise 45.",
            "sheet": "Pontaise",
            "year": 1951
          },
          {
            "address": "['.r. Pontaise 45']",
            "Nom": "Pontaise",
            "Métier": "['man.']",
            "Classification": "proletaire",
            "LigneOriginal": "—- William, man., .r. Pontaise 45.",
            "sheet": "Pontaise",
            "year": 1951
          },
          {
            "address": "['Pontaise 45']",
            "Nom": "Pontaise",
            "Métier": "['manœuvre']",
            "Classification": "proletaire",
            "LigneOriginal": "Nicolas-Margnerat Auguste, manœuvre,Pontaise 45.",
            "sheet": "Pontaise",
            "year": 1951
          }
        ],
        "merged_count": 5
      }
    },
    {
      "type": "Feature",
      "geometry": {
        "type": "Point",
        "coordinates": [
          46.530843,
          6.629746
        ]
      },
      "properties": {
        "points": [
          {
            "address": "['Pontaise 42']",
            "Nom": "Pontaise",
            "Métier": "['boulanger']",
            "Classification": "proletaire",
            "LigneOriginal": "Christin-Liniger René, boulanger, Pontaise 42. T. 24 11 35. Mag. et Ap.",
            "sheet": "Pontaise",
            "year": 1951
          }
        ],
        "merged_count": 1
      }
    },
    {
      "type": "Feature",
      "geometry": {
        "type": "Point",
        "coordinates": [
          46.530964,
          6.629665
        ]
      },
      "properties": {
        "points": [
          {
            "address": "['r. Pontaise 44']",
            "Nom": "Pontaise",
            "Métier": "['lingère']",
            "Classification": "proletaire",
            "LigneOriginal": "Freymond Adèle, lingère. r. Pontaise 44.",
            "sheet": "Pontaise",
            "year": 1951
          }
        ],
        "merged_count": 1
      }
    },
    {
      "type": "Feature",
      "geometry": {
        "type": "Point",
        "coordinates": [
          46.52984,
          6.630165
        ]
      },
      "properties": {
        "points": [
          {
            "address": "['r.Pontaise 16. Mag, au No 22.']",
            "Nom": "Pontaise",
            "Métier": "['épicerie']",
            "Classification": "proletaire",
            "LigneOriginal": "Guignard-Cauderay Ulysse, épicerie, r.Pontaise 16. Mag, au No 22.",
            "sheet": "Pontaise",
            "year": 1951
          }
        ],
        "merged_count": 1
      }
    },
    {
      "type": "Feature",
      "geometry": {
        "type": "Point",
        "coordinates": [
          46.5307,
          6.629823
        ]
      },
      "properties": {
        "points": [
          {
            "address": "['Pontaise 40']",
            "Nom": "Pontaise",
            "Métier": "[]",
            "Classification": "???",
            "LigneOriginal": "Matile-Dupuis Clara. Pontaise 40.",
            "sheet": "Pontaise",
            "year": 1951
          },
          {
            "address": "['L„ Pontaise 40']",
            "Nom": "Pontaise",
            "Métier": "['man.']",
            "Classification": "proletaire",
            "LigneOriginal": "— Edouard, man. T. L„ Pontaise 40.",
            "sheet": "Pontaise",
            "year": 1951
          }
        ],
        "merged_count": 2
      }
    },
    {
      "type": "Feature",
      "geometry": {
        "type": "Point",
        "coordinates": [
          46.528608,
          6.63077
        ]
      },
      "properties": {
        "points": [
          {
            "address": "['Pontaise 4']",
            "Nom": "Pontaise",
            "Métier": "['employé librairie']",
            "Classification": "intermediaire",
            "LigneOriginal": "Pahud-Mellet Marius, employé librairie,Pontaise 4.",
            "sheet": "Pontaise",
            "year": 1951
          },
          {
            "address": "['r. Pon-taise 4']",
            "Nom": "Pontaise",
            "Métier": "['comptable']",
            "Classification": "intermediaire",
            "LigneOriginal": "Pamblanc Edouard, comptable, r. Pon-taise 4.",
            "sheet": "Pontaise",
            "year": 1951
          },
          {
            "address": "['Pontaise 4']",
            "Nom": "Pontaise",
            "Métier": "['secrét. greffemunicipal,']",
            "Classification": "intermediaire",
            "LigneOriginal": "Pamblanc-Stocker Robert, secrét. greffemunicipal, Pontaise 4. T. 24 62 30.",
            "sheet": "Pontaise",
            "year": 1951
          }
        ],
        "merged_count": 3
      }
    },
    {
      "type": "Feature",
      "geometry": {
        "type": "Point",
        "coordinates": [
          46.529977,
          6.629805
        ]
      },
      "properties": {
        "points": [
          {
            "address": "['Pontaise 25']",
            "Nom": "Pontaise",
            "Métier": "['Vve']",
            "Classification": "inactif",
            "LigneOriginal": "Tüscher-Meylan Léa, Vve, Pontaise 25.",
            "sheet": "Pontaise",
            "year": 1951
          }
        ],
        "merged_count": 1
      }
    },
    {
      "type": "Feature",
      "geometry": {
        "type": "Point",
        "coordinates": [
          46.529455,
          6.630096
        ]
      },
      "properties": {
        "points": [
          {
            "address": "['Pontaise 11']",
            "Nom": "Pontaise",
            "Métier": "['at. de tapissier']",
            "Classification": "proletaire",
            "LigneOriginal": "Vullyamoz-Piister Hélène, at. de tapissier, Pontaise 11.",
            "sheet": "Pontaise",
            "year": 1951
          }
        ],
        "merged_count": 1
      }
    },
    {
      "type": "Feature",
      "geometry": {
        "type": "Point",
        "coordinates": [
          46.54838,
          6.559163
        ]
      },
      "properties": {
        "points": [
          {
            "address": "['av. Riant-Mont 23.T. 22']",
            "Nom": "Riant Mont",
            "Métier": "['téléphon']",
            "Classification": "proletaire",
            "LigneOriginal": "— Ida, téléphon., av. Riant-Mont 23.T. 22 23 11.",
            "sheet": "Riant Mont",
            "year": 1951
          },
          {
            "address": "['av. Riant-Mont 19T. 22']",
            "Nom": "Riant Mont",
            "Métier": "['secrét..']",
            "Classification": "intermediaire",
            "LigneOriginal": "— Marianne, secrét.. av. Riant-Mont 19T. 22 81 06.",
            "sheet": "Riant Mont",
            "year": 1951
          },
          {
            "address": "['av. Riant-Mont 1. Atelier rue Haldimand 14.T. 22']",
            "Nom": "Riant Mont",
            "Métier": "['photogr']",
            "Classification": "intermediaire",
            "LigneOriginal": "Gaixanx Edouard, photogr., av. Riant-Mont 1. Atelier rue Haldimand 14.T. 22 86 23.",
            "sheet": "Riant Mont",
            "year": 1951
          },
          {
            "address": "['av. Riant-Mont 9.T. 22']",
            "Nom": "Riant Mont",
            "Métier": "['veuve', 'pens,p. jeunes gens']",
            "Classification": "intermediaire",
            "LigneOriginal": "Gloor-Pahud Marguerite, veuve, pens,p. jeunes gens, av. Riant-Mont 9.T. 22 98 25.",
            "sheet": "Riant Mont",
            "year": 1951
          },
          {
            "address": "['av. Riant-Mont 14.T. 22']",
            "Nom": "Riant Mont",
            "Métier": "['vendeuse']",
            "Classification": "proletaire",
            "LigneOriginal": "— Marie, vendeuse, av. Riant-Mont 14.T. 22 97 51.",
            "sheet": "Riant Mont",
            "year": 1951
          }
        ],
        "merged_count": 5
      }
    },
    {
      "type": "Feature",
      "geometry": {
        "type": "Point",
        "coordinates": [
          46.525267,
          6.632517
        ]
      },
      "properties": {
        "points": [
          {
            "address": "['av. Riant-iMont 19. B. Valentin 21']",
            "Nom": "Riant Mont",
            "Métier": "['représentations']",
            "Classification": "proletaire",
            "LigneOriginal": "— Xavier, représentations, av. Riant-iMont 19. B. Valentin 21.",
            "sheet": "Riant Mont",
            "year": 1951
          }
        ],
        "merged_count": 1
      }
    },
    {
      "type": "Feature",
      "geometry": {
        "type": "Point",
        "coordinates": [
          46.52593,
          6.632989
        ]
      },
      "properties": {
        "points": [
          {
            "address": "['av. Riant-mont 25']",
            "Nom": "Riant Mont",
            "Métier": "['Mathilde']",
            "Classification": "???",
            "LigneOriginal": "Domenioz-Gemmet i.Mathilde. av. Riant-mont 25. T. 22 03 90.",
            "sheet": "Riant Mont",
            "year": 1951
          },
          {
            "address": "['av. Riant-iMont 25']",
            "Nom": "Riant Mont",
            "Métier": "['commerçant']",
            "Classification": "proletaire",
            "LigneOriginal": "Lnthy Emile, commerçant, av. Riant-iMont 25.",
            "sheet": "Riant Mont",
            "year": 1951
          }
        ],
        "merged_count": 2
      }
    },
    {
      "type": "Feature",
      "geometry": {
        "type": "Point",
        "coordinates": [
          46.524936,
          6.631992
        ]
      },
      "properties": {
        "points": [
          {
            "address": "['av. Riant-Mont 10']",
            "Nom": "Riant Mont",
            "Métier": "['étud']",
            "Classification": "inactif",
            "LigneOriginal": "— Jean-Pierre, étud., av. Riant-Mont 10",
            "sheet": "Riant Mont",
            "year": 1951
          }
        ],
        "merged_count": 1
      }
    },
    {
      "type": "Feature",
      "geometry": {
        "type": "Point",
        "coordinates": [
          46.526328,
          6.632795
        ]
      },
      "properties": {
        "points": [
          {
            "address": "['av. Riant-Mont 20']",
            "Nom": "Riant Mont",
            "Métier": "['peintre bât.']",
            "Classification": "proletaire",
            "LigneOriginal": "Menétrey-Jaquet Charles, peintre bât.,* av. Riant-Mont 20",
            "sheet": "Riant Mont",
            "year": 1951
          }
        ],
        "merged_count": 1
      }
    },
    {
      "type": "Feature",
      "geometry": {
        "type": "Point",
        "coordinates": [
          46.526131,
          6.633216
        ]
      },
      "properties": {
        "points": [
          {
            "address": "['av. Riant-Mont 18']",
            "Nom": "Riant Mont",
            "Métier": "['vend']",
            "Classification": "proletaire",
            "LigneOriginal": "— Madeleine, vend., av. Riant-Mont 18",
            "sheet": "Riant Mont",
            "year": 1951
          }
        ],
        "merged_count": 1
      }
    },
    {
      "type": "Feature",
      "geometry": {
        "type": "Point",
        "coordinates": [
          46.525741,
          6.632107
        ]
      },
      "properties": {
        "points": [
          {
            "address": "['av. Riant-Mont 18.At. r. Deux-Marchés 9']",
            "Nom": "Riant Mont",
            "Métier": "['tapissier']",
            "Classification": "proletaire",
            "LigneOriginal": "— Henri, tapissier, av. Riant-Mont 18.At. r. Deux-Marchés 9. T. 23 92 07.",
            "sheet": "Riant Mont",
            "year": 1951
          }
        ],
        "merged_count": 1
      }
    },
    {
      "type": "Feature",
      "geometry": {
        "type": "Point",
        "coordinates": [
          46.525672,
          6.634735
        ]
      },
      "properties": {
        "points": [
          {
            "address": "['route du Tunnel 4']",
            "Nom": "Route du Tunnel",
            "Métier": "['cycles et motos']",
            "Classification": "???",
            "LigneOriginal": "Reymond H. & Fils, cycles et motos,route du Tunnel 4. T. 22 79 03.",
            "sheet": "Route du Tunnel",
            "year": 1951
          },
          {
            "address": "['route du Tunnel 10']",
            "Nom": "Route du Tunnel",
            "Métier": "['maçon']",
            "Classification": "proletaire",
            "LigneOriginal": "Sierro Edouard, maçon, route du Tunnel 10.",
            "sheet": "Route du Tunnel",
            "year": 1951
          }
        ],
        "merged_count": 2
      }
    },
    {
      "type": "Feature",
      "geometry": {
        "type": "Point",
        "coordinates": [
          46.527412,
          6.631705
        ]
      },
      "properties": {
        "points": [
          {
            "address": "['rue des Glaciers 14']",
            "Nom": "Rue Des Glaciers",
            "Métier": "['man.']",
            "Classification": "proletaire",
            "LigneOriginal": "— Leone, man., rue des Glaciers 14.",
            "sheet": "Rue Des Glaciers",
            "year": 1951
          },
          {
            "address": "['rue des Glaciers 14']",
            "Nom": "Rue Des Glaciers",
            "Métier": "[]",
            "Classification": "???",
            "LigneOriginal": "— Jean, rue des Glaciers 14.",
            "sheet": "Rue Des Glaciers",
            "year": 1951
          },
          {
            "address": "['rue des Glaciers 14']",
            "Nom": "Rue Des Glaciers",
            "Métier": "['employé']",
            "Classification": "intermediaire",
            "LigneOriginal": "Pahud André, employé, rue des Glaciers 14.",
            "sheet": "Rue Des Glaciers",
            "year": 1951
          }
        ],
        "merged_count": 3
      }
    },
    {
      "type": "Feature",
      "geometry": {
        "type": "Point",
        "coordinates": [
          46.526806,
          6.631866
        ]
      },
      "properties": {
        "points": [
          {
            "address": "['rue des Glaciers 8']",
            "Nom": "Rue Des Glaciers",
            "Métier": "['employé bureau']",
            "Classification": "intermediaire",
            "LigneOriginal": "Corbaz-Fellay Pierre, employé bureau,rue des Glaciers 8.",
            "sheet": "Rue Des Glaciers",
            "year": 1951
          },
          {
            "address": "['rue des Glaciers 8']",
            "Nom": "Rue Des Glaciers",
            "Métier": "[]",
            "Classification": "???",
            "LigneOriginal": "Dall’Aglio-Tomasina Auguste, gypsier-peintre, rue des Glaciers 8.",
            "sheet": "Rue Des Glaciers",
            "year": 1951
          },
          {
            "address": "['rue des Glaciers 8']",
            "Nom": "Rue Des Glaciers",
            "Métier": "[]",
            "Classification": "???",
            "LigneOriginal": "— Marie, rue des Glaciers 8.",
            "sheet": "Rue Des Glaciers",
            "year": 1951
          }
        ],
        "merged_count": 3
      }
    },
    {
      "type": "Feature",
      "geometry": {
        "type": "Point",
        "coordinates": [
          46.527017,
          6.631814
        ]
      },
      "properties": {
        "points": [
          {
            "address": "['rue des Glaciers 10']",
            "Nom": "Rue Des Glaciers",
            "Métier": "['manœuvre']",
            "Classification": "proletaire",
            "LigneOriginal": "Dougoud-Reymond Adrien, manœuvre,rue des Glaciers 10.",
            "sheet": "Rue Des Glaciers",
            "year": 1951
          },
          {
            "address": "['app. rue des Glaciers 10']",
            "Nom": "Rue Des Glaciers",
            "Métier": "['remmaillage de bas. Atet']",
            "Classification": "proletaire",
            "LigneOriginal": "— Elisabeth, remmaillage de bas. Atet app. rue des Glaciers 10.",
            "sheet": "Rue Des Glaciers",
            "year": 1951
          },
          {
            "address": "['rue des Glaciers 10']",
            "Nom": "Rue Des Glaciers",
            "Métier": "['retraité postal']",
            "Classification": "inactif",
            "LigneOriginal": "Jaques-Bnry Ch.-Paul, retraité postal,rue des Glaciers 10.",
            "sheet": "Rue Des Glaciers",
            "year": 1951
          }
        ],
        "merged_count": 3
      }
    },
    {
      "type": "Feature",
      "geometry": {
        "type": "Point",
        "coordinates": [
          46.526617,
          6.631915
        ]
      },
      "properties": {
        "points": [
          {
            "address": "['rue des Glaciers 6']",
            "Nom": "Rue Des Glaciers",
            "Métier": "[]",
            "Classification": "???",
            "LigneOriginal": "— Charles, rue des Glaciers 6.",
            "sheet": "Rue Des Glaciers",
            "year": 1951
          },
          {
            "address": "['rue des Glaciers 6']",
            "Nom": "Rue Des Glaciers",
            "Métier": "[]",
            "Classification": "???",
            "LigneOriginal": "— Gaston, rue des Glaciers 6.",
            "sheet": "Rue Des Glaciers",
            "year": 1951
          }
        ],
        "merged_count": 2
      }
    },
    {
      "type": "Feature",
      "geometry": {
        "type": "Point",
        "coordinates": [
          46.526353,
          6.632267
        ]
      },
      "properties": {
        "points": [
          {
            "address": "['rue des Glaciers 2']",
            "Nom": "Rue Des Glaciers",
            "Métier": "['dessinateur']",
            "Classification": "intermediaire",
            "LigneOriginal": "Frutiger-Schneider Pierre, dessinateur,rue des Glaciers 2.",
            "sheet": "Rue Des Glaciers",
            "year": 1951
          },
          {
            "address": "['rue des Glaciers 2']",
            "Nom": "Rue Des Glaciers",
            "Métier": "[]",
            "Classification": "???",
            "LigneOriginal": "Mauer Maria, rue des Glaciers 2.",
            "sheet": "Rue Des Glaciers",
            "year": 1951
          },
          {
            "address": "['rue des Glaciers 2']",
            "Nom": "Rue Des Glaciers",
            "Métier": "['garçon boucher']",
            "Classification": "proletaire",
            "LigneOriginal": "Peissard-Suchet Noël, garçon boucher,rue des Glaciers 2.",
            "sheet": "Rue Des Glaciers",
            "year": 1951
          }
        ],
        "merged_count": 3
      }
    },
    {
      "type": "Feature",
      "geometry": {
        "type": "Point",
        "coordinates": [
          46.526482,
          6.632088
        ]
      },
      "properties": {
        "points": [
          {
            "address": "[',rue des Glaciers 4']",
            "Nom": "Rue Des Glaciers",
            "Métier": "['ouvr. de fabr']",
            "Classification": "proletaire",
            "LigneOriginal": "Jaccaid-Baatard Willy, ouvr. de fabr.,rue des Glaciers 4.",
            "sheet": "Rue Des Glaciers",
            "year": 1951
          },
          {
            "address": "['rue des Glaciers 4']",
            "Nom": "Rue Des Glaciers",
            "Métier": "['Vve']",
            "Classification": "inactif",
            "LigneOriginal": "Nicole-Favez Lucie, Vve, rue des Glaciers 4.",
            "sheet": "Rue Des Glaciers",
            "year": 1951
          }
        ],
        "merged_count": 2
      }
    },
    {
      "type": "Feature",
      "geometry": {
        "type": "Point",
        "coordinates": [
          46.527251,
          6.631768
        ]
      },
      "properties": {
        "points": [
          {
            "address": "['rue des Glaciers 12']",
            "Nom": "Rue Des Glaciers",
            "Métier": "['négociant']",
            "Classification": "proletaire",
            "LigneOriginal": "Maget-Laperrousaz Charles, négociant,rue des Glaciers 12. T. 23 93 40.",
            "sheet": "Rue Des Glaciers",
            "year": 1951
          },
          {
            "address": "['rue des Glaciers 12']",
            "Nom": "Rue Des Glaciers",
            "Métier": "['empi, banque']",
            "Classification": "intermediaire",
            "LigneOriginal": "Maurel-Chappuis César, empi, banque,rue des Glaciers 12.",
            "sheet": "Rue Des Glaciers",
            "year": 1951
          }
        ],
        "merged_count": 2
      }
    },
    {
      "type": "Feature",
      "geometry": {
        "type": "Point",
        "coordinates": [
          46.527281,
          6.631658
        ]
      },
      "properties": {
        "points": [
          {
            "address": "['rue des Glaciers']",
            "Nom": "Rue Des Glaciers",
            "Métier": "['prof, de musique']",
            "Classification": "intermediaire",
            "LigneOriginal": "Meuwly-Zosso Léo. prof, de musique,rue des Glaciers t. T 22 96 75.",
            "sheet": "Rue Des Glaciers",
            "year": 1951
          }
        ],
        "merged_count": 1
      }
    },
    {
      "type": "Feature",
      "geometry": {
        "type": "Point",
        "coordinates": [
          46.529401,
          6.630987
        ]
      },
      "properties": {
        "points": [
          {
            "address": "['rueTraversière 3']",
            "Nom": "Rue Traversière",
            "Métier": "['peintre']",
            "Classification": "proletaire",
            "LigneOriginal": "Carrard-Wursten Charles, peintre, rueTraversière 3.",
            "sheet": "Rue Traversière",
            "year": 1951
          },
          {
            "address": "[',rue Traversière 3']",
            "Nom": "Rue Traversière",
            "Métier": "['emp. comm.']",
            "Classification": "intermediaire",
            "LigneOriginal": "Chaubert-Cuanoud Pierre, emp. comm.,rue Traversière 3",
            "sheet": "Rue Traversière",
            "year": 1951
          },
          {
            "address": "['rue Traversière 3']",
            "Nom": "Rue Traversière",
            "Métier": "[]",
            "Classification": "???",
            "LigneOriginal": "— Fernande, rue Traversière 3.",
            "sheet": "Rue Traversière",
            "year": 1951
          },
          {
            "address": "['rue Traversière 3']",
            "Nom": "Rue Traversière",
            "Métier": "[]",
            "Classification": "???",
            "LigneOriginal": "— Jacky. rue Traversière 3,",
            "sheet": "Rue Traversière",
            "year": 1951
          },
          {
            "address": "['rue Traversière 3']",
            "Nom": "Rue Traversière",
            "Métier": "['Vve']",
            "Classification": "inactif",
            "LigneOriginal": "Plattner-Astic Anna, Vve, rue Traversière 3.",
            "sheet": "Rue Traversière",
            "year": 1951
          },
          {
            "address": "['rue Traversière 3']",
            "Nom": "Rue Traversière",
            "Métier": "['typo']",
            "Classification": "intermediaire",
            "LigneOriginal": "Waldner Bernard, typo, rue Traversière 3.",
            "sheet": "Rue Traversière",
            "year": 1951
          }
        ],
        "merged_count": 6
      }
    },
    {
      "type": "Feature",
      "geometry": {
        "type": "Point",
        "coordinates": [
          46.529371,
          6.630569
        ]
      },
      "properties": {
        "points": [
          {
            "address": "['rue Traversière 1']",
            "Nom": "Rue Traversière",
            "Métier": "['négoc.']",
            "Classification": "proletaire",
            "LigneOriginal": "— Susanne, négoc., rue Traversière 1.",
            "sheet": "Rue Traversière",
            "year": 1951
          },
          {
            "address": "['rue Traversière 1']",
            "Nom": "Rue Traversière",
            "Métier": "['vendeuse']",
            "Classification": "proletaire",
            "LigneOriginal": "— Hélène, vendeuse, rue Traversière 1.",
            "sheet": "Rue Traversière",
            "year": 1951
          }
        ],
        "merged_count": 2
      }
    },
    {
      "type": "Feature",
      "geometry": {
        "type": "Point",
        "coordinates": [
          46.529267,
          6.630775
        ]
      },
      "properties": {
        "points": [
          {
            "address": "['rueTraversière 4']",
            "Nom": "Rue Traversière",
            "Métier": "['jardinier']",
            "Classification": "proletaire",
            "LigneOriginal": "Corbaz-Lambelet Adrien, jardinier, rueTraversière 4.",
            "sheet": "Rue Traversière",
            "year": 1951
          },
          {
            "address": "['rueTraversière 4']",
            "Nom": "Rue Traversière",
            "Métier": "['empi, bureau']",
            "Classification": "intermediaire",
            "LigneOriginal": "Desponds-Tosi Jean, empi, bureau, rueTraversière 4.",
            "sheet": "Rue Traversière",
            "year": 1951
          },
          {
            "address": "['rue Traversière 1.T. 24 49']",
            "Nom": "Rue Traversière",
            "Métier": "[]",
            "Classification": "???",
            "LigneOriginal": "Dnbois-Cottet Jean, rue Traversière 1.T. 24 49 62.",
            "sheet": "Rue Traversière",
            "year": 1951
          },
          {
            "address": "['rueTraversière 4. At An.']",
            "Nom": "Rue Traversière",
            "Métier": "['cordonnier']",
            "Classification": "intermediaire",
            "LigneOriginal": "Wyss-Delaprez Fréd., cordonnier, rueTraversière 4. At An. T. 24 60 40.",
            "sheet": "Rue Traversière",
            "year": 1951
          }
        ],
        "merged_count": 4
      }
    },
    {
      "type": "Feature",
      "geometry": {
        "type": "Point",
        "coordinates": [
          46.52992,
          6.630375
        ]
      },
      "properties": {
        "points": [
          {
            "address": "['rue des Amis 8']",
            "Nom": "Rue des Amis",
            "Métier": "['maçon']",
            "Classification": "proletaire",
            "LigneOriginal": "Berger Albert, maçon, rue des Amis 8.",
            "sheet": "Rue des Amis",
            "year": 1951
          }
        ],
        "merged_count": 1
      }
    },
    {
      "type": "Feature",
      "geometry": {
        "type": "Point",
        "coordinates": [
          46.529892,
          6.630132
        ]
      },
      "properties": {
        "points": [
          {
            "address": "['Blanc-Bolomey Charles', 'rue des Amis 2']",
            "Nom": "Rue des Amis",
            "Métier": "['employé banq.retraité,']",
            "Classification": "intermediaire",
            "LigneOriginal": "Blanc-Bolomey Charles, employé banq.retraité, rue des Amis 2.",
            "sheet": "Rue des Amis",
            "year": 1951
          }
        ],
        "merged_count": 1
      }
    },
    {
      "type": "Feature",
      "geometry": {
        "type": "Point",
        "coordinates": [
          46.530171,
          6.630735
        ]
      },
      "properties": {
        "points": [
          {
            "address": "['rue des Amis 7']",
            "Nom": "Rue des Amis",
            "Métier": "['Vve', 'ménagère']",
            "Classification": "inactif",
            "LigneOriginal": "Clerc-Bouclon Hortense, Vve, ménagère,rue des Amis 7.",
            "sheet": "Rue des Amis",
            "year": 1951
          },
          {
            "address": "['rue des Amis 7']",
            "Nom": "Rue des Amis",
            "Métier": "['couturière']",
            "Classification": "proletaire",
            "LigneOriginal": "Grandgnillaume-Perrenoud Louise, couturière. rue des Amis 7.",
            "sheet": "Rue des Amis",
            "year": 1951
          },
          {
            "address": "['rue des Amis 7']",
            "Nom": "Rue des Amis",
            "Métier": "['Vve', 'concierge']",
            "Classification": "proletaire",
            "LigneOriginal": "Regamey-Ducret Emma, Vve, concierge,rue des Amis 7.",
            "sheet": "Rue des Amis",
            "year": 1951
          }
        ],
        "merged_count": 3
      }
    },
    {
      "type": "Feature",
      "geometry": {
        "type": "Point",
        "coordinates": [
          46.529893,
          6.63022
        ]
      },
      "properties": {
        "points": [
          {
            "address": "['rue des Amis 4']",
            "Nom": "Rue des Amis",
            "Métier": "[]",
            "Classification": "???",
            "LigneOriginal": "— Jeanne, rue des Amis 4.",
            "sheet": "Rue des Amis",
            "year": 1951
          }
        ],
        "merged_count": 1
      }
    },
    {
      "type": "Feature",
      "geometry": {
        "type": "Point",
        "coordinates": [
          46.530099,
          6.630564
        ]
      },
      "properties": {
        "points": [
          {
            "address": "['Jeanneret Louise', 'rue des Amis 5']",
            "Nom": "Rue des Amis",
            "Métier": "['Vve']",
            "Classification": "inactif",
            "LigneOriginal": "Durussel-Perret-Jeanneret Louise, Vve,rue des Amis 5.",
            "sheet": "Rue des Amis",
            "year": 1951
          },
          {
            "address": "['rue des Amis 5']",
            "Nom": "Rue des Amis",
            "Métier": "[]",
            "Classification": "???",
            "LigneOriginal": "—• Gliberte, rue des Amis 5.",
            "sheet": "Rue des Amis",
            "year": 1951
          },
          {
            "address": "['rue des Amis 5']",
            "Nom": "Rue des Amis",
            "Métier": "['Veuve']",
            "Classification": "inactif",
            "LigneOriginal": "Meyer-Schildei-Lntz Caroline, Veuve,rue des Amis 5.",
            "sheet": "Rue des Amis",
            "year": 1951
          },
          {
            "address": "['rue des Amis 5']",
            "Nom": "Rue des Amis",
            "Métier": "['vendeuse de journaux']",
            "Classification": "proletaire",
            "LigneOriginal": "Schönmann Ida, vendeuse de journaux,rue des Amis 5.",
            "sheet": "Rue des Amis",
            "year": 1951
          }
        ],
        "merged_count": 4
      }
    },
    {
      "type": "Feature",
      "geometry": {
        "type": "Point",
        "coordinates": [
          46.528591,
          6.631827
        ]
      },
      "properties": {
        "points": [
          {
            "address": "['rue des Crêtes 2']",
            "Nom": "Rue des Crêtes",
            "Métier": "[]",
            "Classification": "???",
            "LigneOriginal": "— Pierre, rue des Crêtes 2.",
            "sheet": "Rue des Crêtes",
            "year": 1951
          },
          {
            "address": "['ch. Boston 7.rue des Crêtes 2']",
            "Nom": "Rue des Crêtes",
            "Métier": "[]",
            "Classification": "???",
            "LigneOriginal": "Anex-Trachsel Germaine, ch. Boston 7.rue des Crêtes 2. T. 4.47.60.",
            "sheet": "Rue des Crêtes",
            "year": 1951
          },
          {
            "address": "['rue des Crêtes 2']",
            "Nom": "Rue des Crêtes",
            "Métier": "['vend']",
            "Classification": "proletaire",
            "LigneOriginal": "— Germaine, vend., rue des Crêtes 2.",
            "sheet": "Rue des Crêtes",
            "year": 1951
          },
          {
            "address": "['rue des Crêtes 2']",
            "Nom": "Rue des Crêtes",
            "Métier": "['chauff. d’auto']",
            "Classification": "proletaire",
            "LigneOriginal": "Clot-Schenk William, chauff. d’auto,rue des Crêtes 2.",
            "sheet": "Rue des Crêtes",
            "year": 1951
          },
          {
            "address": "['rue des Crêtes 2']",
            "Nom": "Rue des Crêtes",
            "Métier": "['ébéniste,']",
            "Classification": "proletaire",
            "LigneOriginal": "— Henri, ébéniste, rue des Crêtes 2.",
            "sheet": "Rue des Crêtes",
            "year": 1951
          },
          {
            "address": "['Va desCrêtes A', 'rue des Crêtes 2']",
            "Nom": "Rue des Crêtes",
            "Métier": "['man. T. L.']",
            "Classification": "proletaire",
            "LigneOriginal": "Mottaz-Baudin Jules, man. T. L., Va desCrêtes A, rue des Crêtes 2.",
            "sheet": "Rue des Crêtes",
            "year": 1951
          },
          {
            "address": "['LesCrêtes A._ rue des Crêtes 2']",
            "Nom": "Rue des Crêtes",
            "Métier": "['Vve']",
            "Classification": "inactif",
            "LigneOriginal": "Ramseier-Mosimann Bertha, Vve, LesCrêtes A._ rue des Crêtes 2.",
            "sheet": "Rue des Crêtes",
            "year": 1951
          }
        ],
        "merged_count": 7
      }
    },
    {
      "type": "Feature",
      "geometry": {
        "type": "Point",
        "coordinates": [
          46.530447,
          6.630783
        ]
      },
      "properties": {
        "points": [
          {
            "address": "['rue des Crêtes 13']",
            "Nom": "Rue des Crêtes",
            "Métier": "[]",
            "Classification": "???",
            "LigneOriginal": "Brunner Adèle, rue des Crêtes 13.",
            "sheet": "Rue des Crêtes",
            "year": 1951
          },
          {
            "address": "['rue des Crêtes 13']",
            "Nom": "Rue des Crêtes",
            "Métier": "['maçon']",
            "Classification": "proletaire",
            "LigneOriginal": "— André, maçon, rue des Crêtes 13.",
            "sheet": "Rue des Crêtes",
            "year": 1951
          },
          {
            "address": "['rue des Crêtes 13']",
            "Nom": "Rue des Crêtes",
            "Métier": "['maçon', 'v. SansSouci']",
            "Classification": "proletaire",
            "LigneOriginal": "Pittet-Brunner Fernand, maçon, v. SansSouci, rue des Crêtes 13.",
            "sheet": "Rue des Crêtes",
            "year": 1951
          }
        ],
        "merged_count": 3
      }
    },
    {
      "type": "Feature",
      "geometry": {
        "type": "Point",
        "coordinates": [
          46.531089,
          6.630235
        ]
      },
      "properties": {
        "points": [
          {
            "address": "['Le Dahra, rue des Crêtes 23. At.et Ap.']",
            "Nom": "Rue des Crêtes",
            "Métier": "['menuisier']",
            "Classification": "proletaire",
            "LigneOriginal": "Chevalley-Ghatelanat Paul, menuisier,Le Dahra, rue des Crêtes 23. At.et Ap. T. 24 46 49.",
            "sheet": "Rue des Crêtes",
            "year": 1951
          },
          {
            "address": "['rue des Crêtes 2.T.']",
            "Nom": "Rue des Crêtes",
            "Métier": "['Vve', 'officed’encaissements']",
            "Classification": "proletaire",
            "LigneOriginal": "Diethelm-Trachsel Louisa, Vve, officed’encaissements, rue des Crêtes 2.T. 24 86 61.",
            "sheet": "Rue des Crêtes",
            "year": 1951
          },
          {
            "address": "['Les Crêtes B. rue des Crêtes']",
            "Nom": "Rue des Crêtes",
            "Métier": "['Vve']",
            "Classification": "inactif",
            "LigneOriginal": "Mäder-Jaccottet Adeline, Vve, Les Crêtes B. rue des Crêtes.",
            "sheet": "Rue des Crêtes",
            "year": 1951
          },
          {
            "address": "['rue des Crêtes']",
            "Nom": "Rue des Crêtes",
            "Métier": "['carreleur.Les Crêtes']",
            "Classification": "proletaire",
            "LigneOriginal": "Ramoiini-V aietta    Remigio, carreleur.Les Crêtes C. rue des Crêtes.",
            "sheet": "Rue des Crêtes",
            "year": 1951
          }
        ],
        "merged_count": 4
      }
    },
    {
      "type": "Feature",
      "geometry": {
        "type": "Point",
        "coordinates": [
          46.528988,
          6.631578
        ]
      },
      "properties": {
        "points": [
          {
            "address": "['rue des Crêtes 8']",
            "Nom": "Rue des Crêtes",
            "Métier": "['infirmier']",
            "Classification": "intermediaire",
            "LigneOriginal": "Debossens-Pantet Edouard, infirmier,rue des Crêtes 8.",
            "sheet": "Rue des Crêtes",
            "year": 1951
          },
          {
            "address": "['rue des Crêtes 8']",
            "Nom": "Rue des Crêtes",
            "Métier": "['cuisin.']",
            "Classification": "proletaire",
            "LigneOriginal": "Planche Clara, cuisin., rue des Crêtes 8.",
            "sheet": "Rue des Crêtes",
            "year": 1951
          }
        ],
        "merged_count": 2
      }
    },
    {
      "type": "Feature",
      "geometry": {
        "type": "Point",
        "coordinates": [
          46.529162,
          6.631098
        ]
      },
      "properties": {
        "points": [
          {
            "address": "['rue des Crêtes 10', 'M.irue Centrale 5']",
            "Nom": "Rue des Crêtes",
            "Métier": "['md grainier,']",
            "Classification": "proletaire",
            "LigneOriginal": "Devand-Vuillemin André, md grainier,rue des Crêtes 10. T. 2-119 96. M.irue Centrale 5. T. 23 80 30.",
            "sheet": "Rue des Crêtes",
            "year": 1951
          },
          {
            "address": "['Dind Pierre', 'rue des Crêtes 6', 'pl. duTunnel 5']",
            "Nom": "Rue des Crêtes",
            "Métier": "['coiffeur']",
            "Classification": "proletaire",
            "LigneOriginal": "Matthey-Doret-Dind Pierre, coiffeur,rue des Crêtes 6. Salon : pl. duTunnel 5. T. 23 43 91.",
            "sheet": "Rue des Crêtes",
            "year": 1951
          }
        ],
        "merged_count": 2
      }
    },
    {
      "type": "Feature",
      "geometry": {
        "type": "Point",
        "coordinates": [
          46.52873,
          6.63172
        ]
      },
      "properties": {
        "points": [
          {
            "address": "['rue des Crêtes 4']",
            "Nom": "Rue des Crêtes",
            "Métier": "[]",
            "Classification": "???",
            "LigneOriginal": "Fragnière Agnès, rue des Crêtes 4.",
            "sheet": "Rue des Crêtes",
            "year": 1951
          },
          {
            "address": "['rue des Crêtes 4']",
            "Nom": "Rue des Crêtes",
            "Métier": "['gypsier', '-peintre,']",
            "Classification": "proletaire",
            "LigneOriginal": "Légeret-Caillet Georges, gypsier-peintre,rue des Crêtes 4. T. 24 10 10.",
            "sheet": "Rue des Crêtes",
            "year": 1951
          },
          {
            "address": "['rue des Crêtes 4']",
            "Nom": "Rue des Crêtes",
            "Métier": "['tanneur', ',Crêtes B']",
            "Classification": "proletaire",
            "LigneOriginal": "Vallelian - Fragnière Victor, tanneur,Crêtes B, rue des Crêtes 4.",
            "sheet": "Rue des Crêtes",
            "year": 1951
          }
        ],
        "merged_count": 3
      }
    },
    {
      "type": "Feature",
      "geometry": {
        "type": "Point",
        "coordinates": [
          46.528948,
          6.631417
        ]
      },
      "properties": {
        "points": [
          {
            "address": "['LesCrêtes B', 'rue des Crêtes. At. av.Béthusy 38bis']",
            "Nom": "Rue des Crêtes",
            "Métier": "['cordonnier']",
            "Classification": "intermediaire",
            "LigneOriginal": "Mäder-Porchet Charles, cordonnier, LesCrêtes B, rue des Crêtes. At. av.Béthusy 38bis.",
            "sheet": "Rue des Crêtes",
            "year": 1951
          }
        ],
        "merged_count": 1
      }
    },
    {
      "type": "Feature",
      "geometry": {
        "type": "Point",
        "coordinates": [
          46.529224,
          6.631485
        ]
      },
      "properties": {
        "points": [
          {
            "address": "[',rue des Crêtes 10']",
            "Nom": "Rue des Crêtes",
            "Métier": "['empi, de bur.']",
            "Classification": "intermediaire",
            "LigneOriginal": "Margairaz-Kohler André, empi, de bur.,rue des Crêtes 10.",
            "sheet": "Rue des Crêtes",
            "year": 1951
          },
          {
            "address": "['rue des Crêtes 10']",
            "Nom": "Rue des Crêtes",
            "Métier": "['vulcanisateur']",
            "Classification": "proletaire",
            "LigneOriginal": "Salzmann-Torche Henri, vulcanisateur,rue des Crêtes 10.",
            "sheet": "Rue des Crêtes",
            "year": 1951
          }
        ],
        "merged_count": 2
      }
    },
    {
      "type": "Feature",
      "geometry": {
        "type": "Point",
        "coordinates": [
          46.528857,
          6.631648
        ]
      },
      "properties": {
        "points": [
          {
            "address": "['rue des Crêtes 6']",
            "Nom": "Rue des Crêtes",
            "Métier": "['menuisier']",
            "Classification": "proletaire",
            "LigneOriginal": "Matthey-Wampfler Armand, menuisier,rue des Crêtes 6.",
            "sheet": "Rue des Crêtes",
            "year": 1951
          },
          {
            "address": "['rue des Crêtes 6']",
            "Nom": "Rue des Crêtes",
            "Métier": "['coiffeur']",
            "Classification": "proletaire",
            "LigneOriginal": "— Gilbert, coiffeur, rue des Crêtes 6.",
            "sheet": "Rue des Crêtes",
            "year": 1951
          }
        ],
        "merged_count": 2
      }
    },
    {
      "type": "Feature",
      "geometry": {
        "type": "Point",
        "coordinates": [
          46.530516,
          6.630756
        ]
      },
      "properties": {
        "points": [
          {
            "address": "['rue des Crêtes 15']",
            "Nom": "Rue des Crêtes",
            "Métier": "['man.']",
            "Classification": "proletaire",
            "LigneOriginal": "— Francis, man., rue des Crêtes 15.",
            "sheet": "Rue des Crêtes",
            "year": 1951
          },
          {
            "address": "['rue des Crêtes 15']",
            "Nom": "Rue des Crêtes",
            "Métier": "['lingère']",
            "Classification": "proletaire",
            "LigneOriginal": "— Odette, lingère, rue des Crêtes 15.",
            "sheet": "Rue des Crêtes",
            "year": 1951
          },
          {
            "address": "['rue des Crêtes 15']",
            "Nom": "Rue des Crêtes",
            "Métier": "[]",
            "Classification": "???",
            "LigneOriginal": "Rumo Emma, rue des Crêtes 15.",
            "sheet": "Rue des Crêtes",
            "year": 1951
          }
        ],
        "merged_count": 3
      }
    },
    {
      "type": "Feature",
      "geometry": {
        "type": "Point",
        "coordinates": [
          46.530478,
          6.630581
        ]
      },
      "properties": {
        "points": [
          {
            "address": "['rue des Crêtes 19']",
            "Nom": "Rue des Crêtes",
            "Métier": "['agricult.. CroixVertes 2']",
            "Classification": "proletaire",
            "LigneOriginal": "Monachon-Beney Jules, agricult.. CroixVertes 2, rue des Crêtes 19.",
            "sheet": "Rue des Crêtes",
            "year": 1951
          }
        ],
        "merged_count": 1
      }
    },
    {
      "type": "Feature",
      "geometry": {
        "type": "Point",
        "coordinates": [
          46.530594,
          6.630635
        ]
      },
      "properties": {
        "points": [
          {
            "address": "['rue des Crêtes 21']",
            "Nom": "Rue des Crêtes",
            "Métier": "[]",
            "Classification": "???",
            "LigneOriginal": "— Jeanne, rue des Crêtes 21.",
            "sheet": "Rue des Crêtes",
            "year": 1951
          },
          {
            "address": "['rue des Crêtes 21']",
            "Nom": "Rue des Crêtes",
            "Métier": "['Vve']",
            "Classification": "inactif",
            "LigneOriginal": "Morel-Cherix Berthe, Vve, rue des Crêtes 21.",
            "sheet": "Rue des Crêtes",
            "year": 1951
          }
        ],
        "merged_count": 2
      }
    },
    {
      "type": "Feature",
      "geometry": {
        "type": "Point",
        "coordinates": [
          46.530387,
          6.631107
        ]
      },
      "properties": {
        "points": [
          {
            "address": "['rue des Crêtes 20']",
            "Nom": "Rue des Crêtes",
            "Métier": "[]",
            "Classification": "???",
            "LigneOriginal": "— Jean, rue des Crêtes 20.",
            "sheet": "Rue des Crêtes",
            "year": 1951
          },
          {
            "address": "['rue des Crêtes 20']",
            "Nom": "Rue des Crêtes",
            "Métier": "['veuve']",
            "Classification": "inactif",
            "LigneOriginal": "Recordon-Zimmerli Marguerite, veuve,rue des Crêtes 20.",
            "sheet": "Rue des Crêtes",
            "year": 1951
          },
          {
            "address": "[',rue des Crêtes 20']",
            "Nom": "Rue des Crêtes",
            "Métier": "['emp. comm']",
            "Classification": "proletaire",
            "LigneOriginal": "Thomet-Graf Maria-Anna, emp. comm.,rue des Crêtes 20.",
            "sheet": "Rue des Crêtes",
            "year": 1951
          }
        ],
        "merged_count": 3
      }
    },
    {
      "type": "Feature",
      "geometry": {
        "type": "Point",
        "coordinates": [
          46.530495,
          6.630661
        ]
      },
      "properties": {
        "points": [
          {
            "address": "['rue des Crêtes 17']",
            "Nom": "Rue des Crêtes",
            "Métier": "[]",
            "Classification": "???",
            "LigneOriginal": "Ypjpn Julia, rue des Crêtes 17.",
            "sheet": "Rue des Crêtes",
            "year": 1951
          }
        ],
        "merged_count": 1
      }
    },
    {
      "type": "Feature",
      "geometry": {
        "type": "Point",
        "coordinates": [
          46.529881,
          6.630621
        ]
      },
      "properties": {
        "points": [
          {
            "address": "['rue des Jardins 10']",
            "Nom": "Rue des Jardins",
            "Métier": "['journalier']",
            "Classification": "proletaire",
            "LigneOriginal": "Andrey-Regamey Raymond, journalier,rue des Jardins 10.",
            "sheet": "Rue des Jardins",
            "year": 1951
          },
          {
            "address": "['rue des Jardins 10']",
            "Nom": "Rue des Jardins",
            "Métier": "[]",
            "Classification": "???",
            "LigneOriginal": "Lyon-Dulour Madeleine, rue des Jardins 10.",
            "sheet": "Rue des Jardins",
            "year": 1951
          },
          {
            "address": "['rue des Jardins 10']",
            "Nom": "Rue des Jardins",
            "Métier": "['man.']",
            "Classification": "proletaire",
            "LigneOriginal": "—• René. man., rue des Jardins 10.",
            "sheet": "Rue des Jardins",
            "year": 1951
          },
          {
            "address": "['rue des Jardins 10']",
            "Nom": "Rue des Jardins",
            "Métier": "['man']",
            "Classification": "proletaire",
            "LigneOriginal": "Ozelley-Schild Jules, man., rue des Jardins 10.",
            "sheet": "Rue des Jardins",
            "year": 1951
          },
          {
            "address": "['rue des Jardins 10']",
            "Nom": "Rue des Jardins",
            "Métier": "[]",
            "Classification": "???",
            "LigneOriginal": "— Renée, rue des Jardins 10.",
            "sheet": "Rue des Jardins",
            "year": 1951
          }
        ],
        "merged_count": 5
      }
    },
    {
      "type": "Feature",
      "geometry": {
        "type": "Point",
        "coordinates": [
          46.530412,
          6.630392
        ]
      },
      "properties": {
        "points": [
          {
            "address": "['rue des Jardins 20']",
            "Nom": "Rue des Jardins",
            "Métier": "['_ cuisin.']",
            "Classification": "proletaire",
            "LigneOriginal": "— Maria,_ cuisin., rue des Jardins 20.",
            "sheet": "Rue des Jardins",
            "year": 1951
          },
          {
            "address": "['rue des Jardins 20']",
            "Nom": "Rue des Jardins",
            "Métier": "['manœuvre']",
            "Classification": "proletaire",
            "LigneOriginal": "Laurent-Freymond Louis, manœuvre,rue des Jardins 20.",
            "sheet": "Rue des Jardins",
            "year": 1951
          },
          {
            "address": "[',rue des Jardins 20']",
            "Nom": "Rue des Jardins",
            "Métier": "['chaudronn', '. art']",
            "Classification": "proletaire",
            "LigneOriginal": "Moret-Meier Robert, chaudronn. art.,rue des Jardins 20.",
            "sheet": "Rue des Jardins",
            "year": 1951
          },
          {
            "address": "['rue des Jardins 20']",
            "Nom": "Rue des Jardins",
            "Métier": "['cuisinière']",
            "Classification": "proletaire",
            "LigneOriginal": "Vicich-Dnnand Marguerite, cuisinière,rue des Jardins 20.",
            "sheet": "Rue des Jardins",
            "year": 1951
          }
        ],
        "merged_count": 4
      }
    },
    {
      "type": "Feature",
      "geometry": {
        "type": "Point",
        "coordinates": [
          46.530173,
          6.630259
        ]
      },
      "properties": {
        "points": [
          {
            "address": "['rue des Jardins 9']",
            "Nom": "Rue des Jardins",
            "Métier": "['vendeuse']",
            "Classification": "proletaire",
            "LigneOriginal": "— Lina, vendeuse, rue des Jardins 9.",
            "sheet": "Rue des Jardins",
            "year": 1951
          },
          {
            "address": "['rue des Jardins 9']",
            "Nom": "Rue des Jardins",
            "Métier": "[]",
            "Classification": "???",
            "LigneOriginal": "— Joséphine, rue des Jardins 9.",
            "sheet": "Rue des Jardins",
            "year": 1951
          }
        ],
        "merged_count": 2
      }
    },
    {
      "type": "Feature",
      "geometry": {
        "type": "Point",
        "coordinates": [
          46.530645,
          6.629894
        ]
      },
      "properties": {
        "points": [
          {
            "address": "['rue des Jardins 30']",
            "Nom": "Rue des Jardins",
            "Métier": "['sommelière']",
            "Classification": "intermediaire",
            "LigneOriginal": "Buset Amalfi, sommelière. rue des Jardins 30.",
            "sheet": "Rue des Jardins",
            "year": 1951
          },
          {
            "address": "['rue des Jardins 8']",
            "Nom": "Rue des Jardins",
            "Métier": "['chauff. camion']",
            "Classification": "proletaire",
            "LigneOriginal": "Castella-Fillettaz Paul, chauff. camion,rue des Jardins 8.",
            "sheet": "Rue des Jardins",
            "year": 1951
          },
          {
            "address": "['irue des Jardins 30']",
            "Nom": "Rue des Jardins",
            "Métier": "['argenteur']",
            "Classification": "intermediaire",
            "LigneOriginal": "Diliberto-Scibona Domenico, argenteur,irue des Jardins 30",
            "sheet": "Rue des Jardins",
            "year": 1951
          },
          {
            "address": "['rue des Jardins 8']",
            "Nom": "Rue des Jardins",
            "Métier": "['man.']",
            "Classification": "proletaire",
            "LigneOriginal": "— César, man., rue des Jardins 8.",
            "sheet": "Rue des Jardins",
            "year": 1951
          }
        ],
        "merged_count": 4
      }
    },
    {
      "type": "Feature",
      "geometry": {
        "type": "Point",
        "coordinates": [
          46.52979,
          6.630537
        ]
      },
      "properties": {
        "points": [
          {
            "address": "['rue des Jardins 32']",
            "Nom": "Rue des Jardins",
            "Métier": "[]",
            "Classification": "???",
            "LigneOriginal": "Cantoni Albert, rue des Jardins 32.",
            "sheet": "Rue des Jardins",
            "year": 1951
          },
          {
            "address": "['rue des Jardins 32']",
            "Nom": "Rue des Jardins",
            "Métier": "[]",
            "Classification": "???",
            "LigneOriginal": "— Elise, rue des Jardins 32.",
            "sheet": "Rue des Jardins",
            "year": 1951
          },
          {
            "address": "['rue des Jardins 6']",
            "Nom": "Rue des Jardins",
            "Métier": "['négociant']",
            "Classification": "proletaire",
            "LigneOriginal": "Hostettler-Dogny Eugène, négociant,rue des Jardins 6. T. 24 03 49.",
            "sheet": "Rue des Jardins",
            "year": 1951
          },
          {
            "address": "['électricien.rue des Jardins 3']",
            "Nom": "Rue des Jardins",
            "Métier": "[]",
            "Classification": "???",
            "LigneOriginal": "Maumary-Jaggi    Camille,    électricien.rue des Jardins 3.",
            "sheet": "Rue des Jardins",
            "year": 1951
          },
          {
            "address": "['rue des Jardins 32']",
            "Nom": "Rue des Jardins",
            "Métier": "['man.']",
            "Classification": "proletaire",
            "LigneOriginal": "— Marcel, man., rue des Jardins 32.",
            "sheet": "Rue des Jardins",
            "year": 1951
          },
          {
            "address": "['rue des Jardins 6']",
            "Nom": "Rue des Jardins",
            "Métier": "[\"empi, d'imprimerie\"]",
            "Classification": "proletaire",
            "LigneOriginal": "Richard-Wyss Georges, empi, d'imprimerie. rue des Jardins 6.",
            "sheet": "Rue des Jardins",
            "year": 1951
          }
        ],
        "merged_count": 6
      }
    },
    {
      "type": "Feature",
      "geometry": {
        "type": "Point",
        "coordinates": [
          46.530701,
          6.630253
        ]
      },
      "properties": {
        "points": [
          {
            "address": "['rue des Jardins 24']",
            "Nom": "Rue des Jardins",
            "Métier": "[]",
            "Classification": "???",
            "LigneOriginal": "Henny-Schopfer Louise, rue des Jardins 24.",
            "sheet": "Rue des Jardins",
            "year": 1951
          },
          {
            "address": "['rue des Jardins 24']",
            "Nom": "Rue des Jardins",
            "Métier": "[]",
            "Classification": "???",
            "LigneOriginal": "Marmet-Hnmherset Ellen, rue des Jardins 24.",
            "sheet": "Rue des Jardins",
            "year": 1951
          }
        ],
        "merged_count": 2
      }
    },
    {
      "type": "Feature",
      "geometry": {
        "type": "Point",
        "coordinates": [
          46.530519,
          6.630277
        ]
      },
      "properties": {
        "points": [
          {
            "address": "['rue des Jardins 22']",
            "Nom": "Rue des Jardins",
            "Métier": "['mécanicien CFF,']",
            "Classification": "intermediaire",
            "LigneOriginal": "Nottaris-Clavel Jean, mécanicien CFF,rue des Jardins 22. T 24 76 83.",
            "sheet": "Rue des Jardins",
            "year": 1951
          }
        ],
        "merged_count": 1
      }
    },
    {
      "type": "Feature",
      "geometry": {
        "type": "Point",
        "coordinates": [
          46.530321,
          6.630552
        ]
      },
      "properties": {
        "points": [
          {
            "address": "['rue des Jardins 18']",
            "Nom": "Rue des Jardins",
            "Métier": "['chauffeur']",
            "Classification": "proletaire",
            "LigneOriginal": "Rotzetter-Arpagaus Joseph, chauffeur,rue des Jardins 18.",
            "sheet": "Rue des Jardins",
            "year": 1951
          }
        ],
        "merged_count": 1
      }
    },
    {
      "type": "Feature",
      "geometry": {
        "type": "Point",
        "coordinates": [
          46.530257,
          6.630585
        ]
      },
      "properties": {
        "points": [
          {
            "address": "['rue des Jardins 16']",
            "Nom": "Rue des Jardins",
            "Métier": "['gypsier', '-peintre,']",
            "Classification": "proletaire",
            "LigneOriginal": "Ruga-Regamey Arthur, gypsier-peintre,rue des Jardins 16. T. 21 63 94.",
            "sheet": "Rue des Jardins",
            "year": 1951
          }
        ],
        "merged_count": 1
      }
    },
    {
      "type": "Feature",
      "geometry": {
        "type": "Point",
        "coordinates": [
          46.528433,
          6.631607
        ]
      },
      "properties": {
        "points": [
          {
            "address": "['rue des Oliviers 1']",
            "Nom": "Rue des Oliviers",
            "Métier": "['cuisinière']",
            "Classification": "proletaire",
            "LigneOriginal": "Boucharie-Schlegel Berthe, cuisinière,rue des Oliviers 1.",
            "sheet": "Rue des Oliviers",
            "year": 1951
          }
        ],
        "merged_count": 1
      }
    },
    {
      "type": "Feature",
      "geometry": {
        "type": "Point",
        "coordinates": [
          46.52825,
          6.631723
        ]
      },
      "properties": {
        "points": [
          {
            "address": "['rue des Oliviers 5']",
            "Nom": "Rue des Oliviers",
            "Métier": "['nun']",
            "Classification": "???",
            "LigneOriginal": "Buiard Emile, nun., rue des Oliviers 5.",
            "sheet": "Rue des Oliviers",
            "year": 1951
          },
          {
            "address": "['rue des Oliviers 5']",
            "Nom": "Rue des Oliviers",
            "Métier": "[]",
            "Classification": "???",
            "LigneOriginal": "Peterhans-Schläfli Anna, rue des Oliviers 5.",
            "sheet": "Rue des Oliviers",
            "year": 1951
          }
        ],
        "merged_count": 2
      }
    },
    {
      "type": "Feature",
      "geometry": {
        "type": "Point",
        "coordinates": [
          46.528004,
          6.631683
        ]
      },
      "properties": {
        "points": [
          {
            "address": "['rue des Oliviers 4']",
            "Nom": "Rue des Oliviers",
            "Métier": "['man.']",
            "Classification": "proletaire",
            "LigneOriginal": "— Marcel, man., rue des Oliviers 4.",
            "sheet": "Rue des Oliviers",
            "year": 1951
          },
          {
            "address": "['rue des Oliviers 8']",
            "Nom": "Rue des Oliviers",
            "Métier": "['manœuvre']",
            "Classification": "proletaire",
            "LigneOriginal": "Isoz-Maquelin Alphonse, manœuvre,rue des Oliviers 8.",
            "sheet": "Rue des Oliviers",
            "year": 1951
          },
          {
            "address": "['rue des Oliviers 4']",
            "Nom": "Rue des Oliviers",
            "Métier": "['Vve', 'march,d’œufs']",
            "Classification": "proletaire",
            "LigneOriginal": "Maillard-Borcard Emma, Vve, march,d’œufs, rue des Oliviers 4.",
            "sheet": "Rue des Oliviers",
            "year": 1951
          },
          {
            "address": "['rue des Oliviers 2']",
            "Nom": "Rue des Oliviers",
            "Métier": "['magasinier']",
            "Classification": "proletaire",
            "LigneOriginal": "Richard Albert, magasinier, rue des Oliviers 2.",
            "sheet": "Rue des Oliviers",
            "year": 1951
          },
          {
            "address": "['rue des Oliviers 8']",
            "Nom": "Rue des Oliviers",
            "Métier": "[]",
            "Classification": "???",
            "LigneOriginal": "— Antoinette, rue des Oliviers 8.",
            "sheet": "Rue des Oliviers",
            "year": 1951
          },
          {
            "address": "['rue des Oliviers 8']",
            "Nom": "Rue des Oliviers",
            "Métier": "['ferblantier']",
            "Classification": "proletaire",
            "LigneOriginal": "— Raymond, ferblantier, rue des Oliviers 8.",
            "sheet": "Rue des Oliviers",
            "year": 1951
          },
          {
            "address": "['commerçantrue des Oliviers 4']",
            "Nom": "Rue des Oliviers",
            "Métier": "[]",
            "Classification": "???",
            "LigneOriginal": "Saussaz-Vidal Georges, commerçantrue des Oliviers 4.",
            "sheet": "Rue des Oliviers",
            "year": 1951
          },
          {
            "address": "['rue des Oliviers 2']",
            "Nom": "Rue des Oliviers",
            "Métier": "['menuisier']",
            "Classification": "proletaire",
            "LigneOriginal": "Vulliemin-Vnlliens Victor, menuisier,rue des Oliviers 2.",
            "sheet": "Rue des Oliviers",
            "year": 1951
          },
          {
            "address": "['rue des Oliviers 2']",
            "Nom": "Rue des Oliviers",
            "Métier": "['sténo']",
            "Classification": "proletaire",
            "LigneOriginal": "— Annette, sténo, rue des Oliviers 2.",
            "sheet": "Rue des Oliviers",
            "year": 1951
          },
          {
            "address": "['rue des Oliviers 4']",
            "Nom": "Rue des Oliviers",
            "Métier": "['ouvr. de ville,retr']",
            "Classification": "proletaire",
            "LigneOriginal": "Zwahlen-Moser Henri, ouvr. de ville,retr., rue des Oliviers 4.",
            "sheet": "Rue des Oliviers",
            "year": 1951
          }
        ],
        "merged_count": 10
      }
    },
    {
      "type": "Feature",
      "geometry": {
        "type": "Point",
        "coordinates": [
          46.528102,
          6.631563
        ]
      },
      "properties": {
        "points": [
          {
            "address": "[',rue des Oliviers 6']",
            "Nom": "Rue des Oliviers",
            "Métier": "['ouvr. de fabr']",
            "Classification": "proletaire",
            "LigneOriginal": "Kappeler-Fivaz Samuel, ouvr. de fabr.,rue des Oliviers 6.",
            "sheet": "Rue des Oliviers",
            "year": 1951
          }
        ],
        "merged_count": 1
      }
    },
    {
      "type": "Feature",
      "geometry": {
        "type": "Point",
        "coordinates": [
          46.528104,
          6.631783
        ]
      },
      "properties": {
        "points": [
          {
            "address": "['rue des Oliviers 7']",
            "Nom": "Rue des Oliviers",
            "Métier": "['man.']",
            "Classification": "proletaire",
            "LigneOriginal": "— Jules, man., rue des Oliviers 7.",
            "sheet": "Rue des Oliviers",
            "year": 1951
          }
        ],
        "merged_count": 1
      }
    },
    {
      "type": "Feature",
      "geometry": {
        "type": "Point",
        "coordinates": [
          46.524195,
          6.631793
        ]
      },
      "properties": {
        "points": [
          {
            "address": "['rue du Valentin 52']",
            "Nom": "Rue du Valentin",
            "Métier": "[]",
            "Classification": "???",
            "LigneOriginal": "— Frida, rue du Valentin 52.",
            "sheet": "Rue du Valentin",
            "year": 1951
          },
          {
            "address": "['rue du Valentin 52']",
            "Nom": "Rue du Valentin",
            "Métier": "[]",
            "Classification": "???",
            "LigneOriginal": "— Germaine, rue du Valentin 52.",
            "sheet": "Rue du Valentin",
            "year": 1951
          },
          {
            "address": "['rue du Valentin 16.T.']",
            "Nom": "Rue du Valentin",
            "Métier": "['inspect. Direct,des Postes']",
            "Classification": "intermediaire",
            "LigneOriginal": "Chesaux-Saucy Alfred, inspect. Direct,des Postes, rue du Valentin 16.T. 23 42 35.",
            "sheet": "Rue du Valentin",
            "year": 1951
          },
          {
            "address": "['rue du Valentin 52']",
            "Nom": "Rue du Valentin",
            "Métier": "[]",
            "Classification": "???",
            "LigneOriginal": "— Alice, rue du Valentin 52.",
            "sheet": "Rue du Valentin",
            "year": 1951
          },
          {
            "address": "['rue du Valentin 14.T.']",
            "Nom": "Rue du Valentin",
            "Métier": "['adm. Impi.Caroline S.A']",
            "Classification": "intermediaire",
            "LigneOriginal": "Pizzoglio-Melchior Edmond, adm. Impi.Caroline S.A.. rue du Valentin 14.T. 22 62 20",
            "sheet": "Rue du Valentin",
            "year": 1951
          },
          {
            "address": "['rue du Valentin 48']",
            "Nom": "Rue du Valentin",
            "Métier": "[]",
            "Classification": "???",
            "LigneOriginal": "Schneider Adèle, rue du Valentin 48",
            "sheet": "Rue du Valentin",
            "year": 1951
          }
        ],
        "merged_count": 6
      }
    },
    {
      "type": "Feature",
      "geometry": {
        "type": "Point",
        "coordinates": [
          46.52496,
          6.631195
        ]
      },
      "properties": {
        "points": [
          {
            "address": "['rue du Valentin 20']",
            "Nom": "Rue du Valentin",
            "Métier": "['gouvernante']",
            "Classification": "intermediaire",
            "LigneOriginal": "— Denise, gouvernante, rue du Valentin 20.",
            "sheet": "Rue du Valentin",
            "year": 1951
          },
          {
            "address": "['rue du Valentin 20']",
            "Nom": "Rue du Valentin",
            "Métier": "[]",
            "Classification": "???",
            "LigneOriginal": "BBgli Albine, rue du Valentin 20.",
            "sheet": "Rue du Valentin",
            "year": 1951
          }
        ],
        "merged_count": 2
      }
    },
    {
      "type": "Feature",
      "geometry": {
        "type": "Point",
        "coordinates": [
          46.52386,
          6.631596
        ]
      },
      "properties": {
        "points": [
          {
            "address": "['rue du Valentin 15']",
            "Nom": "Rue du Valentin",
            "Métier": "['employé, postal']",
            "Classification": "intermediaire",
            "LigneOriginal": "Blanc-Michaud Robert, employé, postal,rue du Valentin 15. T. 22 25 95.",
            "sheet": "Rue du Valentin",
            "year": 1951
          },
          {
            "address": "['rue du Valentin 15']",
            "Nom": "Rue du Valentin",
            "Métier": "['dame de réception']",
            "Classification": "proletaire",
            "LigneOriginal": "Lavanchy-Martin Angèle, dame de réception. rue du Valentin 15.",
            "sheet": "Rue du Valentin",
            "year": 1951
          }
        ],
        "merged_count": 2
      }
    },
    {
      "type": "Feature",
      "geometry": {
        "type": "Point",
        "coordinates": [
          46.524784,
          6.63122
        ]
      },
      "properties": {
        "points": [
          {
            "address": "['rue du Valentin 18']",
            "Nom": "Rue du Valentin",
            "Métier": "['manœuvre']",
            "Classification": "proletaire",
            "LigneOriginal": "Blatt Marcel, manœuvre, rue du Valentin 18",
            "sheet": "Rue du Valentin",
            "year": 1951
          },
          {
            "address": "[',rue du Valentin 18']",
            "Nom": "Rue du Valentin",
            "Métier": "['empi, bur.']",
            "Classification": "intermediaire",
            "LigneOriginal": "Schreiner-Blanc Rodolphe, empi, bur.,rue du Valentin 18.",
            "sheet": "Rue du Valentin",
            "year": 1951
          }
        ],
        "merged_count": 2
      }
    },
    {
      "type": "Feature",
      "geometry": {
        "type": "Point",
        "coordinates": [
          46.525724,
          6.630982
        ]
      },
      "properties": {
        "points": [
          {
            "address": "['rue du Valentin 43']",
            "Nom": "Rue du Valentin",
            "Métier": "[]",
            "Classification": "???",
            "LigneOriginal": "Croisier & Remise, tabacs, rue du Valentin 43.",
            "sheet": "Rue du Valentin",
            "year": 1951
          }
        ],
        "merged_count": 1
      }
    },
    {
      "type": "Feature",
      "geometry": {
        "type": "Point",
        "coordinates": [
          46.527606,
          6.631425
        ]
      },
      "properties": {
        "points": [
          {
            "address": "['rue du Valentin 60']",
            "Nom": "Rue du Valentin",
            "Métier": "['typo']",
            "Classification": "intermediaire",
            "LigneOriginal": "Giller-Bozzetti Arnold, typo, rue du Valentin 60.",
            "sheet": "Rue du Valentin",
            "year": 1951
          },
          {
            "address": "['rue du Valentin 60']",
            "Nom": "Rue du Valentin",
            "Métier": "['Vve']",
            "Classification": "inactif",
            "LigneOriginal": "Muller-Gringet Hélène, Vve, rue du Valentin 60. T. 24 11 96.",
            "sheet": "Rue du Valentin",
            "year": 1951
          }
        ],
        "merged_count": 2
      }
    },
    {
      "type": "Feature",
      "geometry": {
        "type": "Point",
        "coordinates": [
          46.524377,
          6.631437
        ]
      },
      "properties": {
        "points": [
          {
            "address": "['rue du Valentin 21']",
            "Nom": "Rue du Valentin",
            "Métier": "['magasinier']",
            "Classification": "proletaire",
            "LigneOriginal": "Marguet-Hertach Georges, magasinier,rue du Valentin 21.",
            "sheet": "Rue du Valentin",
            "year": 1951
          }
        ],
        "merged_count": 1
      }
    },
    {
      "type": "Feature",
      "geometry": {
        "type": "Point",
        "coordinates": [
          46.527216,
          6.63128
        ]
      },
      "properties": {
        "points": [
          {
            "address": "['rue du Valentin 36']",
            "Nom": "Rue du Valentin",
            "Métier": "['Vve']",
            "Classification": "inactif",
            "LigneOriginal": "Morsetti-Blanc Louise, Vve, rue du Valentin 36.",
            "sheet": "Rue du Valentin",
            "year": 1951
          }
        ],
        "merged_count": 1
      }
    },
    {
      "type": "Feature",
      "geometry": {
        "type": "Point",
        "coordinates": [
          46.524242,
          6.631637
        ]
      },
      "properties": {
        "points": [
          {
            "address": "['rue du Valentin 19']",
            "Nom": "Rue du Valentin",
            "Métier": "[]",
            "Classification": "???",
            "LigneOriginal": "— Yvonne, rue du Valentin 19.",
            "sheet": "Rue du Valentin",
            "year": 1951
          }
        ],
        "merged_count": 1
      }
    },
    {
      "type": "Feature",
      "geometry": {
        "type": "Point",
        "coordinates": [
          46.525112,
          6.631198
        ]
      },
      "properties": {
        "points": [
          {
            "address": "['rue du Valentin 22']",
            "Nom": "Rue du Valentin",
            "Métier": "['boulanger']",
            "Classification": "proletaire",
            "LigneOriginal": "Wasser Georges, boulanger, rue du Valentin 22.",
            "sheet": "Rue du Valentin",
            "year": 1951
          }
        ],
        "merged_count": 1
      }
    }
  ]
}