{
  "type": "FeatureCollection",
  "features": [
    {
      "type": "Feature",
      "geometry": {
        "type": "Point",
        "coordinates": [
          46.528148,
          6.628948
        ]
      },
      "properties": {
        "points": [
          {
            "address": "['avenue Belles Roches, 7', 'Bureau GrandPont, 12']",
            "Nom": "Avenue Belles Roches",
            "Métier": "['banquier']",
            "Classification": "élevé",
            "LigneOriginal": "Lanz-Knaus,Théodore, banquier, avenue Belles Roches, 7. Bureau GrandPont, 12. T. 576.",
            "sheet": "Avenue Belles Roches",
            "year": 1901
          },
          {
            "address": "['les Belles Roches']",
            "Nom": "Belles Roches",
            "Métier": "['agriculteur']",
            "Classification": "proletaire",
            "LigneOriginal": "— Victor, agriculteur, les Belles Roches",
            "sheet": "Belles Roches",
            "year": 1901
          },
          {
            "address": "['Belles Roches, G.']",
            "Nom": "Belles Roches",
            "Métier": "['étudiant']",
            "Classification": "inactif",
            "LigneOriginal": "Gilliard, Etlmond-Adrien, étudiant, Belles Roches, G.",
            "sheet": "Belles Roches",
            "year": 1901
          },
          {
            "address": "['Belles Roches, I.']",
            "Nom": "Belles Roches",
            "Métier": "['domestique,']",
            "Classification": "proletaire",
            "LigneOriginal": "— Marie, domestique, Belles Roches, I.",
            "sheet": "Belles Roches",
            "year": 1901
          },
          {
            "address": "['Les Belles Roches.']",
            "Nom": "Belles Roches",
            "Métier": "[]",
            "Classification": "???",
            "LigneOriginal": "— Clémence, institute., Les Belles Roches.",
            "sheet": "Belles Roches",
            "year": 1901
          },
          {
            "address": "['Les Belles Roches.']",
            "Nom": "Belles Roches",
            "Métier": "['agriculteur']",
            "Classification": "proletaire",
            "LigneOriginal": "— Paul, agriculteur, Les Belles Roches.",
            "sheet": "Belles Roches",
            "year": 1901
          },
          {
            "address": "['Les BellesRoches. T. 721']",
            "Nom": "Belles Roches",
            "Métier": "['éditeur,']",
            "Classification": "intermediaire",
            "LigneOriginal": "Imer-Cuno, Arthur, éditeur, Les BellesRoches. T. 721.",
            "sheet": "Belles Roches",
            "year": 1901
          },
          {
            "address": "['Belles Roches.']",
            "Nom": "Belles Roches",
            "Métier": "['rentière']",
            "Classification": "inactif",
            "LigneOriginal": "Lecoultre-Chatelanat, Marie, rentière,Belles Roches.",
            "sheet": "Belles Roches",
            "year": 1901
          },
          {
            "address": "['Les BellesRoches.']",
            "Nom": "Belles Roches",
            "Métier": "['institutrice']",
            "Classification": "élevé",
            "LigneOriginal": "Paillard, Blanche, institutrice, Les BellesRoches.",
            "sheet": "Belles Roches",
            "year": 1901
          },
          {
            "address": "['Belles-Roches, G.']",
            "Nom": "Belles-Roches",
            "Métier": "['étudiant']",
            "Classification": "inactif",
            "LigneOriginal": "von Blœdan, Carl-Auguste, étudiant,Belles-Roches, G.",
            "sheet": "Belles-Roches",
            "year": 1901
          },
          {
            "address": "['av. Belles-Roclies, I.']",
            "Nom": "Belles-Roches",
            "Métier": "['étudiant,']",
            "Classification": "inactif",
            "LigneOriginal": "— Max, étudiant, av. Belles-Roclies, I.",
            "sheet": "Belles-Roches",
            "year": 1901
          }
        ],
        "merged_count": 11
      }
    },
    {
      "type": "Feature",
      "geometry": {
        "type": "Point",
        "coordinates": [
          46.526946,
          6.630252
        ]
      },
      "properties": {
        "points": [
          {
            "address": "['Côte-Fleurie, avenueDavel']",
            "Nom": "Avenue Davel",
            "Métier": "['domestique,']",
            "Classification": "proletaire",
            "LigneOriginal": "— Lina, domestique, Côte-Fleurie, avenueDavel.",
            "sheet": "Avenue Davel",
            "year": 1901
          },
          {
            "address": "['avenue Davel, 2']",
            "Nom": "Avenue Davel",
            "Métier": "['ancien pasteur']",
            "Classification": "inactif",
            "LigneOriginal": "Chatelanat-Mercier, Charles-Louis,ancien pasteur, avenue Davel, 2.",
            "sheet": "Avenue Davel",
            "year": 1901
          },
          {
            "address": "['avenue Davel, 4']",
            "Nom": "Avenue Davel",
            "Métier": "[]",
            "Classification": "???",
            "LigneOriginal": "de Crousaz-Joël, Julie-Henriette, avenue Davel, 4.",
            "sheet": "Avenue Davel",
            "year": 1901
          },
          {
            "address": "['Còle Eleurie, avenue Davel']",
            "Nom": "Avenue Davel",
            "Métier": "['propriétaire,']",
            "Classification": "inactif",
            "LigneOriginal": "Du Mont-Barbier, Aloys, propriétaire,Còle Eleurie, avenue Davel.",
            "sheet": "Avenue Davel",
            "year": 1901
          },
          {
            "address": "['avenue Davel, 2ü']",
            "Nom": "Avenue Davel",
            "Métier": "[]",
            "Classification": "???",
            "LigneOriginal": "Eicher, Elise, doni., avenue Davel, 2ü.",
            "sheet": "Avenue Davel",
            "year": 1901
          },
          {
            "address": "['avenue Davel, 2']",
            "Nom": "Avenue Davel",
            "Métier": "['rentière']",
            "Classification": "inactif",
            "LigneOriginal": "— Julie, rentière, avenue Davel, 2.",
            "sheet": "Avenue Davel",
            "year": 1901
          },
          {
            "address": "['avenue Davel, 10']",
            "Nom": "Avenue Davel",
            "Métier": "['domestique,']",
            "Classification": "proletaire",
            "LigneOriginal": "— Léonie, domestique, avenue Davel, 10.",
            "sheet": "Avenue Davel",
            "year": 1901
          },
          {
            "address": "['Terreaux,', 'avenue Davel']",
            "Nom": "Avenue Davel",
            "Métier": "['architecte']",
            "Classification": "élevé",
            "LigneOriginal": "Meyer-Raach, Henri, architecte, Terreaux, 22.1 Bureau avenue Davel.",
            "sheet": "Avenue Davel",
            "year": 1901
          },
          {
            "address": "['avenue Davel, 10']",
            "Nom": "Avenue Davel",
            "Métier": "[]",
            "Classification": "???",
            "LigneOriginal": "Rautenberg, Dora, avenue Davel, 10.",
            "sheet": "Avenue Davel",
            "year": 1901
          },
          {
            "address": "['avenue Davel. R. T. 98']",
            "Nom": "Avenue Davel",
            "Métier": "['architecte']",
            "Classification": "élevé",
            "LigneOriginal": "Regamey-Bonnard, Jaques, architecte,avenue Davel. R. T. 98.",
            "sheet": "Avenue Davel",
            "year": 1901
          },
          {
            "address": "['avenue Davel, 2']",
            "Nom": "Avenue Davel",
            "Métier": "['cuisinière']",
            "Classification": "proletaire",
            "LigneOriginal": "— Marie, cuisinière, avenue Davel, 2.",
            "sheet": "Avenue Davel",
            "year": 1901
          },
          {
            "address": "['avenue Davel, 4']",
            "Nom": "Avenue Davel",
            "Métier": "['cuisinière']",
            "Classification": "proletaire",
            "LigneOriginal": "— Lydie, cuisinière, avenue Davel, 4.",
            "sheet": "Avenue Davel",
            "year": 1901
          }
        ],
        "merged_count": 12
      }
    },
    {
      "type": "Feature",
      "geometry": {
        "type": "Point",
        "coordinates": [
          46.526758,
          6.630235
        ]
      },
      "properties": {
        "points": [
          {
            "address": "['avenue Davel, 3']",
            "Nom": "Avenue Davel",
            "Métier": "[]",
            "Classification": "???",
            "LigneOriginal": "— Emma, avenue Davel, 3.",
            "sheet": "Avenue Davel",
            "year": 1901
          },
          {
            "address": "['avenue Davel, 3']",
            "Nom": "Avenue Davel",
            "Métier": "[]",
            "Classification": "???",
            "LigneOriginal": "— Henriette, avenue Davel, 3.",
            "sheet": "Avenue Davel",
            "year": 1901
          },
          {
            "address": "['avenue Davel, 3']",
            "Nom": "Avenue Davel",
            "Métier": "[]",
            "Classification": "???",
            "LigneOriginal": "Brunner-Duperrex, Henri, professeur,avenue Davel, 3. T. 451.",
            "sheet": "Avenue Davel",
            "year": 1901
          },
          {
            "address": "['avenue Davel, 3']",
            "Nom": "Avenue Davel",
            "Métier": "['domestique,']",
            "Classification": "proletaire",
            "LigneOriginal": "— Lina, domestique, avenue Davel, 3.",
            "sheet": "Avenue Davel",
            "year": 1901
          },
          {
            "address": "['avenue Davel, 3']",
            "Nom": "Avenue Davel",
            "Métier": "[]",
            "Classification": "???",
            "LigneOriginal": "Duperrex - Golay, Jules, professeur,avenue Davel, 3.",
            "sheet": "Avenue Davel",
            "year": 1901
          }
        ],
        "merged_count": 5
      }
    },
    {
      "type": "Feature",
      "geometry": {
        "type": "Point",
        "coordinates": [
          46.526912,
          6.629943
        ]
      },
      "properties": {
        "points": [
          {
            "address": "['avenue Davel, 5']",
            "Nom": "Avenue Davel",
            "Métier": "['étudiant,']",
            "Classification": "inactif",
            "LigneOriginal": "Favrod-Coune, Charles, étudiant, avenue Davel, 5.",
            "sheet": "Avenue Davel",
            "year": 1901
          }
        ],
        "merged_count": 1
      }
    },
    {
      "type": "Feature",
      "geometry": {
        "type": "Point",
        "coordinates": [
          46.527192,
          6.629381
        ]
      },
      "properties": {
        "points": [
          {
            "address": "['avenue Davel, 5.T.', 'Grand St-Jean, 9']",
            "Nom": "Avenue Davel",
            "Métier": "['pasteur(Mission intérieure']",
            "Classification": "intermediaire",
            "LigneOriginal": "Périllard - Jaccard , Alfred , pasteur(Mission intérieure), avenue Davel, 5.T. 1282. Bureau Grand St-Jean, 9.",
            "sheet": "Avenue Davel",
            "year": 1901
          }
        ],
        "merged_count": 1
      }
    },
    {
      "type": "Feature",
      "geometry": {
        "type": "Point",
        "coordinates": [
          46.527727,
          6.628695
        ]
      },
      "properties": {
        "points": [
          {
            "address": "['avenue Davel, 25']",
            "Nom": "Avenue Davel",
            "Métier": "['commis postal']",
            "Classification": "proletaire",
            "LigneOriginal": "Staub-Estoppey, Jules, commis postal,avenue Davel, 25.",
            "sheet": "Avenue Davel",
            "year": 1901
          }
        ],
        "merged_count": 1
      }
    },
    {
      "type": "Feature",
      "geometry": {
        "type": "Point",
        "coordinates": [
          46.529632,
          6.628212
        ]
      },
      "properties": {
        "points": [
          {
            "address": "['avenue Druey, Pon taise']",
            "Nom": "Avenue Druey",
            "Métier": "['organiste', 'Repos-Cottage']",
            "Classification": "intermediaire",
            "LigneOriginal": "— Daniel, organiste, Repos-Cottage, avenue Druey, Pon taise.",
            "sheet": "Avenue Druey",
            "year": 1901
          },
          {
            "address": "['Le Muguet,avenue Druey']",
            "Nom": "Avenue Druey",
            "Métier": "['domestique,']",
            "Classification": "proletaire",
            "LigneOriginal": "Gindroz, Aimée, domestique, Le Muguet,avenue Druey.",
            "sheet": "Avenue Druey",
            "year": 1901
          },
          {
            "address": "['Clos Gentil, avenue Druey, Pontaise']",
            "Nom": "Avenue Druey",
            "Métier": "['anc. pasteur']",
            "Classification": "inactif",
            "LigneOriginal": "Marguerat-Gurchod, Ch., anc. pasteur,Clos Gentil, avenue Druey, Pontaise.",
            "sheet": "Avenue Druey",
            "year": 1901
          },
          {
            "address": "['Les Colombettes, avenue Druey,Pontaise']",
            "Nom": "Avenue Druey",
            "Métier": "['commis doposte']",
            "Classification": "intermediaire",
            "LigneOriginal": "Mayenfisch-Gottier, Emile, commis doposte, Les Colombettes, avenue Druey,Pontaise.",
            "sheet": "Avenue Druey",
            "year": 1901
          },
          {
            "address": "['ClosGentil, avenue Druey, Pontaise']",
            "Nom": "Avenue Druey",
            "Métier": "['relieur']",
            "Classification": "intermediaire",
            "LigneOriginal": "Worsching-Port, Philippe, relieur, ClosGentil, avenue Druey, Pontaise.",
            "sheet": "Avenue Druey",
            "year": 1901
          }
        ],
        "merged_count": 5
      }
    },
    {
      "type": "Feature",
      "geometry": {
        "type": "Point",
        "coordinates": [
          46.531534,
          6.62951
        ]
      },
      "properties": {
        "points": [
          {
            "address": "['avenue des Oiseaux, 9.Pontaise']",
            "Nom": "Avenue des Oiseaux",
            "Métier": "['employéaux casernes']",
            "Classification": "intermediaire",
            "LigneOriginal": "Blanc-Rumoz , Alfred-Louis . employéaux casernes, avenue des Oiseaux, 9.Pontaise.",
            "sheet": "Avenue des Oiseaux",
            "year": 1901
          },
          {
            "address": "['avenue des Oiseaux,Pontaise']",
            "Nom": "Avenue des Oiseaux",
            "Métier": "['employéau téléphoné']",
            "Classification": "intermediaire",
            "LigneOriginal": "Jaquillard-Schmiedt, Jules, employéau téléphoné, avenue des Oiseaux,Pontaise.",
            "sheet": "Avenue des Oiseaux",
            "year": 1901
          },
          {
            "address": "['avenue des Oiseaux, I.']",
            "Nom": "Avenue des Oiseaux",
            "Métier": "['institutrice']",
            "Classification": "élevé",
            "LigneOriginal": "Monnier-Forestier, Elise, institutrice,avenue des Oiseaux, I.",
            "sheet": "Avenue des Oiseaux",
            "year": 1901
          },
          {
            "address": "['avenue des Oiseaux, Pontaise']",
            "Nom": "Avenue des Oiseaux",
            "Métier": "['repasseuse']",
            "Classification": "proletaire",
            "LigneOriginal": "— Fraueeline, repasseuse, avenue des Oiseaux, Pontaise.",
            "sheet": "Avenue des Oiseaux",
            "year": 1901
          },
          {
            "address": "['avenue des Oiseaux.']",
            "Nom": "Avenue des Oiseaux",
            "Métier": "['employé debanque']",
            "Classification": "intermediaire",
            "LigneOriginal": "Schüttel-Ducarroz, Alfred, employé debanque, avenue des Oiseaux.",
            "sheet": "Avenue des Oiseaux",
            "year": 1901
          }
        ],
        "merged_count": 5
      }
    },
    {
      "type": "Feature",
      "geometry": {
        "type": "Point",
        "coordinates": [
          46.531948,
          6.629248
        ]
      },
      "properties": {
        "points": [
          {
            "address": "['avenue des Oiseaux, 9']",
            "Nom": "Avenue des Oiseaux",
            "Métier": "[]",
            "Classification": "???",
            "LigneOriginal": "— Ch.-Samuel, commis, avenue des Oiseaux, 9.",
            "sheet": "Avenue des Oiseaux",
            "year": 1901
          },
          {
            "address": "['avenue des Oiseaux, 9']",
            "Nom": "Avenue des Oiseaux",
            "Métier": "[]",
            "Classification": "???",
            "LigneOriginal": "Burnier-Lavanchy, Ch.-Henri, vigneron, avenue des Oiseaux, 9.",
            "sheet": "Avenue des Oiseaux",
            "year": 1901
          },
          {
            "address": "['avenue des Oiseaux, 9']",
            "Nom": "Avenue des Oiseaux",
            "Métier": "['employéJ.-S.,']",
            "Classification": "proletaire",
            "LigneOriginal": "Jaquenoud-Hadorn , Juste, employéJ.-S., avenue des Oiseaux, 9.",
            "sheet": "Avenue des Oiseaux",
            "year": 1901
          },
          {
            "address": "['avenue des Oiseaux, 9']",
            "Nom": "Avenue des Oiseaux",
            "Métier": "['menuisier']",
            "Classification": "proletaire",
            "LigneOriginal": "Perroud, Louis - Benjamin, menuisier,avenue des Oiseaux, 9.",
            "sheet": "Avenue des Oiseaux",
            "year": 1901
          }
        ],
        "merged_count": 4
      }
    },
    {
      "type": "Feature",
      "geometry": {
        "type": "Point",
        "coordinates": [
          46.531465,
          6.629301
        ]
      },
      "properties": {
        "points": [
          {
            "address": "['avenue des Oiseaux, 1']",
            "Nom": "Avenue des Oiseaux",
            "Métier": "[]",
            "Classification": "???",
            "LigneOriginal": "Busse!, Cécile^ couturière, avenue des Oiseaux, 1.",
            "sheet": "Avenue des Oiseaux",
            "year": 1901
          }
        ],
        "merged_count": 1
      }
    },
    {
      "type": "Feature",
      "geometry": {
        "type": "Point",
        "coordinates": [
          46.531489,
          6.629421
        ]
      },
      "properties": {
        "points": [
          {
            "address": "['avenue des Oiseaux, 3']",
            "Nom": "Avenue des Oiseaux",
            "Métier": "[]",
            "Classification": "???",
            "LigneOriginal": "— Jenny, avenue des Oiseaux, 3.",
            "sheet": "Avenue des Oiseaux",
            "year": 1901
          }
        ],
        "merged_count": 1
      }
    },
    {
      "type": "Feature",
      "geometry": {
        "type": "Point",
        "coordinates": [
          46.532249,
          6.629225
        ]
      },
      "properties": {
        "points": [
          {
            "address": "['avenue des Oiseaux, 13']",
            "Nom": "Avenue des Oiseaux",
            "Métier": "[]",
            "Classification": "???",
            "LigneOriginal": "— A line-Augusta, avenue des Oiseaux, 13.",
            "sheet": "Avenue des Oiseaux",
            "year": 1901
          },
          {
            "address": "['avenue des Oiseaux, 13']",
            "Nom": "Avenue des Oiseaux",
            "Métier": "[]",
            "Classification": "???",
            "LigneOriginal": "Ulmer, Jeanne, avenue des Oiseaux, 13*",
            "sheet": "Avenue des Oiseaux",
            "year": 1901
          }
        ],
        "merged_count": 2
      }
    },
    {
      "type": "Feature",
      "geometry": {
        "type": "Point",
        "coordinates": [
          46.530315,
          6.627186
        ]
      },
      "properties": {
        "points": [
          {
            "address": "['avenue du Mont-Blanc, 9, Pontaise']",
            "Nom": "Avenue du Mont-Blanc",
            "Métier": "['alluni', 'de gaz']",
            "Classification": "proletaire",
            "LigneOriginal": "Chappuis-Gentet, Louis, alluni, de gaz,avenue du Mont-Blanc, 9, Pontaise.",
            "sheet": "Avenue du Mont-Blanc",
            "year": 1901
          },
          {
            "address": "['avenue du Mont-Blanc, 7']",
            "Nom": "Avenue du Mont-Blanc",
            "Métier": "['cordonnier']",
            "Classification": "intermediaire",
            "LigneOriginal": "Gauthey-Reymond , David , cordonnier, avenue du Mont-Blanc, 7.",
            "sheet": "Avenue du Mont-Blanc",
            "year": 1901
          },
          {
            "address": "['avenue du Mont-Blanc,', 'i. T. 1882']",
            "Nom": "Avenue du Mont-Blanc",
            "Métier": "[]",
            "Classification": "???",
            "LigneOriginal": "Perret-Schenk, Elise, avenue du Mont-Blanc, (i. T. 1882.",
            "sheet": "Avenue du Mont-Blanc",
            "year": 1901
          }
        ],
        "merged_count": 3
      }
    },
    {
      "type": "Feature",
      "geometry": {
        "type": "Point",
        "coordinates": [
          46.530372,
          6.627435
        ]
      },
      "properties": {
        "points": [
          {
            "address": "['avenue du Mont-Blanc, 10']",
            "Nom": "Avenue du Mont-Blanc",
            "Métier": "['étudiant']",
            "Classification": "inactif",
            "LigneOriginal": "— Robert , étudiant , avenue du Mont-Blanc, 10.",
            "sheet": "Avenue du Mont-Blanc",
            "year": 1901
          }
        ],
        "merged_count": 1
      }
    },
    {
      "type": "Feature",
      "geometry": {
        "type": "Point",
        "coordinates": [
          46.527975,
          6.628901
        ]
      },
      "properties": {
        "points": [
          {
            "address": "['Belles Roches, 4']",
            "Nom": "Belles Roches",
            "Métier": "[]",
            "Classification": "???",
            "LigneOriginal": "— Aymon, archiviste. Belles Roches, 4.",
            "sheet": "Belles Roches",
            "year": 1901
          },
          {
            "address": "['Belles Roches, 4']",
            "Nom": "Belles Roches",
            "Métier": "['rentière']",
            "Classification": "inactif",
            "LigneOriginal": "Porchat, Amélie, rentière, Belles Roches, 4.",
            "sheet": "Belles Roches",
            "year": 1901
          },
          {
            "address": "['avenue Belles-Roches, 4']",
            "Nom": "Belles Roches",
            "Métier": "['missionnaire']",
            "Classification": "intermediaire",
            "LigneOriginal": "Scranton-Arms, William-B., missionnaire. avenue Belles-Roches, 4.",
            "sheet": "Belles Roches",
            "year": 1901
          },
          {
            "address": "['Belles Roches, 4']",
            "Nom": "Belles Roches",
            "Métier": "['cuisinière']",
            "Classification": "proletaire",
            "LigneOriginal": "— Stéphanie, cuisinière, Belles Roches, 4.",
            "sheet": "Belles Roches",
            "year": 1901
          },
          {
            "address": "['Belles-Roches, 4']",
            "Nom": "Belles-Roches",
            "Métier": "['domestique,']",
            "Classification": "proletaire",
            "LigneOriginal": "— Louise, domestique, Belles-Roches, 4.",
            "sheet": "Belles-Roches",
            "year": 1901
          }
        ],
        "merged_count": 5
      }
    },
    {
      "type": "Feature",
      "geometry": {
        "type": "Point",
        "coordinates": [
          46.52814,
          6.628575
        ]
      },
      "properties": {
        "points": [
          {
            "address": "['Belles Roches, 7']",
            "Nom": "Belles Roches",
            "Métier": "['femme de chambre']",
            "Classification": "proletaire",
            "LigneOriginal": "— Aline, femme de chambre. Belles Roches, 7.",
            "sheet": "Belles Roches",
            "year": 1901
          },
          {
            "address": "['Belles Roches, 7']",
            "Nom": "Belles Roches",
            "Métier": "['domestique.']",
            "Classification": "proletaire",
            "LigneOriginal": "— Alice, domestique. Belles Roches, 7.",
            "sheet": "Belles Roches",
            "year": 1901
          },
          {
            "address": "['Belles-Roches, 7']",
            "Nom": "Belles-Roches",
            "Métier": "[]",
            "Classification": "???",
            "LigneOriginal": "Chatelanat-Escher, Eugénie, veuve,Belles-Roches, 7. T. 127.",
            "sheet": "Belles-Roches",
            "year": 1901
          }
        ],
        "merged_count": 3
      }
    },
    {
      "type": "Feature",
      "geometry": {
        "type": "Point",
        "coordinates": [
          46.5278,
          6.629253
        ]
      },
      "properties": {
        "points": [
          {
            "address": "['BellesRoches, 1']",
            "Nom": "Belles Roches",
            "Métier": "['domestique,']",
            "Classification": "proletaire",
            "LigneOriginal": "Guillaume, Elisa, domestique, BellesRoches, 1.",
            "sheet": "Belles Roches",
            "year": 1901
          },
          {
            "address": "['Belles Roches, 1']",
            "Nom": "Belles Roches",
            "Métier": "['étudiant,']",
            "Classification": "inactif",
            "LigneOriginal": "Sarrasin, Félix, étudiant, Belles Roches, 1.",
            "sheet": "Belles Roches",
            "year": 1901
          },
          {
            "address": "['Belles Roches, 1']",
            "Nom": "Belles Roches",
            "Métier": "[]",
            "Classification": "???",
            "LigneOriginal": "Vulliemin - Vautier, Charles, professeur, Belles Roches, 1.",
            "sheet": "Belles Roches",
            "year": 1901
          },
          {
            "address": "['Belles-Roches, 1']",
            "Nom": "Belles-Roches",
            "Métier": "['rentière']",
            "Classification": "inactif",
            "LigneOriginal": "— Marie, rentière, Belles-Roches, 1.",
            "sheet": "Belles-Roches",
            "year": 1901
          }
        ],
        "merged_count": 4
      }
    },
    {
      "type": "Feature",
      "geometry": {
        "type": "Point",
        "coordinates": [
          46.527867,
          6.629118
        ]
      },
      "properties": {
        "points": [
          {
            "address": "['Belles Roches, 2']",
            "Nom": "Belles Roches",
            "Métier": "['commis,']",
            "Classification": "proletaire",
            "LigneOriginal": "— Valentin-Victor, commis, Belles Roches, 2.",
            "sheet": "Belles Roches",
            "year": 1901
          },
          {
            "address": "['Belles Roches, 2']",
            "Nom": "Belles Roches",
            "Métier": "['cuisinière']",
            "Classification": "proletaire",
            "LigneOriginal": "Forchet, Lucie, cuisinière, Belles Roches, 2.",
            "sheet": "Belles Roches",
            "year": 1901
          },
          {
            "address": "['Belles Roches, 2']",
            "Nom": "Belles Roches",
            "Métier": "['mécanicien']",
            "Classification": "intermediaire",
            "LigneOriginal": "— Auguste, mécanicien, Belles Roches, 2.",
            "sheet": "Belles Roches",
            "year": 1901
          }
        ],
        "merged_count": 3
      }
    },
    {
      "type": "Feature",
      "geometry": {
        "type": "Point",
        "coordinates": [
          46.528034,
          6.62878
        ]
      },
      "properties": {
        "points": [
          {
            "address": "['avenue Belles-Roches, 5']",
            "Nom": "Belles Roches",
            "Métier": "['domestique,']",
            "Classification": "proletaire",
            "LigneOriginal": "— Julianna, domestique, avenue Belles-Roches, 5.",
            "sheet": "Belles Roches",
            "year": 1901
          }
        ],
        "merged_count": 1
      }
    },
    {
      "type": "Feature",
      "geometry": {
        "type": "Point",
        "coordinates": [
          46.527918,
          6.629012
        ]
      },
      "properties": {
        "points": [
          {
            "address": "['Belles-Roches, 3']",
            "Nom": "Belles-Roches",
            "Métier": "['rentière']",
            "Classification": "inactif",
            "LigneOriginal": "Steinlen-Germond , Caroline, rentière,Belles-Roches, 3.",
            "sheet": "Belles-Roches",
            "year": 1901
          }
        ],
        "merged_count": 1
      }
    },
    {
      "type": "Feature",
      "geometry": {
        "type": "Point",
        "coordinates": [
          46.526179,
          6.62907
        ]
      },
      "properties": {
        "points": [
          {
            "address": "['Chemin Vinet, 3', 'Pré-du-Marché, 2']",
            "Nom": "Chemin Vinet",
            "Métier": "['négociant en cuirs']",
            "Classification": "proletaire",
            "LigneOriginal": "Ammer-Memminger, Gottlieb, négociant en cuirs, Chemin Vinet, 3. Magasin Pré-du-Marché, 2. R. T. 227.",
            "sheet": "Chemin Vinet",
            "year": 1901
          }
        ],
        "merged_count": 1
      }
    },
    {
      "type": "Feature",
      "geometry": {
        "type": "Point",
        "coordinates": [
          46.526151,
          6.609793
        ]
      },
      "properties": {
        "points": [
          {
            "address": "[\"l'Etoile, Pontaise\"]",
            "Nom": "L'Etoile",
            "Métier": "['confiseur']",
            "Classification": "proletaire",
            "LigneOriginal": "Vannereau-Wyttenbach, Henri, confiseur, l'Etoile, Pontaise.",
            "sheet": "L'Etoile",
            "year": 1901
          }
        ],
        "merged_count": 1
      }
    },
    {
      "type": "Feature",
      "geometry": {
        "type": "Point",
        "coordinates": [
          46.532314,
          6.629976
        ]
      },
      "properties": {
        "points": [
          {
            "address": "['la Citadelle, sentier de la Borde']",
            "Nom": "La Borde",
            "Métier": "['manœuvre,']",
            "Classification": "proletaire",
            "LigneOriginal": "Baëriswyl-Merlaud, Pierre, manœuvre, la Citadelle, sentier de la Borde.",
            "sheet": "La Borde",
            "year": 1901
          },
          {
            "address": "['Printemps de la Borde']",
            "Nom": "La Borde",
            "Métier": "['manœuvre,']",
            "Classification": "proletaire",
            "LigneOriginal": "Blanc-Canac, Philippe, manœuvre, Printemps de la Borde.",
            "sheet": "La Borde",
            "year": 1901
          },
          {
            "address": "['.fiscaux, La Borde.']",
            "Nom": "La Borde",
            "Métier": "['jardinier', 'Moulin des (']",
            "Classification": "proletaire",
            "LigneOriginal": " .1.-Louis, jardinier, Moulin des (.fiscaux, La Borde.",
            "sheet": "La Borde",
            "year": 1901
          },
          {
            "address": "['Le Printemps, La Borde.']",
            "Nom": "La Borde",
            "Métier": "['manœuvre,']",
            "Classification": "proletaire",
            "LigneOriginal": "Bocca, Bartolomeo, manœuvre, Le Printemps, La Borde.",
            "sheet": "La Borde",
            "year": 1901
          },
          {
            "address": "['La Citadelle,sentier de la Borde']",
            "Nom": "La Borde",
            "Métier": "['maréchal']",
            "Classification": "intermediaire",
            "LigneOriginal": "Carpinelli, Attilio, maréchal,La Citadelle,sentier de la Borde.",
            "sheet": "La Borde",
            "year": 1901
          },
          {
            "address": "['Printempsde la Borde.']",
            "Nom": "La Borde",
            "Métier": "['peintre']",
            "Classification": "proletaire",
            "LigneOriginal": "Castelvedere, Louis, peintre, Printempsde la Borde.",
            "sheet": "La Borde",
            "year": 1901
          },
          {
            "address": "['Printemps de la Borde.']",
            "Nom": "La Borde",
            "Métier": "['maréchal']",
            "Classification": "intermediaire",
            "LigneOriginal": "Chiantelassa-Ferrero, Angelo, maréchal, Printemps de la Borde.",
            "sheet": "La Borde",
            "year": 1901
          },
          {
            "address": "['Printemps de la Borde.']",
            "Nom": "La Borde",
            "Métier": "[]",
            "Classification": "???",
            "LigneOriginal": "— Gustave, man., Printemps de la Borde.",
            "sheet": "La Borde",
            "year": 1901
          },
          {
            "address": "['La Borde.']",
            "Nom": "La Borde",
            "Métier": "['tailleur']",
            "Classification": "proletaire",
            "LigneOriginal": "Foletta-Berger, Job, tailleur, La Borde.",
            "sheet": "La Borde",
            "year": 1901
          },
          {
            "address": "['Le Printemps, sentierde la Borde']",
            "Nom": "La Borde",
            "Métier": "['liugère']",
            "Classification": "proletaire",
            "LigneOriginal": "— Claire, liugère, Le Printemps, sentierde la Borde.",
            "sheet": "La Borde",
            "year": 1901
          },
          {
            "address": "['Girard,', 'Le Printemps, sent, de la Borde']",
            "Nom": "La Borde",
            "Métier": "['menuisier']",
            "Classification": "proletaire",
            "LigneOriginal": "Greppi-Othemin-Girard, .1 ules, menuisier, Le Printemps, sent, de la Borde.",
            "sheet": "La Borde",
            "year": 1901
          },
          {
            "address": "[\"L'Avenir, sentier de la Borde\"]",
            "Nom": "La Borde",
            "Métier": "['ménagère']",
            "Classification": "inactif",
            "LigneOriginal": "Gris-Emery, Louise, ménagère, L'Avenir, sentier de la Borde.",
            "sheet": "La Borde",
            "year": 1901
          },
          {
            "address": "['Sentier de laBorde, l’']",
            "Nom": "La Borde",
            "Métier": "[]",
            "Classification": "???",
            "LigneOriginal": "Guex-Borrat, Marguerite, Sentier de laBorde, l’Avenir.",
            "sheet": "La Borde",
            "year": 1901
          },
          {
            "address": "['Sentier de la Borde']",
            "Nom": "La Borde",
            "Métier": "['marchandde légumes']",
            "Classification": "proletaire",
            "LigneOriginal": "Jeanmonod-Daflon, Marcel, marchandde légumes. Sentier de la Borde.",
            "sheet": "La Borde",
            "year": 1901
          },
          {
            "address": "['LePrintemps, sentier de la Borde']",
            "Nom": "La Borde",
            "Métier": "['ménagère']",
            "Classification": "inactif",
            "LigneOriginal": "Larrive-Bovet, Célestine, ménagère, LePrintemps, sentier de la Borde.",
            "sheet": "La Borde",
            "year": 1901
          },
          {
            "address": "['Printemps de la Borde.']",
            "Nom": "La Borde",
            "Métier": "['terrassier']",
            "Classification": "proletaire",
            "LigneOriginal": "Mascetti - Buff, Ed., terrassier, Printemps de la Borde.",
            "sheet": "La Borde",
            "year": 1901
          },
          {
            "address": "['Le Printemps, sentier de la Borde']",
            "Nom": "La Borde",
            "Métier": "['tanneur']",
            "Classification": "proletaire",
            "LigneOriginal": "Merlotti-Buzzano, Ferruccio, tanneur,Le Printemps, sentier de la Borde..",
            "sheet": "La Borde",
            "year": 1901
          },
          {
            "address": "['L’Avenir, sentier de la Borde']",
            "Nom": "La Borde",
            "Métier": "['ménagère']",
            "Classification": "inactif",
            "LigneOriginal": "Monnayron, Sophie, ménagère, L’Avenir, sentier de la Borde.",
            "sheet": "La Borde",
            "year": 1901
          },
          {
            "address": "['sentier de laBorde, maison Steiner']",
            "Nom": "La Borde",
            "Métier": "['brosseur']",
            "Classification": "proletaire",
            "LigneOriginal": "Moret, Auguste, brosseur. sentier de laBorde, maison Steiner.",
            "sheet": "La Borde",
            "year": 1901
          },
          {
            "address": "[', sentier de la Borde']",
            "Nom": "La Borde",
            "Métier": "[\"L'Avenir\"]",
            "Classification": "inactif",
            "LigneOriginal": "— Ida-.ludith, couturière, L'Avenir, sentier de la Borde.",
            "sheet": "La Borde",
            "year": 1901
          },
          {
            "address": "['la Borde. R.']",
            "Nom": "La Borde",
            "Métier": "['sculpture et décoration']",
            "Classification": "intermediaire",
            "LigneOriginal": "Morhardt-Négri. Uberti & Cle, sculpture et décoration, la Borde. R.",
            "sheet": "La Borde",
            "year": 1901
          },
          {
            "address": "['LePrintemps, sentier de la Borde']",
            "Nom": "La Borde",
            "Métier": "['maçon']",
            "Classification": "proletaire",
            "LigneOriginal": "Mosca-Benedetto, Ange, maçon, LePrintemps, sentier de la Borde.",
            "sheet": "La Borde",
            "year": 1901
          },
          {
            "address": "['Le Printemps, sentier de la Borde']",
            "Nom": "La Borde",
            "Métier": "[]",
            "Classification": "???",
            "LigneOriginal": "Perciò, P.-J.-Baptiste, maçon, Le Printemps, sentier de la Borde.",
            "sheet": "La Borde",
            "year": 1901
          },
          {
            "address": "['rue dela Borde, 61']",
            "Nom": "La Borde",
            "Métier": "['ménagère']",
            "Classification": "inactif",
            "LigneOriginal": "Roulet-Lutz, Isaline, ménagère, rue dela Borde, 61.",
            "sheet": "La Borde",
            "year": 1901
          },
          {
            "address": "['L’Avenir, sentier de la Borde']",
            "Nom": "La Borde",
            "Métier": "['mécanicien']",
            "Classification": "intermediaire",
            "LigneOriginal": "Steiner-Monnayron, Aug., mécanicien,L’Avenir, sentier de la Borde.",
            "sheet": "La Borde",
            "year": 1901
          },
          {
            "address": "['La Citadelle, Sentier de la Borde']",
            "Nom": "La Borde",
            "Métier": "[]",
            "Classification": "???",
            "LigneOriginal": "Vincent-Girard, Alfred, commis, La Citadelle, Sentier de la Borde.",
            "sheet": "La Borde",
            "year": 1901
          }
        ],
        "merged_count": 26
      }
    },
    {
      "type": "Feature",
      "geometry": {
        "type": "Point",
        "coordinates": [
          46.528042,
          6.632651
        ]
      },
      "properties": {
        "points": [
          {
            "address": "['ruede la Borde, 11']",
            "Nom": "La Borde",
            "Métier": "['comptable']",
            "Classification": "intermediaire",
            "LigneOriginal": "Braillard, Paul-llenri, comptable, ruede la Borde, 11.",
            "sheet": "La Borde",
            "year": 1901
          }
        ],
        "merged_count": 1
      }
    },
    {
      "type": "Feature",
      "geometry": {
        "type": "Point",
        "coordinates": [
          46.529828,
          6.631668
        ]
      },
      "properties": {
        "points": [
          {
            "address": "['ruede la Borde, 33']",
            "Nom": "La Borde",
            "Métier": "['serrurier']",
            "Classification": "intermediaire",
            "LigneOriginal": "Klinger-Gerber, Emile, serrurier, ruede la Borde, 33.",
            "sheet": "La Borde",
            "year": 1901
          }
        ],
        "merged_count": 1
      }
    },
    {
      "type": "Feature",
      "geometry": {
        "type": "Point",
        "coordinates": [
          46.531698,
          6.630128
        ]
      },
      "properties": {
        "points": [
          {
            "address": "['rue dela Borde, 55']",
            "Nom": "La Borde",
            "Métier": "['menuisier']",
            "Classification": "proletaire",
            "LigneOriginal": "Meyer-Collet, Louis, menuisier, rue dela Borde, 55.",
            "sheet": "La Borde",
            "year": 1901
          }
        ],
        "merged_count": 1
      }
    },
    {
      "type": "Feature",
      "geometry": {
        "type": "Point",
        "coordinates": [
          46.528564,
          6.632263
        ]
      },
      "properties": {
        "points": [
          {
            "address": "['ruede la Borde, 19']",
            "Nom": "La Borde",
            "Métier": "['manœuvre,']",
            "Classification": "proletaire",
            "LigneOriginal": "Perrin-Laurent, Elie, manœuvre, ruede la Borde, 19.",
            "sheet": "La Borde",
            "year": 1901
          }
        ],
        "merged_count": 1
      }
    },
    {
      "type": "Feature",
      "geometry": {
        "type": "Point",
        "coordinates": [
          46.530157,
          6.63155
        ]
      },
      "properties": {
        "points": [
          {
            "address": "['ruede la Borde, 37']",
            "Nom": "La Borde",
            "Métier": "['mécanicien']",
            "Classification": "intermediaire",
            "LigneOriginal": "Stirnemann, Gottfried, mécanicien, ruede la Borde, 37.",
            "sheet": "La Borde",
            "year": 1901
          }
        ],
        "merged_count": 1
      }
    },
    {
      "type": "Feature",
      "geometry": {
        "type": "Point",
        "coordinates": [
          46.521631,
          6.611954
        ]
      },
      "properties": {
        "points": [
          {
            "address": "['La Colline, av. Ravel']",
            "Nom": "La Colline",
            "Métier": "['menuisier']",
            "Classification": "proletaire",
            "LigneOriginal": "Blanc-Humbert-Droz, Louis, menuisier, La Colline, av. Ravel.",
            "sheet": "La Colline",
            "year": 1901
          }
        ],
        "merged_count": 1
      }
    },
    {
      "type": "Feature",
      "geometry": {
        "type": "Point",
        "coordinates": [
          46.529137,
          6.630566
        ]
      },
      "properties": {
        "points": [
          {
            "address": "['rue do la Pontaise, 10']",
            "Nom": "La Pontaise",
            "Métier": "['facteur']",
            "Classification": "proletaire",
            "LigneOriginal": "Adamina-Perriraz, Josoph-llenri, facteur, rue do la Pontaise, 10.",
            "sheet": "La Pontaise",
            "year": 1901
          },
          {
            "address": "['rue de la Pontaise, 10']",
            "Nom": "La Pontaise",
            "Métier": "['imprimeur']",
            "Classification": "proletaire",
            "LigneOriginal": "Curchod-Delessert, Ernest, imprimeur,rue de la Pontaise, 10.",
            "sheet": "La Pontaise",
            "year": 1901
          },
          {
            "address": "['Pontaise, 10']",
            "Nom": "Pontaise",
            "Métier": "[]",
            "Classification": "???",
            "LigneOriginal": "Fahrni - Æbischer, Ch.-Jacob-Godefr.,employé postal, Pontaise, 10.",
            "sheet": "Pontaise",
            "year": 1901
          },
          {
            "address": "['Pontaise, 10']",
            "Nom": "Pontaise",
            "Métier": "['employé postal']",
            "Classification": "proletaire",
            "LigneOriginal": "Forchet-Golaz, Adolphe, employé postal, Pontaise, 10",
            "sheet": "Pontaise",
            "year": 1901
          }
        ],
        "merged_count": 4
      }
    },
    {
      "type": "Feature",
      "geometry": {
        "type": "Point",
        "coordinates": [
          46.529027,
          6.630414
        ]
      },
      "properties": {
        "points": [
          {
            "address": "['ruede la Pontaise, 37']",
            "Nom": "La Pontaise",
            "Métier": "['pionnier']",
            "Classification": "proletaire",
            "LigneOriginal": "Amaudruz-Rod, Eugène, pionnier, ruede la Pontaise, 37.",
            "sheet": "La Pontaise",
            "year": 1901
          },
          {
            "address": "['r. do la Pontaise, 28']",
            "Nom": "La Pontaise",
            "Métier": "['comptable,']",
            "Classification": "intermediaire",
            "LigneOriginal": "— Paul, comptable, r. do la Pontaise, 28.",
            "sheet": "La Pontaise",
            "year": 1901
          },
          {
            "address": "['rue de la Pontaise, 28']",
            "Nom": "La Pontaise",
            "Métier": "['papierspeints,']",
            "Classification": "proletaire",
            "LigneOriginal": "Arnaud - Peterhans , Louis , papierspeints, rue de la Pontaise, 28. Magasin Chaucrau.",
            "sheet": "La Pontaise",
            "year": 1901
          },
          {
            "address": "['Pontaise, 36']",
            "Nom": "Pontaise",
            "Métier": "['charpentier']",
            "Classification": "proletaire",
            "LigneOriginal": "Agassa-Curat, Jean, charpentier, Pontaise, 36.",
            "sheet": "Pontaise",
            "year": 1901
          },
          {
            "address": "['Pontaise, 32']",
            "Nom": "Pontaise",
            "Métier": "['journalier']",
            "Classification": "proletaire",
            "LigneOriginal": "— Maurice, journalier, Pontaise, 32.",
            "sheet": "Pontaise",
            "year": 1901
          },
          {
            "address": "['Pontaise, 36']",
            "Nom": "Pontaise",
            "Métier": "['charcutier']",
            "Classification": "proletaire",
            "LigneOriginal": "Bosco, Basile, charcutier, Pontaise, 36.",
            "sheet": "Pontaise",
            "year": 1901
          },
          {
            "address": "['Pontaise, 20']",
            "Nom": "Pontaise",
            "Métier": "['empi,', 'de bureau']",
            "Classification": "intermediaire",
            "LigneOriginal": "— Gustave, empi, de bureau, Pontaise, 20.",
            "sheet": "Pontaise",
            "year": 1901
          },
          {
            "address": "['Pontaise, 36']",
            "Nom": "Pontaise",
            "Métier": "['maçon']",
            "Classification": "proletaire",
            "LigneOriginal": "Fabri, Joseph, maçon, Pontaise, 36.",
            "sheet": "Pontaise",
            "year": 1901
          },
          {
            "address": "['Pontaise, 32']",
            "Nom": "Pontaise",
            "Métier": "['boulanger']",
            "Classification": "proletaire",
            "LigneOriginal": "Girardet-Hunziker, Louis, boulanger,Pontaise, 32.",
            "sheet": "Pontaise",
            "year": 1901
          },
          {
            "address": "['Pontaise, 60']",
            "Nom": "Pontaise",
            "Métier": "['intendant de la caserne']",
            "Classification": "proletaire",
            "LigneOriginal": "Jeanmonod-Borgeaud, Henri, intendant de la caserne, Pontaise, 60.",
            "sheet": "Pontaise",
            "year": 1901
          },
          {
            "address": "['Pontaise, 110']",
            "Nom": "Pontaise",
            "Métier": "['demoiselle de magasin']",
            "Classification": "proletaire",
            "LigneOriginal": "Morard, Alice, demoiselle de magasin,Pontaise, 110.",
            "sheet": "Pontaise",
            "year": 1901
          },
          {
            "address": "['Pontaise, 60']",
            "Nom": "Pontaise",
            "Métier": "['cantinier auxcasernes']",
            "Classification": "proletaire",
            "LigneOriginal": "Pittet-Morrard, Cyprien, cantinier auxcasernes, Pontaise, 60. T. 284.",
            "sheet": "Pontaise",
            "year": 1901
          },
          {
            "address": "['Pontaise, 60']",
            "Nom": "Pontaise",
            "Métier": "['jardinier']",
            "Classification": "proletaire",
            "LigneOriginal": "— Paul, jardinier, Pontaise, 60.",
            "sheet": "Pontaise",
            "year": 1901
          },
          {
            "address": "['Pontaise, 60']",
            "Nom": "Pontaise",
            "Métier": "['domestique,']",
            "Classification": "proletaire",
            "LigneOriginal": "— Julie-Hcnriette, domestique, Pontaise, 60.",
            "sheet": "Pontaise",
            "year": 1901
          }
        ],
        "merged_count": 14
      }
    },
    {
      "type": "Feature",
      "geometry": {
        "type": "Point",
        "coordinates": [
          46.530277,
          6.629428
        ]
      },
      "properties": {
        "points": [
          {
            "address": "['rueile la Pontaise, 29']",
            "Nom": "La Pontaise",
            "Métier": "['professeur']",
            "Classification": "élevé",
            "LigneOriginal": "André-Imer, Auguste, professeur, rueile la Pontaise, 29.",
            "sheet": "La Pontaise",
            "year": 1901
          },
          {
            "address": "['villa Pontaise, 29']",
            "Nom": "La Pontaise",
            "Métier": "[]",
            "Classification": "???",
            "LigneOriginal": "— Louise, villa Pontaise, 29.",
            "sheet": "La Pontaise",
            "year": 1901
          },
          {
            "address": "['r. de la Pontaise, 29']",
            "Nom": "La Pontaise",
            "Métier": "['ancien pasteur']",
            "Classification": "inactif",
            "LigneOriginal": "Burnier-Bernus, Samuel-Benjamin, ancien pasteur, r. de la Pontaise, 29.",
            "sheet": "La Pontaise",
            "year": 1901
          },
          {
            "address": "['Pontaise, 29']",
            "Nom": "Pontaise",
            "Métier": "['domestique,']",
            "Classification": "proletaire",
            "LigneOriginal": "— Léa, domestique, Pontaise, 29.",
            "sheet": "Pontaise",
            "year": 1901
          },
          {
            "address": "['Pontaise, 29']",
            "Nom": "Pontaise",
            "Métier": "['domestique,']",
            "Classification": "proletaire",
            "LigneOriginal": "— Marie, domestique, Pontaise, 29.",
            "sheet": "Pontaise",
            "year": 1901
          },
          {
            "address": "['Pontaise, 29']",
            "Nom": "Pontaise",
            "Métier": "[]",
            "Classification": "???",
            "LigneOriginal": "— Elisa-Cath., domestique, Pontaise, 29:",
            "sheet": "Pontaise",
            "year": 1901
          }
        ],
        "merged_count": 6
      }
    },
    {
      "type": "Feature",
      "geometry": {
        "type": "Point",
        "coordinates": [
          46.528515,
          6.630884
        ]
      },
      "properties": {
        "points": [
          {
            "address": "['rue de la Pontaise, 2']",
            "Nom": "La Pontaise",
            "Métier": "['serrurier-appa', '-reilleur']",
            "Classification": "proletaire",
            "LigneOriginal": "Anger-Soulier, Oswald, serrurier-appa-reilleur, rue de la Pontaise, 2.",
            "sheet": "La Pontaise",
            "year": 1901
          },
          {
            "address": "['r.Pontaise, 2']",
            "Nom": "Pontaise",
            "Métier": "[]",
            "Classification": "???",
            "LigneOriginal": "Ghapuis-Porchet, Jeanne-Françoiso, r.Pontaise, 2.",
            "sheet": "Pontaise",
            "year": 1901
          },
          {
            "address": "['Pontaise, 2']",
            "Nom": "Pontaise",
            "Métier": "['employée,']",
            "Classification": "proletaire",
            "LigneOriginal": "— Marie, employée, Pontaise, 2.",
            "sheet": "Pontaise",
            "year": 1901
          },
          {
            "address": "['Pontaise, 2']",
            "Nom": "Pontaise",
            "Métier": "['journalière']",
            "Classification": "proletaire",
            "LigneOriginal": "Fatio-Demartines , Marie - Mathilde ,journalière, Pontaise, 2.",
            "sheet": "Pontaise",
            "year": 1901
          },
          {
            "address": "['Pontaise, 2']",
            "Nom": "Pontaise",
            "Métier": "['employé,']",
            "Classification": "proletaire",
            "LigneOriginal": "Garnier-Clerc, Paulin-OIivier, employé,Pontaise, 2.",
            "sheet": "Pontaise",
            "year": 1901
          },
          {
            "address": "['Pontaise, 2']",
            "Nom": "Pontaise",
            "Métier": "[]",
            "Classification": "???",
            "LigneOriginal": "Oberholzer-Curchod, Paul-M.,commis,Pontaise, 2.",
            "sheet": "Pontaise",
            "year": 1901
          },
          {
            "address": "['Clos des Alpes,Pontaise, 2']",
            "Nom": "Pontaise",
            "Métier": "['agriculteur']",
            "Classification": "proletaire",
            "LigneOriginal": "— Edouard, agriculteur, Clos des Alpes,Pontaise, 2.",
            "sheet": "Pontaise",
            "year": 1901
          },
          {
            "address": "['Pontaise, 2']",
            "Nom": "Pontaise",
            "Métier": "['Clos des Alpes']",
            "Classification": "???",
            "LigneOriginal": "— liortense, Clos des Alpes, Pontaise, 2.",
            "sheet": "Pontaise",
            "year": 1901
          },
          {
            "address": "['Clos des Alpes. Pontaise, 2']",
            "Nom": "Pontaise",
            "Métier": "['agriculteur']",
            "Classification": "proletaire",
            "LigneOriginal": "Pache-Chapuis, Alexandre, agriculteur,Clos des Alpes. Pontaise, 2.",
            "sheet": "Pontaise",
            "year": 1901
          }
        ],
        "merged_count": 9
      }
    },
    {
      "type": "Feature",
      "geometry": {
        "type": "Point",
        "coordinates": [
          46.529542,
          6.630052
        ]
      },
      "properties": {
        "points": [
          {
            "address": "['Closdes Amis A, r. de la Pontaise, 13']",
            "Nom": "La Pontaise",
            "Métier": "['margeur']",
            "Classification": "proletaire",
            "LigneOriginal": "Apothéloz-Pache, Henri, margeur, Closdes Amis A, r. de la Pontaise, 13.",
            "sheet": "La Pontaise",
            "year": 1901
          },
          {
            "address": "['Closdes Amis A, Pontaise, 13']",
            "Nom": "Pontaise",
            "Métier": "['typographe']",
            "Classification": "intermediaire",
            "LigneOriginal": "Baldy-Presset, Henri, typographe, Closdes Amis A, Pontaise, 13. -",
            "sheet": "Pontaise",
            "year": 1901
          },
          {
            "address": "['Pontaise, 13']",
            "Nom": "Pontaise",
            "Métier": "['vendeur de journaux']",
            "Classification": "proletaire",
            "LigneOriginal": "Beretta-Chiari, vendeur de journaux,Pontaise, 13.",
            "sheet": "Pontaise",
            "year": 1901
          },
          {
            "address": "['Pontaise, 13']",
            "Nom": "Pontaise",
            "Métier": "['employé,']",
            "Classification": "proletaire",
            "LigneOriginal": "Chappuis - Lussy, Auguste, employé,Pontaise, 13.",
            "sheet": "Pontaise",
            "year": 1901
          },
          {
            "address": "['Pontaise, 13']",
            "Nom": "Pontaise",
            "Métier": "['ancien cafetier']",
            "Classification": "inactif",
            "LigneOriginal": "Cottier-Duruz, Louis, ancien cafetier,Pontaise, 13.",
            "sheet": "Pontaise",
            "year": 1901
          },
          {
            "address": "['Clos des Amis A, Pontaise, 13']",
            "Nom": "Pontaise",
            "Métier": "['commis postal']",
            "Classification": "proletaire",
            "LigneOriginal": "Déglon-Perey, Armand, commis postal,Clos des Amis A, Pontaise, 13.",
            "sheet": "Pontaise",
            "year": 1901
          },
          {
            "address": "['Clos des Amis A, Pontaise, 13']",
            "Nom": "Pontaise",
            "Métier": "['menuisier']",
            "Classification": "proletaire",
            "LigneOriginal": "Marmillod-Stettler, Ernest, menuisier,Clos des Amis A, Pontaise, 13.",
            "sheet": "Pontaise",
            "year": 1901
          },
          {
            "address": "['Pontaise. 13']",
            "Nom": "Pontaise",
            "Métier": "['modiste', 'm. a.']",
            "Classification": "proletaire",
            "LigneOriginal": " Bertha, modiste, m. a. Magasin Pontaise. 13.",
            "sheet": "Pontaise",
            "year": 1901
          },
          {
            "address": "['Pontaise, 13']",
            "Nom": "Pontaise",
            "Métier": "[]",
            "Classification": "???",
            "LigneOriginal": "— Paul-.lules, serrurier, Pontaise, 13.",
            "sheet": "Pontaise",
            "year": 1901
          },
          {
            "address": "['Pontaise, 13']",
            "Nom": "Pontaise",
            "Métier": "['rentière']",
            "Classification": "inactif",
            "LigneOriginal": "Perey - Pfänder , Jeannette, rentière,Pontaise, 13.",
            "sheet": "Pontaise",
            "year": 1901
          }
        ],
        "merged_count": 10
      }
    },
    {
      "type": "Feature",
      "geometry": {
        "type": "Point",
        "coordinates": [
          46.530843,
          6.629746
        ]
      },
      "properties": {
        "points": [
          {
            "address": "['r. de laPontaise, 42']",
            "Nom": "La Pontaise",
            "Métier": "['boulanger']",
            "Classification": "proletaire",
            "LigneOriginal": "Audibert, Auguste, boulanger, r. de laPontaise, 42. R.",
            "sheet": "La Pontaise",
            "year": 1901
          },
          {
            "address": "['Pontaise, 42']",
            "Nom": "Pontaise",
            "Métier": "[]",
            "Classification": "???",
            "LigneOriginal": "— Marie-Emma, cuisinière, Pontaise, 42.",
            "sheet": "Pontaise",
            "year": 1901
          }
        ],
        "merged_count": 2
      }
    },
    {
      "type": "Feature",
      "geometry": {
        "type": "Point",
        "coordinates": [
          46.528904,
          6.630246
        ]
      },
      "properties": {
        "points": [
          {
            "address": "['r. de la Pontaise, 5']",
            "Nom": "La Pontaise",
            "Métier": "[]",
            "Classification": "???",
            "LigneOriginal": "— Eugenie, r. de la Pontaise, 5.",
            "sheet": "La Pontaise",
            "year": 1901
          },
          {
            "address": "['Pontaise, 5']",
            "Nom": "Pontaise",
            "Métier": "['domestique,']",
            "Classification": "proletaire",
            "LigneOriginal": "— Valérie, domestique, Pontaise, 5.",
            "sheet": "Pontaise",
            "year": 1901
          },
          {
            "address": "['La Pensée, Pontaise, 5']",
            "Nom": "Pontaise",
            "Métier": "['ménagère']",
            "Classification": "inactif",
            "LigneOriginal": "Curchod-Sommer, Anna-Marie, ménagère, La Pensée, Pontaise, 5.",
            "sheet": "Pontaise",
            "year": 1901
          },
          {
            "address": "['LaPensée, Pontaise, 5']",
            "Nom": "Pontaise",
            "Métier": "['pasteur']",
            "Classification": "proletaire",
            "LigneOriginal": "Jaques-Wurth, Constant, pasteur, LaPensée, Pontaise, 5.",
            "sheet": "Pontaise",
            "year": 1901
          },
          {
            "address": "['LaPensée, Pontaise, 5']",
            "Nom": "Pontaise",
            "Métier": "['ménagère']",
            "Classification": "inactif",
            "LigneOriginal": "Pilet-Porchet, Marie . ménagère . LaPensée, Pontaise, 5.",
            "sheet": "Pontaise",
            "year": 1901
          }
        ],
        "merged_count": 5
      }
    },
    {
      "type": "Feature",
      "geometry": {
        "type": "Point",
        "coordinates": [
          46.531243,
          6.62875
        ]
      },
      "properties": {
        "points": [
          {
            "address": "['r. de la Pontaise, 47']",
            "Nom": "La Pontaise",
            "Métier": "['revendeuse,']",
            "Classification": "proletaire",
            "LigneOriginal": "— Rosa, revendeuse, r. de la Pontaise, 47.",
            "sheet": "La Pontaise",
            "year": 1901
          },
          {
            "address": "['rue dela Pontaise, 47']",
            "Nom": "La Pontaise",
            "Métier": "['facteur']",
            "Classification": "proletaire",
            "LigneOriginal": "Martin-Burky, Louis, facteur, rue dela Pontaise, 47.",
            "sheet": "La Pontaise",
            "year": 1901
          },
          {
            "address": "['r. Pontaise, 47']",
            "Nom": "Pontaise",
            "Métier": "['courtier']",
            "Classification": "proletaire",
            "LigneOriginal": "— Eugène, courtier, r. Pontaise, 47.",
            "sheet": "Pontaise",
            "year": 1901
          },
          {
            "address": "['Mon Plaisir, Pontaise, 47']",
            "Nom": "Pontaise",
            "Métier": "['tailleur']",
            "Classification": "proletaire",
            "LigneOriginal": "Duperrex - Vauthier, Henri, tailleur,Mon Plaisir, Pontaise, 47.",
            "sheet": "Pontaise",
            "year": 1901
          },
          {
            "address": "['Pontaise, 47']",
            "Nom": "Pontaise",
            "Métier": "['domestique,']",
            "Classification": "proletaire",
            "LigneOriginal": "Grangier, Constance-Marie, domestique,Pontaise, 47.",
            "sheet": "Pontaise",
            "year": 1901
          },
          {
            "address": "['Pontaise, 47']",
            "Nom": "Pontaise",
            "Métier": "['serrurier']",
            "Classification": "intermediaire",
            "LigneOriginal": "— Charles, serrurier, Pontaise, 47.",
            "sheet": "Pontaise",
            "year": 1901
          }
        ],
        "merged_count": 6
      }
    },
    {
      "type": "Feature",
      "geometry": {
        "type": "Point",
        "coordinates": [
          46.529908,
          6.629399
        ]
      },
      "properties": {
        "points": [
          {
            "address": "['rue de la Pontaise, 23']",
            "Nom": "La Pontaise",
            "Métier": "[]",
            "Classification": "???",
            "LigneOriginal": "Favre-Gerster, Louis-Auguste, représentant, rue de la Pontaise, 23.",
            "sheet": "La Pontaise",
            "year": 1901
          }
        ],
        "merged_count": 1
      }
    },
    {
      "type": "Feature",
      "geometry": {
        "type": "Point",
        "coordinates": [
          46.533228,
          6.624317
        ]
      },
      "properties": {
        "points": [
          {
            "address": "['villa Pontaise, r. Pontaise']",
            "Nom": "La Pontaise",
            "Métier": "[]",
            "Classification": "???",
            "LigneOriginal": "Fischer-Hiltbrand, Ch.-F.-G., typographe. villa Pontaise, r. Pontaise.",
            "sheet": "La Pontaise",
            "year": 1901
          },
          {
            "address": "['rue de laPontaise, 4L']",
            "Nom": "La Pontaise",
            "Métier": "['ménagère']",
            "Classification": "inactif",
            "LigneOriginal": "Huser-Girard, Ida, ménagère, rue de laPontaise, 4L",
            "sheet": "La Pontaise",
            "year": 1901
          },
          {
            "address": "['r, de la Pontaise, II']",
            "Nom": "La Pontaise",
            "Métier": "['relieur']",
            "Classification": "intermediaire",
            "LigneOriginal": " Louis, relieur, r, de la Pontaise, II.",
            "sheet": "La Pontaise",
            "year": 1901
          },
          {
            "address": "['Closdu Levant, Pontaise']",
            "Nom": "Pontaise",
            "Métier": "['maçon']",
            "Classification": "proletaire",
            "LigneOriginal": "Agustoni-Bezençon, Félix, maçon, Closdu Levant, Pontaise.",
            "sheet": "Pontaise",
            "year": 1901
          },
          {
            "address": "['Closdes Amis, Pontaise']",
            "Nom": "Pontaise",
            "Métier": "['marchand forain', ', 17.']",
            "Classification": "proletaire",
            "LigneOriginal": "Avondo, Henri, marchand forain. Closdes Amis, Pontaise, 17.",
            "sheet": "Pontaise",
            "year": 1901
          },
          {
            "address": "['St-Louis, Pontaise']",
            "Nom": "Pontaise",
            "Métier": "['marchandforain']",
            "Classification": "proletaire",
            "LigneOriginal": "Baillif-Courvoisier, Lucien, marchandforain, St-Louis, Pontaise.",
            "sheet": "Pontaise",
            "year": 1901
          },
          {
            "address": "['Rose-Mousse, Pontaise']",
            "Nom": "Pontaise",
            "Métier": "['agent depublicité']",
            "Classification": "intermediaire",
            "LigneOriginal": "Bard-Ricca, Ferd.-Ch.-Aug., agent depublicité, Rose-Mousse, Pontaise.",
            "sheet": "Pontaise",
            "year": 1901
          },
          {
            "address": "['r. Traversière, Pontaise']",
            "Nom": "Pontaise",
            "Métier": "['ménagère']",
            "Classification": "inactif",
            "LigneOriginal": "— Louise, ménagère, r. Traversière, Pontaise.",
            "sheet": "Pontaise",
            "year": 1901
          },
          {
            "address": "['Richard,', 'Pontaise.']",
            "Nom": "Pontaise",
            "Métier": "['agentde police']",
            "Classification": "intermediaire",
            "LigneOriginal": "Barraz-Testuz-Richard, Emile, agentde police, Pontaise.",
            "sheet": "Pontaise",
            "year": 1901
          },
          {
            "address": "['r. des Crêtes, 2', 'Pontaise.']",
            "Nom": "Pontaise",
            "Métier": "[]",
            "Classification": "???",
            "LigneOriginal": "Bertolotti-Robatel, Philomène, Croix-Vertes, r. des Crêtes, 2, Pontaise.",
            "sheet": "Pontaise",
            "year": 1901
          },
          {
            "address": "['Pyrénées,2,', 'rue des Crêtes, Pontaise']",
            "Nom": "Pontaise",
            "Métier": "['ménagère']",
            "Classification": "inactif",
            "LigneOriginal": "Bientz, Catherine, ménagère, Pyrénées,2, rue des Crêtes, Pontaise.",
            "sheet": "Pontaise",
            "year": 1901
          },
          {
            "address": "['Mont des Oliviers, Pontaise']",
            "Nom": "Pontaise",
            "Métier": "[]",
            "Classification": "???",
            "LigneOriginal": "Blanc - Dony, Elie-I.ouis. ferblantier,Mont des Oliviers, Pontaise.",
            "sheet": "Pontaise",
            "year": 1901
          },
          {
            "address": "['av. duMout-Hlauc, 9, Pontaise']",
            "Nom": "Pontaise",
            "Métier": "['agriculteur']",
            "Classification": "proletaire",
            "LigneOriginal": "Boand, Marc-Samuel, agriculteur, av. duMout-Hlauc, 9, Pontaise.",
            "sheet": "Pontaise",
            "year": 1901
          },
          {
            "address": "['r. des Jardins, Pontaise']",
            "Nom": "Pontaise",
            "Métier": "['typographe', 'chalet Suisse']",
            "Classification": "intermediaire",
            "LigneOriginal": "— Jules-Alhert, typographe,chalet Suisse,r. des Jardins, Pontaise.",
            "sheet": "Pontaise",
            "year": 1901
          },
          {
            "address": "['villaBeauval, Pontaise']",
            "Nom": "Pontaise",
            "Métier": "['typographe']",
            "Classification": "intermediaire",
            "LigneOriginal": "Boubon, Ferdinand, typographe, villaBeauval, Pontaise.",
            "sheet": "Pontaise",
            "year": 1901
          },
          {
            "address": "['villa Beauval, Pontaise']",
            "Nom": "Pontaise",
            "Métier": "['couturière']",
            "Classification": "proletaire",
            "LigneOriginal": "Boubon-Pingoud . Lucie , couturière,villa Beauval, Pontaise.",
            "sheet": "Pontaise",
            "year": 1901
          },
          {
            "address": "['villa Maria, Pontaise']",
            "Nom": "Pontaise",
            "Métier": "['employé,']",
            "Classification": "proletaire",
            "LigneOriginal": "Bourquin-Porchet, Eugène, employé,villa Maria, Pontaise.",
            "sheet": "Pontaise",
            "year": 1901
          },
          {
            "address": "['villaSt-Jean, r. des Oliviers, Pontaise']",
            "Nom": "Pontaise",
            "Métier": "['mécanicien']",
            "Classification": "intermediaire",
            "LigneOriginal": "Brugger-Piot, Lucien, mécanicien, villaSt-Jean, r. des Oliviers, Pontaise.",
            "sheet": "Pontaise",
            "year": 1901
          },
          {
            "address": "['r. des Oliviers, Pontaise']",
            "Nom": "Pontaise",
            "Métier": "['v. Maria']",
            "Classification": "???",
            "LigneOriginal": "Bugnion-Porchet, Albert-Félix, v. Maria, r. des Oliviers, Pontaise.",
            "sheet": "Pontaise",
            "year": 1901
          },
          {
            "address": "['r. des Crêtes,Pontaise']",
            "Nom": "Pontaise",
            "Métier": "['commissionnaire']",
            "Classification": "proletaire",
            "LigneOriginal": "— Paul, commissionnaire, r. des Crêtes,Pontaise.",
            "sheet": "Pontaise",
            "year": 1901
          },
          {
            "address": "['av. duMont-Blanc, 10, Pontaise']",
            "Nom": "Pontaise",
            "Métier": "['poëlier']",
            "Classification": "proletaire",
            "LigneOriginal": "Cassat-Bovard, Eugène, poëlier, av. duMont-Blanc, 10, Pontaise.",
            "sheet": "Pontaise",
            "year": 1901
          },
          {
            "address": "['Mon Idée, I, rue des Jardins,Pontaise']",
            "Nom": "Pontaise",
            "Métier": "['journalier']",
            "Classification": "proletaire",
            "LigneOriginal": "Centlivres-Scheurer, Frédéric, journalier, Mon Idée, I, rue des Jardins,Pontaise.",
            "sheet": "Pontaise",
            "year": 1901
          },
          {
            "address": "['r. desOliviers, Pontaise']",
            "Nom": "Pontaise",
            "Métier": "['lingére']",
            "Classification": "proletaire",
            "LigneOriginal": "— Augustine, lingére, Rose-Mousse, r. desOliviers, Pontaise.",
            "sheet": "Pontaise",
            "year": 1901
          },
          {
            "address": "[\"l'Abricotier, Pontaise\"]",
            "Nom": "Pontaise",
            "Métier": "['voiturier']",
            "Classification": "proletaire",
            "LigneOriginal": "Christinet -Wuillemin, Marc - Albert,voiturier, l'Abricotier, Pontaise.",
            "sheet": "Pontaise",
            "year": 1901
          },
          {
            "address": "['r. des Crêtes, Pontaise']",
            "Nom": "Pontaise",
            "Métier": "['jardi-dinier']",
            "Classification": "proletaire",
            "LigneOriginal": "Clot-Staffelbach, Jaques-Louis, jardi-dinier, r. des Crêtes, Pontaise.",
            "sheet": "Pontaise",
            "year": 1901
          },
          {
            "address": "['Val Fleuri, r. des Jardins, Pontaise']",
            "Nom": "Pontaise",
            "Métier": "['secrétaire,']",
            "Classification": "proletaire",
            "LigneOriginal": "Cochard-Hæmmerli, Louis, secrétaire,Val Fleuri, r. des Jardins, Pontaise.",
            "sheet": "Pontaise",
            "year": 1901
          },
          {
            "address": "['villa St-Louis, Pontaise']",
            "Nom": "Pontaise",
            "Métier": "['manœuvre,']",
            "Classification": "proletaire",
            "LigneOriginal": "Colombo, Gaetano, manœuvre, villa St-Louis, Pontaise.",
            "sheet": "Pontaise",
            "year": 1901
          },
          {
            "address": "['Les Pyrénées,Pontaise']",
            "Nom": "Pontaise",
            "Métier": "[]",
            "Classification": "???",
            "LigneOriginal": "— Marc-Louis , commis, Les Pyrénées,Pontaise.",
            "sheet": "Pontaise",
            "year": 1901
          },
          {
            "address": "['Le Verger, Pontaise']",
            "Nom": "Pontaise",
            "Métier": "['représentant de commerce']",
            "Classification": "proletaire",
            "LigneOriginal": "Conus-Andrey, Jean-Baptiste-François,représentant de commerce, Le Verger, Pontaise.",
            "sheet": "Pontaise",
            "year": 1901
          },
          {
            "address": "['Clos des Amis, Pontaise']",
            "Nom": "Pontaise",
            "Métier": "['magasinier']",
            "Classification": "proletaire",
            "LigneOriginal": "— Louis, magasinier, Clos des Amis, Pontaise.",
            "sheet": "Pontaise",
            "year": 1901
          },
          {
            "address": "['LeNoisetier, Pontaise']",
            "Nom": "Pontaise",
            "Métier": "['manœuvre,']",
            "Classification": "proletaire",
            "LigneOriginal": "Cornaz-Perrin, Alfred, manœuvre, LeNoisetier, Pontaise.",
            "sheet": "Pontaise",
            "year": 1901
          },
          {
            "address": "['Pontaise, Ili']",
            "Nom": "Pontaise",
            "Métier": "['inspecteur dubétail']",
            "Classification": "intermediaire",
            "LigneOriginal": "Corsat-Chaubert, Jean, inspecteur dubétail, Pontaise, Ili.",
            "sheet": "Pontaise",
            "year": 1901
          },
          {
            "address": "['rue Traversière, 4,Pontaise']",
            "Nom": "Pontaise",
            "Métier": "['rentier']",
            "Classification": "inactif",
            "LigneOriginal": "— Gustave, rentier, rue Traversière, 4,Pontaise.",
            "sheet": "Pontaise",
            "year": 1901
          },
          {
            "address": "['Mon Idée, ruedes Jardins, Pontaise']",
            "Nom": "Pontaise",
            "Métier": "[]",
            "Classification": "???",
            "LigneOriginal": "— Jean-Louis, journalier, Mon Idée, ruedes Jardins, Pontaise.",
            "sheet": "Pontaise",
            "year": 1901
          },
          {
            "address": "['Closdu Levant, Pontaise']",
            "Nom": "Pontaise",
            "Métier": "['menuisier']",
            "Classification": "proletaire",
            "LigneOriginal": "Damay-Leyvraz, Jules, menuisier, Closdu Levant, Pontaise.",
            "sheet": "Pontaise",
            "year": 1901
          },
          {
            "address": "['Le Clos, Pontaise']",
            "Nom": "Pontaise",
            "Métier": "['comptable']",
            "Classification": "intermediaire",
            "LigneOriginal": "— Henri, comptable, Le Clos, Pontaise.",
            "sheet": "Pontaise",
            "year": 1901
          },
          {
            "address": "['Pontaise.']",
            "Nom": "Pontaise",
            "Métier": "['r. des Jardins']",
            "Classification": "???",
            "LigneOriginal": "Devaud, Alice, r. des Jardins. Pontaise.",
            "sheet": "Pontaise",
            "year": 1901
          },
          {
            "address": "['r. des Jardins, Pontaise']",
            "Nom": "Pontaise",
            "Métier": "['maçon']",
            "Classification": "proletaire",
            "LigneOriginal": "Devaud-Marmillod , Samuel, maçon,r. des Jardins, Pontaise.",
            "sheet": "Pontaise",
            "year": 1901
          },
          {
            "address": "['Clos du Levant, H', 'Pontaise.']",
            "Nom": "Pontaise",
            "Métier": "['couturière']",
            "Classification": "proletaire",
            "LigneOriginal": "Dony, Elisabeth, couturière, Clos du Levant, H, Pontaise.",
            "sheet": "Pontaise",
            "year": 1901
          },
          {
            "address": "['Clos du Levant, 3, rue des Crûtes, Pontaise']",
            "Nom": "Pontaise",
            "Métier": "['scieur']",
            "Classification": "proletaire",
            "LigneOriginal": "Dony-Narbei, Louis, scieur, Clos du Levant, 3, rue des Crûtes, Pontaise.",
            "sheet": "Pontaise",
            "year": 1901
          },
          {
            "address": "['Clos des Alpes, Pontaise']",
            "Nom": "Pontaise",
            "Métier": "[]",
            "Classification": "???",
            "LigneOriginal": "— Elise, Clos des Alpes, Pontaise, 2.",
            "sheet": "Pontaise",
            "year": 1901
          },
          {
            "address": "[',r. des Jardins, Pontaise']",
            "Nom": "Pontaise",
            "Métier": "['dessinateur', 'La Brune']",
            "Classification": "intermediaire",
            "LigneOriginal": "— Henri-Frangois, dessinateur, La Brune,r. des Jardins, Pontaise.",
            "sheet": "Pontaise",
            "year": 1901
          },
          {
            "address": "['Mont des Oliviers,', 'r. Pontaise']",
            "Nom": "Pontaise",
            "Métier": "[]",
            "Classification": "???",
            "LigneOriginal": "Eyacher-Loup, employé. Mont des Oliviers, r. Pontaise.",
            "sheet": "Pontaise",
            "year": 1901
          },
          {
            "address": "['avenueMont-Iilanc, 6', 'Pontaise.']",
            "Nom": "Pontaise",
            "Métier": "['typographe']",
            "Classification": "intermediaire",
            "LigneOriginal": " Louis-Charles. typographe, avenueMont-Iilanc, 6, Pontaise.",
            "sheet": "Pontaise",
            "year": 1901
          },
          {
            "address": "['Beau Signal, I, Pontaise']",
            "Nom": "Pontaise",
            "Métier": "['manœuvre ,']",
            "Classification": "proletaire",
            "LigneOriginal": "Favre-Laurent , Ulysse , manœuvre ,Beau Signal, I, Pontaise.",
            "sheet": "Pontaise",
            "year": 1901
          },
          {
            "address": "['Chauderon, 26', 'maison Cachili, Pontaise']",
            "Nom": "Pontaise",
            "Métier": "[]",
            "Classification": "???",
            "LigneOriginal": "— Henri, photographe, Chauderon, 26. Atelier maison Cachili, Pontaise.",
            "sheet": "Pontaise",
            "year": 1901
          },
          {
            "address": "['Beau Signal, 1, r. des Crêtes,Pontaise']",
            "Nom": "Pontaise",
            "Métier": "['charpentier']",
            "Classification": "proletaire",
            "LigneOriginal": "Frossard-Challamel, Constant, charpentier, Beau Signal, 1, r. des Crêtes,Pontaise.",
            "sheet": "Pontaise",
            "year": 1901
          },
          {
            "address": "['Les Sapins, rue des Oliviers, Pontaise']",
            "Nom": "Pontaise",
            "Métier": "[]",
            "Classification": "???",
            "LigneOriginal": "Frutiger-Margot, J.-.l , voyageur decommerce, Les Sapins, rue des Oliviers, Pontaise.",
            "sheet": "Pontaise",
            "year": 1901
          },
          {
            "address": "['Les Pyrénées, 2', ', r. des Crêtes, Pontaise']",
            "Nom": "Pontaise",
            "Métier": "[]",
            "Classification": "???",
            "LigneOriginal": "Gerster, Edouard, téléphone, Les Pyrénées, 2, r. des Crêtes, Pontaise.",
            "sheet": "Pontaise",
            "year": 1901
          },
          {
            "address": "['Les Pyrénées, 2, r. desCrêtes, Pontaise']",
            "Nom": "Pontaise",
            "Métier": "['employétéléphone,']",
            "Classification": "intermediaire",
            "LigneOriginal": "Gerster - Moachon, François, employétéléphone, Les Pyrénées, 2, r. desCrêtes, Pontaise.",
            "sheet": "Pontaise",
            "year": 1901
          },
          {
            "address": "['r. desCrêtes, Pontaise']",
            "Nom": "Pontaise",
            "Métier": "['cordonnier']",
            "Classification": "intermediaire",
            "LigneOriginal": "Gezmann, Edouard, cordonnier, r. desCrêtes, Pontaise.",
            "sheet": "Pontaise",
            "year": 1901
          },
          {
            "address": "['Clos du Levant, 1, Pontaise']",
            "Nom": "Pontaise",
            "Métier": "['manœuvre.']",
            "Classification": "proletaire",
            "LigneOriginal": "Gilliéron-Jaquillard, Louis, manœuvre. Clos du Levant, 1, Pontaise.",
            "sheet": "Pontaise",
            "year": 1901
          },
          {
            "address": "['St-Louis, ruedes Jardins, Pontaise']",
            "Nom": "Pontaise",
            "Métier": "['cordonnier']",
            "Classification": "intermediaire",
            "LigneOriginal": "Golay, Eugène, cordonnier, St-Louis, ruedes Jardins, Pontaise.",
            "sheet": "Pontaise",
            "year": 1901
          },
          {
            "address": "['rue des Jardins, Pontaise']",
            "Nom": "Pontaise",
            "Métier": "['employé,']",
            "Classification": "proletaire",
            "LigneOriginal": "Grandguillaume-Perrenoud-Cala -me, Arnold, employé, rue des Jardins, Pontaise.",
            "sheet": "Pontaise",
            "year": 1901
          },
          {
            "address": "['Le Bouton Jaune, Pontaise']",
            "Nom": "Pontaise",
            "Métier": "['typographe']",
            "Classification": "intermediaire",
            "LigneOriginal": "Grédig-Mégroz, Etienne-Adalb., typographe, Le Bouton Jaune, Pontaise.",
            "sheet": "Pontaise",
            "year": 1901
          },
          {
            "address": "['Rose Mousse, r. des Oliviers,Pontaise']",
            "Nom": "Pontaise",
            "Métier": "['couturière']",
            "Classification": "proletaire",
            "LigneOriginal": "Greiner-Merienne, J.-A., couturière,Rose Mousse, r. des Oliviers,Pontaise.",
            "sheet": "Pontaise",
            "year": 1901
          },
          {
            "address": "['Clos des Alpes, Pontaise']",
            "Nom": "Pontaise",
            "Métier": "['modiste', ', 2.']",
            "Classification": "proletaire",
            "LigneOriginal": "Grépin, Catherine, modiste, Clos des Alpes, Pontaise, 2.",
            "sheet": "Pontaise",
            "year": 1901
          },
          {
            "address": "['rue des Jardins, Pontaise']",
            "Nom": "Pontaise",
            "Métier": "['employée de commerce']",
            "Classification": "proletaire",
            "LigneOriginal": "Gruffel, Jeanne, employée de commerce,rue des Jardins, Pontaise.",
            "sheet": "Pontaise",
            "year": 1901
          },
          {
            "address": "['rue des Jardins, Pontaise']",
            "Nom": "Pontaise",
            "Métier": "['. de commerce']",
            "Classification": "proletaire",
            "LigneOriginal": "GruffeI-Winkler,.l.-L.-,I.,empl. de commerce, rue des Jardins, Pontaise.",
            "sheet": "Pontaise",
            "year": 1901
          },
          {
            "address": "['villa St-Louis, Pontaise']",
            "Nom": "Pontaise",
            "Métier": "['journalier']",
            "Classification": "proletaire",
            "LigneOriginal": "Guerry-Goumaz, Edouard-David, journalier, villa St-Louis, Pontaise.",
            "sheet": "Pontaise",
            "year": 1901
          },
          {
            "address": "['Diane, avenue', 'Mont-Blanc,Pontaise']",
            "Nom": "Pontaise",
            "Métier": "[]",
            "Classification": "???",
            "LigneOriginal": "— Jeanne, La Diane, avenue Mont-Blanc,Pontaise.",
            "sheet": "Pontaise",
            "year": 1901
          },
          {
            "address": "['Diane, avenue', 'Mont-Blanc, Pontaise']",
            "Nom": "Pontaise",
            "Métier": "[]",
            "Classification": "???",
            "LigneOriginal": "— Marguerite, La Diane, avenue Mont-Blanc, Pontaise.",
            "sheet": "Pontaise",
            "year": 1901
          },
          {
            "address": "['Duruz ,', 'La Diane, avenue MontBlanc, Pontaise']",
            "Nom": "Pontaise",
            "Métier": "[]",
            "Classification": "???",
            "LigneOriginal": "Guignet-Desgalier-Duruz , Charles .photographe. La Diane, avenue MontBlanc, Pontaise. T. 1502",
            "sheet": "Pontaise",
            "year": 1901
          },
          {
            "address": "['Mon I’oyer,Pontaise']",
            "Nom": "Pontaise",
            "Métier": "['couturière']",
            "Classification": "proletaire",
            "LigneOriginal": "Guillemin, Amélie,couturière, Mon I’oyer,Pontaise.",
            "sheet": "Pontaise",
            "year": 1901
          },
          {
            "address": "['Mon Foyer, Pontaise']",
            "Nom": "Pontaise",
            "Métier": "['charron']",
            "Classification": "intermediaire",
            "LigneOriginal": "Guillemin-Kalbfuss, Charles, charron,Mon Foyer, Pontaise.",
            "sheet": "Pontaise",
            "year": 1901
          },
          {
            "address": "['villa St-Georges, Pontaise']",
            "Nom": "Pontaise",
            "Métier": "['artistepeintre']",
            "Classification": "intermediaire",
            "LigneOriginal": "Hermenjat-Znobel, Abraham, artistepeintre, villa St-Georges, Pontaise.",
            "sheet": "Pontaise",
            "year": 1901
          },
          {
            "address": "['Mon Foyer, Pontaise']",
            "Nom": "Pontaise",
            "Métier": "['éléctricien']",
            "Classification": "intermediaire",
            "LigneOriginal": "Hofer - Morrelet, Joseph, éléctricien ,Mon Foyer, Pontaise.",
            "sheet": "Pontaise",
            "year": 1901
          },
          {
            "address": "['Closdu Centenaire, Pontaise']",
            "Nom": "Pontaise",
            "Métier": "['charretier']",
            "Classification": "proletaire",
            "LigneOriginal": "Howald-Blanc, Louis, charretier, Closdu Centenaire, Pontaise.",
            "sheet": "Pontaise",
            "year": 1901
          },
          {
            "address": "['St-Georges, Pontaise']",
            "Nom": "Pontaise",
            "Métier": "['rentier']",
            "Classification": "inactif",
            "LigneOriginal": "Howard - Smith, Henry, rentier, St-Georges, Pontaise.",
            "sheet": "Pontaise",
            "year": 1901
          },
          {
            "address": "['av.des Oiseaux. 9, Pontaise']",
            "Nom": "Pontaise",
            "Métier": "['électricien']",
            "Classification": "intermediaire",
            "LigneOriginal": "Janz-Seewer, Christian, électricien, av.des Oiseaux. 9, Pontaise.",
            "sheet": "Pontaise",
            "year": 1901
          },
          {
            "address": "['Pontaise,']",
            "Nom": "Pontaise",
            "Métier": "['brigadier de police']",
            "Classification": "intermediaire",
            "LigneOriginal": "— Emile, brigadier de police, Pontaise, I I.",
            "sheet": "Pontaise",
            "year": 1901
          },
          {
            "address": "['maisonFreymond, Pontaise']",
            "Nom": "Pontaise",
            "Métier": "['couturière']",
            "Classification": "proletaire",
            "LigneOriginal": "Kéller-Janz, Sophie, couturière, maisonFreymond, Pontaise.",
            "sheet": "Pontaise",
            "year": 1901
          },
          {
            "address": "['Mon Idée, r. des Jardins, 1', 'Pontaise.']",
            "Nom": "Pontaise",
            "Métier": "[]",
            "Classification": "???",
            "LigneOriginal": "Kircher - Duperret, E.-M., infirmier,Mon Idée, r. des Jardins, 1, Pontaise.",
            "sheet": "Pontaise",
            "year": 1901
          },
          {
            "address": "['Mont,', 'Le Verger, Pontaise']",
            "Nom": "Pontaise",
            "Métier": "['notaire']",
            "Classification": "intermediaire",
            "LigneOriginal": "Krayenbuhl-Du Mont, Ernest, notaire,Le Verger, Pontaise. T. 1571. BureauHaldimand, 10 bis, T. 1226.",
            "sheet": "Pontaise",
            "year": 1901
          },
          {
            "address": "['Le Paradis,Pontaise']",
            "Nom": "Pontaise",
            "Métier": "[]",
            "Classification": "???",
            "LigneOriginal": "Krebs-Ducret , Georges , Le Paradis,Pontaise.",
            "sheet": "Pontaise",
            "year": 1901
          },
          {
            "address": "['ValFleuri, r. des Jardins, Pontaise']",
            "Nom": "Pontaise",
            "Métier": "['journalier']",
            "Classification": "proletaire",
            "LigneOriginal": "Laurent-Jaquier, Félix, journalier, ValFleuri, r. des Jardins, Pontaise.",
            "sheet": "Pontaise",
            "year": 1901
          },
          {
            "address": "['Rose-Mousse, r. des Oliviers, Pontaise']",
            "Nom": "Pontaise",
            "Métier": "[]",
            "Classification": "???",
            "LigneOriginal": "Laurent-Morel, J.-A., menuisier, Rose-Mousse, r. des Oliviers, Pontaise.",
            "sheet": "Pontaise",
            "year": 1901
          },
          {
            "address": "['r. des Jardins, Pontaise']",
            "Nom": "Pontaise",
            "Métier": "[]",
            "Classification": "???",
            "LigneOriginal": "— Mary-Louise, Clialet Suisse, r. des Jardins, Pontaise.",
            "sheet": "Pontaise",
            "year": 1901
          },
          {
            "address": "['Les Sapins, Pontaise']",
            "Nom": "Pontaise",
            "Métier": "['de police']",
            "Classification": "intermediaire",
            "LigneOriginal": "Lavanchy-Ducros, J.-L., agent de police, Les Sapins, Pontaise.",
            "sheet": "Pontaise",
            "year": 1901
          },
          {
            "address": "['Les Colom-bettes, av. Druey, Pontaise']",
            "Nom": "Pontaise",
            "Métier": "[]",
            "Classification": "???",
            "LigneOriginal": "Léchaut, E.-H., horticulteur. Les Colom-bettes, av. Druey, Pontaise. ..",
            "sheet": "Pontaise",
            "year": 1901
          },
          {
            "address": "['chaletSuisse,', '4. rue des Jardins, Pontaise']",
            "Nom": "Pontaise",
            "Métier": "['maçon']",
            "Classification": "proletaire",
            "LigneOriginal": "Lepori-Borel, Pierre. maçon, chaletSuisse, 4. rue des Jardins, Pontaise.",
            "sheet": "Pontaise",
            "year": 1901
          },
          {
            "address": "['chaletSuisse, 4', ', rue des Jardins, Pontaise']",
            "Nom": "Pontaise",
            "Métier": "[]",
            "Classification": "???",
            "LigneOriginal": "Leprêtre, Aug.-Marie, couturière, chaletSuisse, 4, rue des Jardins, Pontaise.",
            "sheet": "Pontaise",
            "year": 1901
          },
          {
            "address": "['r. Oliviers, Pontaise']",
            "Nom": "Pontaise",
            "Métier": "['contremaître maçon', 'Rose Mousse']",
            "Classification": "proletaire",
            "LigneOriginal": "Manzini, Jules, contremaître maçon,Rose Mousse, r. Oliviers, Pontaise.",
            "sheet": "Pontaise",
            "year": 1901
          },
          {
            "address": "['villa St-Jean, r. desOliviers, Pontaise']",
            "Nom": "Pontaise",
            "Métier": "['comptable']",
            "Classification": "intermediaire",
            "LigneOriginal": "— Louis, comptable, villa St-Jean, r. desOliviers, Pontaise.",
            "sheet": "Pontaise",
            "year": 1901
          },
          {
            "address": "['villa Maria, Pontaise']",
            "Nom": "Pontaise",
            "Métier": "['employéJ.-S.,']",
            "Classification": "proletaire",
            "LigneOriginal": "Marchand-Cherpillod, Victor, employéJ.-S., villa Maria, Pontaise.",
            "sheet": "Pontaise",
            "year": 1901
          },
          {
            "address": "['LesPyrénées, 3, rue des Crêtes, Pontaise']",
            "Nom": "Pontaise",
            "Métier": "['pierriste']",
            "Classification": "proletaire",
            "LigneOriginal": "Maret-Guinnard, Fritz, pierriste, LesPyrénées, 3, rue des Crêtes, Pontaise.",
            "sheet": "Pontaise",
            "year": 1901
          },
          {
            "address": "['Clos des Amis, Pontaise']",
            "Nom": "Pontaise",
            "Métier": "['menuisier']",
            "Classification": "proletaire",
            "LigneOriginal": "Matthey-Wampfler, Armand, menuisier, Clos des Amis, Pontaise.",
            "sheet": "Pontaise",
            "year": 1901
          },
          {
            "address": "['av. Mont-Blanc,10. Pontaise']",
            "Nom": "Pontaise",
            "Métier": "['couturière']",
            "Classification": "proletaire",
            "LigneOriginal": "— Clémentine, couturière, av. Mont-Blanc,10. Pontaise.",
            "sheet": "Pontaise",
            "year": 1901
          },
          {
            "address": "['av. Mont-Blanc, 10,Pontaise']",
            "Nom": "Pontaise",
            "Métier": "[]",
            "Classification": "???",
            "LigneOriginal": "— Vincent, commis, av. Mont-Blanc, 10,Pontaise.",
            "sheet": "Pontaise",
            "year": 1901
          },
          {
            "address": "['LeBossoir, Pontaise']",
            "Nom": "Pontaise",
            "Métier": "['agriculteur']",
            "Classification": "proletaire",
            "LigneOriginal": "Meylan-Blanc, Henri, agriculteur, LeBossoir, Pontaise.",
            "sheet": "Pontaise",
            "year": 1901
          },
          {
            "address": "['Beau-Signal, Pontaise']",
            "Nom": "Pontaise",
            "Métier": "['décorateur']",
            "Classification": "proletaire",
            "LigneOriginal": "Mignone-Casagrande, François, décorateur, Beau-Signal, Pontaise.",
            "sheet": "Pontaise",
            "year": 1901
          },
          {
            "address": "['rue desJardins,Pontaise']",
            "Nom": "Pontaise",
            "Métier": "['couturière']",
            "Classification": "proletaire",
            "LigneOriginal": "— Clémence, couturière, rue desJardins,Pontaise.",
            "sheet": "Pontaise",
            "year": 1901
          },
          {
            "address": "['MoiChalet, Pontaise']",
            "Nom": "Pontaise",
            "Métier": "['employé,']",
            "Classification": "proletaire",
            "LigneOriginal": "Milliquet, Aloïs-Jules-L., employé, MoiChalet, Pontaise.",
            "sheet": "Pontaise",
            "year": 1901
          },
          {
            "address": "[',MonChalet, Pontaise']",
            "Nom": "Pontaise",
            "Métier": "['employéla Chancellerie']",
            "Classification": "intermediaire",
            "LigneOriginal": "Milliquet-Berney, Charles, employéla Chancellerie,MonChalet, Pontaise",
            "sheet": "Pontaise",
            "year": 1901
          },
          {
            "address": "['Mon Chalet, Pontaise', 'Mag.Valentin']",
            "Nom": "Pontaise",
            "Métier": "['ébéniste']",
            "Classification": "proletaire",
            "LigneOriginal": "Milliquet - Miéville, Cliarles-Maurice,ébéniste, Mon Chalet, Pontaise. Mag.Valentin, 48.",
            "sheet": "Pontaise",
            "year": 1901
          },
          {
            "address": "['r. des Jardins, Pontaise']",
            "Nom": "Pontaise",
            "Métier": "['serrurier']",
            "Classification": "intermediaire",
            "LigneOriginal": "Minazzoli, Victor, serrurier, Fraternité,r. des Jardins, Pontaise.",
            "sheet": "Pontaise",
            "year": 1901
          },
          {
            "address": "['Mon Plaisir, Pontaise']",
            "Nom": "Pontaise",
            "Métier": "['tailleur']",
            "Classification": "proletaire",
            "LigneOriginal": "—• Fritz, tailleur, Mon Plaisir, Pontaise, 47.",
            "sheet": "Pontaise",
            "year": 1901
          },
          {
            "address": "['Closdes Amis, Pontaise']",
            "Nom": "Pontaise",
            "Métier": "['employé,', ', 17.']",
            "Classification": "intermediaire",
            "LigneOriginal": "Moulin-Marti, Charles, employé, Closdes Amis, Pontaise, 17.",
            "sheet": "Pontaise",
            "year": 1901
          },
          {
            "address": "['Reau Signal,Pontaise']",
            "Nom": "Pontaise",
            "Métier": "['couturière']",
            "Classification": "proletaire",
            "LigneOriginal": "— Julie-Louise, couturière, Reau Signal,Pontaise.",
            "sheet": "Pontaise",
            "year": 1901
          },
          {
            "address": "['BeauSignal, I, r. des Crêtes, Pontaise']",
            "Nom": "Pontaise",
            "Métier": "[',mécanicien']",
            "Classification": "intermediaire",
            "LigneOriginal": "Neuhaus-Mutti, Aug.,mécanicien, BeauSignal, I, r. des Crêtes, Pontaise.",
            "sheet": "Pontaise",
            "year": 1901
          },
          {
            "address": "['villa Récab,ruedes Oliviers, Pontaise']",
            "Nom": "Pontaise",
            "Métier": "['femme du ménage']",
            "Classification": "proletaire",
            "LigneOriginal": "— Emma, femme du ménage, villa Récab,ruedes Oliviers, Pontaise.",
            "sheet": "Pontaise",
            "year": 1901
          },
          {
            "address": "['Clos îles Amis,Pontaise']",
            "Nom": "Pontaise",
            "Métier": "['domestique,']",
            "Classification": "proletaire",
            "LigneOriginal": "— Mathilde, domestique, Clos îles Amis,Pontaise.",
            "sheet": "Pontaise",
            "year": 1901
          },
          {
            "address": "['Pontaise,26.']",
            "Nom": "Pontaise",
            "Métier": "[]",
            "Classification": "???",
            "LigneOriginal": "Perréaz-Cœytaux, typogr., Pontaise,26.",
            "sheet": "Pontaise",
            "year": 1901
          },
          {
            "address": "['rue des Crêtes,Pontaise']",
            "Nom": "Pontaise",
            "Métier": "['couturière']",
            "Classification": "proletaire",
            "LigneOriginal": "— Bertha-J., couturière, rue des Crêtes,Pontaise.",
            "sheet": "Pontaise",
            "year": 1901
          },
          {
            "address": "['Clos Lilas, Pontaise']",
            "Nom": "Pontaise",
            "Métier": "['couturière']",
            "Classification": "proletaire",
            "LigneOriginal": "— Berthe, couturière, Clos Lilas, Pontaise.",
            "sheet": "Pontaise",
            "year": 1901
          },
          {
            "address": "['avenue Mont-Blanc, 10', 'Pontaise.']",
            "Nom": "Pontaise",
            "Métier": "['couturière']",
            "Classification": "proletaire",
            "LigneOriginal": "— Elisabeth, couturière, avenue Mont-Blanc, 10, Pontaise.",
            "sheet": "Pontaise",
            "year": 1901
          },
          {
            "address": "['r. des Oliviers,Pontaise']",
            "Nom": "Pontaise",
            "Métier": "['lingère', 'v. Maria']",
            "Classification": "proletaire",
            "LigneOriginal": "— Emma, lingère, v. Maria, r. des Oliviers,Pontaise.",
            "sheet": "Pontaise",
            "year": 1901
          },
          {
            "address": "['rue des Crêtes, Pontaise']",
            "Nom": "Pontaise",
            "Métier": "['employé de commerce']",
            "Classification": "proletaire",
            "LigneOriginal": "— François-L., employé de commerce,rue des Crêtes, Pontaise.",
            "sheet": "Pontaise",
            "year": 1901
          },
          {
            "address": "['Le Verger, Pontaise']",
            "Nom": "Pontaise",
            "Métier": "['mécanicien']",
            "Classification": "intermediaire",
            "LigneOriginal": "— Louis, mécanicien, Le Verger, Pontaise.",
            "sheet": "Pontaise",
            "year": 1901
          },
          {
            "address": "['villa Maria, rue des Oliviers, Pontaise']",
            "Nom": "Pontaise",
            "Métier": "['lingère']",
            "Classification": "proletaire",
            "LigneOriginal": "— Marie, lingère, villa Maria, rue des Oliviers, Pontaise.",
            "sheet": "Pontaise",
            "year": 1901
          },
          {
            "address": "['rue des Crêtes,Pontaise']",
            "Nom": "Pontaise",
            "Métier": "['journalière,']",
            "Classification": "proletaire",
            "LigneOriginal": "— Louise, journalière, rue des Crêtes,Pontaise.",
            "sheet": "Pontaise",
            "year": 1901
          },
          {
            "address": "['Les Colombettes, av.Druev, Pontaise']",
            "Nom": "Pontaise",
            "Métier": "['lingère']",
            "Classification": "proletaire",
            "LigneOriginal": "— Louise, lingère, Les Colombettes, av.Druev, Pontaise.",
            "sheet": "Pontaise",
            "year": 1901
          },
          {
            "address": "['Val Fleuri, Pontaise']",
            "Nom": "Pontaise",
            "Métier": "['couturière']",
            "Classification": "proletaire",
            "LigneOriginal": "— Marie, couturière, Val Fleuri, Pontaise.",
            "sheet": "Pontaise",
            "year": 1901
          },
          {
            "address": "['avenue Mont Blanc, Pontaise']",
            "Nom": "Pontaise",
            "Métier": "['technicien']",
            "Classification": "intermediaire",
            "LigneOriginal": "Polinkowsky-Jensch, Joseph, technicien, avenue Mont Blanc, Pontaise.",
            "sheet": "Pontaise",
            "year": 1901
          },
          {
            "address": "['rue des Oliviers, Pontaise']",
            "Nom": "Pontaise",
            "Métier": "['gypsier-peintre']",
            "Classification": "proletaire",
            "LigneOriginal": "Ponci-Robert, Henri, gypsier-peintre,rue des Oliviers, Pontaise.",
            "sheet": "Pontaise",
            "year": 1901
          },
          {
            "address": "['des Jardins, Pontaise']",
            "Nom": "Pontaise",
            "Métier": "['chapelier', 'la Brune,,rue']",
            "Classification": "intermediaire",
            "LigneOriginal": "Poncioni, Brunone, chapelier, la Brune,,rue des Jardins, Pontaise.",
            "sheet": "Pontaise",
            "year": 1901
          },
          {
            "address": "['Beau Signal, rue des Crêtes, Pontaise']",
            "Nom": "Pontaise",
            "Métier": "['tailleur de pierres']",
            "Classification": "proletaire",
            "LigneOriginal": " Henri, tailleur de pierres, Beau Signal, rue des Crêtes, Pontaise.",
            "sheet": "Pontaise",
            "year": 1901
          },
          {
            "address": "['Clos du Levant,3,', 'Pontaise.']",
            "Nom": "Pontaise",
            "Métier": "['employé,']",
            "Classification": "proletaire",
            "LigneOriginal": "— Louis, employé, Clos du Levant,3, Pontaise.",
            "sheet": "Pontaise",
            "year": 1901
          },
          {
            "address": "['av. Mont Blanc, 6', 'Pontaise.']",
            "Nom": "Pontaise",
            "Métier": "[]",
            "Classification": "???",
            "LigneOriginal": "— Mathilde, av. Mont Blanc, 6, Pontaise.",
            "sheet": "Pontaise",
            "year": 1901
          },
          {
            "address": "['Pontaise.']",
            "Nom": "Pontaise",
            "Métier": "['margeur', 'v. Beauval,']",
            "Classification": "proletaire",
            "LigneOriginal": "— Emile, margeur, v. Beauval, Pontaise.",
            "sheet": "Pontaise",
            "year": 1901
          },
          {
            "address": "['Clos Levant, 2', 'Pontaise.']",
            "Nom": "Pontaise",
            "Métier": "[]",
            "Classification": "???",
            "LigneOriginal": "— Julie, Clos Levant, 2, Pontaise.",
            "sheet": "Pontaise",
            "year": 1901
          },
          {
            "address": "['villaBeauval, Pontaise', '. Mag']",
            "Nom": "Pontaise",
            "Métier": "['coiffeur', '. Chaucrau.']",
            "Classification": "proletaire",
            "LigneOriginal": "Regamey-Dufaux, Louis, coiffeur, villaBeauval, Pontaise. Mag. Chaucrau.",
            "sheet": "Pontaise",
            "year": 1901
          },
          {
            "address": "['villa Beauval, Pontaise']",
            "Nom": "Pontaise",
            "Métier": "['ménagère']",
            "Classification": "inactif",
            "LigneOriginal": "Regamey-Wagnière, Jeannette, ménagère, villa Beauval, Pontaise.",
            "sheet": "Pontaise",
            "year": 1901
          },
          {
            "address": "['av. Mónt Blanc, 3, Pontaise']",
            "Nom": "Pontaise",
            "Métier": "['coiffeur']",
            "Classification": "proletaire",
            "LigneOriginal": "Richard-Sensonnens, Ijenri, coiffeur,av. Mónt Blanc, 3, Pontaise. T. 697.",
            "sheet": "Pontaise",
            "year": 1901
          },
          {
            "address": "['Les Pyrénées, r. des Crêtes,Pontaise']",
            "Nom": "Pontaise",
            "Métier": "['monteur mécanicien']",
            "Classification": "proletaire",
            "LigneOriginal": "Rigaud-Aneth, Charles, monteur mécanicien, Les Pyrénées, r. des Crêtes,Pontaise.",
            "sheet": "Pontaise",
            "year": 1901
          },
          {
            "address": "['Val-Fleuri, ruôdes', 'Jardins, Pontaise']",
            "Nom": "Pontaise",
            "Métier": "[]",
            "Classification": "???",
            "LigneOriginal": "— Edmond, photographe, Val-Fleuri, ruôdes Jardins, Pontaise.",
            "sheet": "Pontaise",
            "year": 1901
          },
          {
            "address": "['Val-Fleuri, rue', ', desJardins, Pontaise']",
            "Nom": "Pontaise",
            "Métier": "['tapissier']",
            "Classification": "proletaire",
            "LigneOriginal": "— Fernand, tapissier, Val-Fleuri, rue, desJardins, Pontaise.",
            "sheet": "Pontaise",
            "year": 1901
          },
          {
            "address": "['r.des Jardins, Pontaise']",
            "Nom": "Pontaise",
            "Métier": "['Val Fleuri']",
            "Classification": "???",
            "LigneOriginal": "Rochat-Amiguet, Adele, Val Fleuri, r.des Jardins, Pontaise.",
            "sheet": "Pontaise",
            "year": 1901
          },
          {
            "address": "['Le Noisetier,Pontaise']",
            "Nom": "Pontaise",
            "Métier": "['blanchisseur']",
            "Classification": "proletaire",
            "LigneOriginal": " Charles, blanchisseur, Le Noisetier,Pontaise.",
            "sheet": "Pontaise",
            "year": 1901
          },
          {
            "address": "['avenue Mont-Blanc,9, Pontaise']",
            "Nom": "Pontaise",
            "Métier": "['serg.-major,', 'garde-frontières']",
            "Classification": "proletaire",
            "LigneOriginal": "Rochat-Pilliod , Camille, serg.-major,garde-frontières, avenue Mont-Blanc,9, Pontaise.",
            "sheet": "Pontaise",
            "year": 1901
          },
          {
            "address": "['v. Sl-Georges, Pontaise, il']",
            "Nom": "Pontaise",
            "Métier": "['employé debureau']",
            "Classification": "intermediaire",
            "LigneOriginal": "Rosset-Dupertuis, Alberi, employé debureau, v. Sl-Georges, Pontaise, il!).",
            "sheet": "Pontaise",
            "year": 1901
          },
          {
            "address": "['Chalet Suisse, ‘2, r. des Jardins, Pontaise']",
            "Nom": "Pontaise",
            "Métier": "[]",
            "Classification": "???",
            "LigneOriginal": "Rosset-Vuichet, J.-L., charretier. Chalet Suisse, ‘2, r. des Jardins, Pontaise.",
            "sheet": "Pontaise",
            "year": 1901
          },
          {
            "address": "['villa St-Georges, Pontaise']",
            "Nom": "Pontaise",
            "Métier": "['lingère', 'couturière']",
            "Classification": "proletaire",
            "LigneOriginal": "Roux-Baud, Louise, lingère, couturière,villa St-Georges, Pontaise.",
            "sheet": "Pontaise",
            "year": 1901
          },
          {
            "address": "['avenueMont Blanc, 3', 'Pontaise.']",
            "Nom": "Pontaise",
            "Métier": "['garçon de magasin']",
            "Classification": "proletaire",
            "LigneOriginal": "— Gaspard, garçon de magasin, avenueMont Blanc, 3, Pontaise.",
            "sheet": "Pontaise",
            "year": 1901
          },
          {
            "address": "['av. duMont-Blanc, 8, Pontaise']",
            "Nom": "Pontaise",
            "Métier": "['serrurier']",
            "Classification": "intermediaire",
            "LigneOriginal": "Rupff-Jänich, Samuel, serrurier, av. duMont-Blanc, 8, Pontaise.",
            "sheet": "Pontaise",
            "year": 1901
          },
          {
            "address": "['rue desJardins, Pontaise']",
            "Nom": "Pontaise",
            "Métier": "['menuisier']",
            "Classification": "proletaire",
            "LigneOriginal": "Schwab, Benedict, menuisier, rue desJardins, Pontaise.",
            "sheet": "Pontaise",
            "year": 1901
          },
          {
            "address": "['Mon Plaisir, Pontaise']",
            "Nom": "Pontaise",
            "Métier": "['journalière,']",
            "Classification": "proletaire",
            "LigneOriginal": "Sollberger-Wagnon, Julie, journalière,Mon Plaisir, Pontaise.",
            "sheet": "Pontaise",
            "year": 1901
          },
          {
            "address": "['Les Pyrénées, 2', 'Pontaise.']",
            "Nom": "Pontaise",
            "Métier": "['commissionnaire']",
            "Classification": "proletaire",
            "LigneOriginal": "Sthioul, Paul, commissionnaire, Les Pyrénées, 2, Pontaise.",
            "sheet": "Pontaise",
            "year": 1901
          },
          {
            "address": "['La Pensée,Pontaise']",
            "Nom": "Pontaise",
            "Métier": "['domestique,']",
            "Classification": "proletaire",
            "LigneOriginal": "Tardy, Louise, domestique, La Pensée,Pontaise.",
            "sheet": "Pontaise",
            "year": 1901
          },
          {
            "address": "['MonSouhait, av. desJardins, Pontaise']",
            "Nom": "Pontaise",
            "Métier": "['comptable']",
            "Classification": "intermediaire",
            "LigneOriginal": "Tauxe - Marti, Paul, comptable, MonSouhait, av. desJardins, Pontaise.",
            "sheet": "Pontaise",
            "year": 1901
          },
          {
            "address": "['Clos desAmis, Pontaise']",
            "Nom": "Pontaise",
            "Métier": "[]",
            "Classification": "???",
            "LigneOriginal": "Theohareva, Venitia, étudiant, Clos desAmis, Pontaise.",
            "sheet": "Pontaise",
            "year": 1901
          },
          {
            "address": "['café des Grandes Roches, av. Druey,Pontaise']",
            "Nom": "Pontaise",
            "Métier": "['chefde cuisine']",
            "Classification": "intermediaire",
            "LigneOriginal": "Thut-Lehrian, Adolphe, chefde cuisine,café des Grandes Roches, av. Druey,Pontaise,",
            "sheet": "Pontaise",
            "year": 1901
          },
          {
            "address": "['La Diane, av. Mont-Blanc,3, Pontaise']",
            "Nom": "Pontaise",
            "Métier": "['employéde banque']",
            "Classification": "intermediaire",
            "LigneOriginal": "Turrian-Lædermann, Henri, employéde banque, La Diane, av. Mont-Blanc,3, Pontaise.",
            "sheet": "Pontaise",
            "year": 1901
          },
          {
            "address": "['v.St-Jean, r. des Oliviers, Pontaise']",
            "Nom": "Pontaise",
            "Métier": "['copiste']",
            "Classification": "intermediaire",
            "LigneOriginal": "Vallotton-Olivier, sécrét. copiste, v.St-Jean, r. des Oliviers, Pontaise.",
            "sheet": "Pontaise",
            "year": 1901
          },
          {
            "address": "['r. delà Pontaise, 3(5']",
            "Nom": "Pontaise",
            "Métier": "['domestique']",
            "Classification": "proletaire",
            "LigneOriginal": "Varo, Séverine, domestique, r. delà Pontaise, 3(5.",
            "sheet": "Pontaise",
            "year": 1901
          },
          {
            "address": "['Pontaise,48. H.']",
            "Nom": "Pontaise",
            "Métier": "[]",
            "Classification": "???",
            "LigneOriginal": "Vez-Troyon, Marc-A., café, Pontaise,48. H.",
            "sheet": "Pontaise",
            "year": 1901
          },
          {
            "address": "['LeCentenaire, Pontaise']",
            "Nom": "Pontaise",
            "Métier": "['charpentier', ', 41.']",
            "Classification": "proletaire",
            "LigneOriginal": "Villard-Graden, Henri, charpentier, LeCentenaire, Pontaise, 41.",
            "sheet": "Pontaise",
            "year": 1901
          },
          {
            "address": "['Le Verger, Pontaise']",
            "Nom": "Pontaise",
            "Métier": "['pensionnat dedemoiselles']",
            "Classification": "intermediaire",
            "LigneOriginal": "Viret-Gonvers, Lucie, pensionnat dedemoiselles, Le Verger, Pontaise.",
            "sheet": "Pontaise",
            "year": 1901
          },
          {
            "address": "['Le Noisetier,Pontaise']",
            "Nom": "Pontaise",
            "Métier": "['journalière']",
            "Classification": "proletaire",
            "LigneOriginal": " Joséphine, journalière, Le Noisetier,Pontaise.",
            "sheet": "Pontaise",
            "year": 1901
          },
          {
            "address": "['Les Sapins, Pontaise']",
            "Nom": "Pontaise",
            "Métier": "['mécanicien']",
            "Classification": "intermediaire",
            "LigneOriginal": "Wulliamy, Ch., mécanicien, Les Sapins, Pontaise.",
            "sheet": "Pontaise",
            "year": 1901
          },
          {
            "address": "['Clos Lilas, Pontaise']",
            "Nom": "Pontaise",
            "Métier": "['agent de police']",
            "Classification": "intermediaire",
            "LigneOriginal": "Zuber-Richard, ll.-l... agent de police,Clos Lilas, Pontaise.",
            "sheet": "Pontaise",
            "year": 1901
          }
        ],
        "merged_count": 151
      }
    },
    {
      "type": "Feature",
      "geometry": {
        "type": "Point",
        "coordinates": [
          46.529763,
          6.630808
        ]
      },
      "properties": {
        "points": [
          {
            "address": "['rue de la Pontaise, 18']",
            "Nom": "La Pontaise",
            "Métier": "['ména-gore']",
            "Classification": "proletaire",
            "LigneOriginal": "Gattabin-Mocand, Marianne, ména-gore, rue de la Pontaise, 18.",
            "sheet": "La Pontaise",
            "year": 1901
          },
          {
            "address": "['rue de laPontaise, 18']",
            "Nom": "La Pontaise",
            "Métier": "[]",
            "Classification": "???",
            "LigneOriginal": "Pahud-Gattabin, Alphonse, rue de laPontaise, 18.",
            "sheet": "La Pontaise",
            "year": 1901
          },
          {
            "address": "['rue de la Pontaise, 18']",
            "Nom": "La Pontaise",
            "Métier": "[]",
            "Classification": "???",
            "LigneOriginal": "— Ernest, commis, rue de la Pontaise, 18.",
            "sheet": "La Pontaise",
            "year": 1901
          },
          {
            "address": "['r.de la Pontaise, 18']",
            "Nom": "La Pontaise",
            "Métier": "['ferblantier']",
            "Classification": "proletaire",
            "LigneOriginal": "Trachsel-Huser, Robert, ferblantier, r.de la Pontaise, 18.",
            "sheet": "La Pontaise",
            "year": 1901
          },
          {
            "address": "['Pontaise, 18']",
            "Nom": "Pontaise",
            "Métier": "['horticulteur']",
            "Classification": "intermediaire",
            "LigneOriginal": "Chapuis-Rusillon, Adrien, horticulteur,Pontaise, 18.",
            "sheet": "Pontaise",
            "year": 1901
          },
          {
            "address": "['r. Pontaise, 18']",
            "Nom": "Pontaise",
            "Métier": "[]",
            "Classification": "???",
            "LigneOriginal": "Christin - Diserens , M.-J.-J.-Auguste ,dessinateur, r. Pontaise, 18.",
            "sheet": "Pontaise",
            "year": 1901
          },
          {
            "address": "['Pontaise, 18']",
            "Nom": "Pontaise",
            "Métier": "['cordonnier']",
            "Classification": "intermediaire",
            "LigneOriginal": "Kaufmann - Messerli, Hermann, cordonnier, Pontaise, 18.",
            "sheet": "Pontaise",
            "year": 1901
          },
          {
            "address": "['Pontaise, 18']",
            "Nom": "Pontaise",
            "Métier": "['plâtrier-peintre']",
            "Classification": "proletaire",
            "LigneOriginal": "Nicola-Ducraux, Etienne, plâtrier-peintre, Pontaise, 18.",
            "sheet": "Pontaise",
            "year": 1901
          },
          {
            "address": "['Pontaise. 18']",
            "Nom": "Pontaise",
            "Métier": "['employé ait gaz']",
            "Classification": "intermediaire",
            "LigneOriginal": "Paris-Bolomey, Louis, employé ait gaz,Pontaise. 18.",
            "sheet": "Pontaise",
            "year": 1901
          },
          {
            "address": "['r. Pontaise, 18']",
            "Nom": "Pontaise",
            "Métier": "['agent depolice']",
            "Classification": "intermediaire",
            "LigneOriginal": "Parisod - Cornut, Benjamin, agent depolice, r. Pontaise, 18.",
            "sheet": "Pontaise",
            "year": 1901
          }
        ],
        "merged_count": 10
      }
    },
    {
      "type": "Feature",
      "geometry": {
        "type": "Point",
        "coordinates": [
          46.529385,
          6.629723
        ]
      },
      "properties": {
        "points": [
          {
            "address": "['rue de la Pontaise, 15']",
            "Nom": "La Pontaise",
            "Métier": "['instituteur']",
            "Classification": "élevé",
            "LigneOriginal": "Grandchamp - Jeanmonod, Auguste,instituteur, rue de la Pontaise, 15.",
            "sheet": "La Pontaise",
            "year": 1901
          },
          {
            "address": "['r. de la Pontaise, 15']",
            "Nom": "La Pontaise",
            "Métier": "['tapissier']",
            "Classification": "proletaire",
            "LigneOriginal": "Jaworowski-Jaton-Hügli, Jacob, tapissier, r. de la Pontaise, 15.",
            "sheet": "La Pontaise",
            "year": 1901
          },
          {
            "address": "['rue de laPontaise, 15']",
            "Nom": "La Pontaise",
            "Métier": "['domestique,']",
            "Classification": "proletaire",
            "LigneOriginal": "Kunz, Bertha, domestique, rue de laPontaise, 15.",
            "sheet": "La Pontaise",
            "year": 1901
          },
          {
            "address": "['Pontaise, 15']",
            "Nom": "Pontaise",
            "Métier": "['poëlier']",
            "Classification": "proletaire",
            "LigneOriginal": "Barth-Bolomey, Jean, poëlier, Pontaise, 15.",
            "sheet": "Pontaise",
            "year": 1901
          },
          {
            "address": "['r. Pontaise, 15']",
            "Nom": "Pontaise",
            "Métier": "[]",
            "Classification": "???",
            "LigneOriginal": "— Ch.-Louis, employé, r. Pontaise, 15.",
            "sheet": "Pontaise",
            "year": 1901
          }
        ],
        "merged_count": 5
      }
    },
    {
      "type": "Feature",
      "geometry": {
        "type": "Point",
        "coordinates": [
          46.53125,
          6.629335
        ]
      },
      "properties": {
        "points": [
          {
            "address": "['rue de la Pontaise, 46']",
            "Nom": "La Pontaise",
            "Métier": "['cafetier']",
            "Classification": "proletaire",
            "LigneOriginal": "Guggisberg-Blanc, Rodolphe, cafetier,rue de la Pontaise, 46.",
            "sheet": "La Pontaise",
            "year": 1901
          },
          {
            "address": "['r. de la Pontaise, 46']",
            "Nom": "La Pontaise",
            "Métier": "[]",
            "Classification": "???",
            "LigneOriginal": "— Augustine, r. de la Pontaise, 46.",
            "sheet": "La Pontaise",
            "year": 1901
          }
        ],
        "merged_count": 2
      }
    },
    {
      "type": "Feature",
      "geometry": {
        "type": "Point",
        "coordinates": [
          46.529685,
          6.62991
        ]
      },
      "properties": {
        "points": [
          {
            "address": "['r. de la Pontaise, 19']",
            "Nom": "La Pontaise",
            "Métier": "['huissier du tribunal']",
            "Classification": "intermediaire",
            "LigneOriginal": "Lüthi-Martin, Frédéric, huissier du tribunal, r. de la Pontaise, 19.",
            "sheet": "La Pontaise",
            "year": 1901
          },
          {
            "address": "['LesPyrénées, Pontaise, 19']",
            "Nom": "Pontaise",
            "Métier": "['charron']",
            "Classification": "intermediaire",
            "LigneOriginal": "Basset-Dony, Marc-Louis, charron, LesPyrénées, Pontaise, 19.",
            "sheet": "Pontaise",
            "year": 1901
          },
          {
            "address": "['Pontaise, 19']",
            "Nom": "Pontaise",
            "Métier": "['cordonnier']",
            "Classification": "intermediaire",
            "LigneOriginal": "Châtelain - Guignard, Albert, cordonnier, Pontaise, 19.",
            "sheet": "Pontaise",
            "year": 1901
          },
          {
            "address": "['Pontaise, 19']",
            "Nom": "Pontaise",
            "Métier": "['imprimeur']",
            "Classification": "proletaire",
            "LigneOriginal": "Ducommun-Brandt, Edouard, imprimeur, Pontaise, 19.",
            "sheet": "Pontaise",
            "year": 1901
          },
          {
            "address": "['Pontaise, 19']",
            "Nom": "Pontaise",
            "Métier": "['coi IT']",
            "Classification": "proletaire",
            "LigneOriginal": "Fornallaz, Frédéric, coi IT., Pontaise, 19.",
            "sheet": "Pontaise",
            "year": 1901
          },
          {
            "address": "['Pontaise, 19']",
            "Nom": "Pontaise",
            "Métier": "['typograp']",
            "Classification": "intermediaire",
            "LigneOriginal": "Kaelin, Bénédict, typograp., Pontaise, 19.",
            "sheet": "Pontaise",
            "year": 1901
          },
          {
            "address": "['Pontaise, 19']",
            "Nom": "Pontaise",
            "Métier": "['ménagère.']",
            "Classification": "proletaire",
            "LigneOriginal": "Leuthold - Rossier, Adèle, ménagère.Pontaise, 19.",
            "sheet": "Pontaise",
            "year": 1901
          },
          {
            "address": "['Pontaise, 19']",
            "Nom": "Pontaise",
            "Métier": "['commispostal,']",
            "Classification": "intermediaire",
            "LigneOriginal": "Marguerat-Parisod, Frailç., commispostal, Pontaise, 19.",
            "sheet": "Pontaise",
            "year": 1901
          },
          {
            "address": "['Pontaise, 19']",
            "Nom": "Pontaise",
            "Métier": "['typographe']",
            "Classification": "intermediaire",
            "LigneOriginal": "Moginier - Jaton, Ernest, typographe,Pontaise, 19.",
            "sheet": "Pontaise",
            "year": 1901
          },
          {
            "address": "['Pontaise, 19']",
            "Nom": "Pontaise",
            "Métier": "['employé,']",
            "Classification": "proletaire",
            "LigneOriginal": "Pillonel-Gallmann, Alfred, employé,Pontaise, 19.",
            "sheet": "Pontaise",
            "year": 1901
          }
        ],
        "merged_count": 10
      }
    },
    {
      "type": "Feature",
      "geometry": {
        "type": "Point",
        "coordinates": [
          46.52958,
          6.630901
        ]
      },
      "properties": {
        "points": [
          {
            "address": "['rue dela Pontaise, 16']",
            "Nom": "La Pontaise",
            "Métier": "['comptable']",
            "Classification": "intermediaire",
            "LigneOriginal": "Pidoux-Kreis, Jules, comptable, rue dela Pontaise, 16.",
            "sheet": "La Pontaise",
            "year": 1901
          },
          {
            "address": "[',Pontaise, 16']",
            "Nom": "Pontaise",
            "Métier": "[]",
            "Classification": "???",
            "LigneOriginal": "Décorvet-Pichard, Félix-Oscar, nég.,Pontaise, 16.",
            "sheet": "Pontaise",
            "year": 1901
          },
          {
            "address": "[',Pontaise, 16']",
            "Nom": "Pontaise",
            "Métier": "['nég']",
            "Classification": "proletaire",
            "LigneOriginal": "Décorvet-Pichard, l'élix-Oscar, nég.,Pontaise, 16.",
            "sheet": "Pontaise",
            "year": 1901
          },
          {
            "address": "['Pontaise, 16']",
            "Nom": "Pontaise",
            "Métier": "[]",
            "Classification": "???",
            "LigneOriginal": "— Marie-Louise, domestique, Pontaise, 16.",
            "sheet": "Pontaise",
            "year": 1901
          },
          {
            "address": "['Pontaise, 16']",
            "Nom": "Pontaise",
            "Métier": "['greffier dujuge d’instruction']",
            "Classification": "élevé",
            "LigneOriginal": "Taillens - Devaud, Emile, greffier dujuge d’instruction, Pontaise, 16.",
            "sheet": "Pontaise",
            "year": 1901
          }
        ],
        "merged_count": 5
      }
    },
    {
      "type": "Feature",
      "geometry": {
        "type": "Point",
        "coordinates": [
          46.529977,
          6.629805
        ]
      },
      "properties": {
        "points": [
          {
            "address": "['rue de laPontaise. 25']",
            "Nom": "La Pontaise",
            "Métier": "['géomètre breveté']",
            "Classification": "intermediaire",
            "LigneOriginal": "— Albert, géomètre breveté , rue de laPontaise. 25.",
            "sheet": "La Pontaise",
            "year": 1901
          },
          {
            "address": "['r. de la Pontaise, 25']",
            "Nom": "La Pontaise",
            "Métier": "['ingénieur']",
            "Classification": "élevé",
            "LigneOriginal": "— Oscar, ingénieur, r. de la Pontaise, 25.",
            "sheet": "La Pontaise",
            "year": 1901
          },
          {
            "address": "['rue dela Pontaise, 25']",
            "Nom": "La Pontaise",
            "Métier": "['ménagère']",
            "Classification": "inactif",
            "LigneOriginal": "Rochat-Ferrin, Julie, ménagère, rue dela Pontaise, 25.",
            "sheet": "La Pontaise",
            "year": 1901
          }
        ],
        "merged_count": 3
      }
    },
    {
      "type": "Feature",
      "geometry": {
        "type": "Point",
        "coordinates": [
          46.530129,
          6.630026
        ]
      },
      "properties": {
        "points": [
          {
            "address": "['r. dela Pontaise, 26']",
            "Nom": "La Pontaise",
            "Métier": "['comptable']",
            "Classification": "intermediaire",
            "LigneOriginal": "Rouge-Jaquier, Henri, comptable, r. dela Pontaise, 26.",
            "sheet": "La Pontaise",
            "year": 1901
          },
          {
            "address": "['Pontaise, 26']",
            "Nom": "Pontaise",
            "Métier": "['préparateur']",
            "Classification": "proletaire",
            "LigneOriginal": "— Henri, préparateur, Pontaise, 26.",
            "sheet": "Pontaise",
            "year": 1901
          },
          {
            "address": "['Pontaise, 26']",
            "Nom": "Pontaise",
            "Métier": "['employé trams']",
            "Classification": "proletaire",
            "LigneOriginal": "Ramelet-Zingre, Jules, employé trams,Pontaise, 26.",
            "sheet": "Pontaise",
            "year": 1901
          }
        ],
        "merged_count": 3
      }
    },
    {
      "type": "Feature",
      "geometry": {
        "type": "Point",
        "coordinates": [
          46.52871,
          6.630815
        ]
      },
      "properties": {
        "points": [
          {
            "address": "['rue de laPontaise, 6']",
            "Nom": "La Pontaise",
            "Métier": "['typographe']",
            "Classification": "intermediaire",
            "LigneOriginal": "— Eugénie-Alicia, typographe, rue de laPontaise, 6",
            "sheet": "La Pontaise",
            "year": 1901
          },
          {
            "address": "['r. Pontaise, 6']",
            "Nom": "Pontaise",
            "Métier": "[]",
            "Classification": "???",
            "LigneOriginal": "Bovard-Roch, Edmond, r. Pontaise, 6.",
            "sheet": "Pontaise",
            "year": 1901
          },
          {
            "address": "['rue de la Pon-taise, 6']",
            "Nom": "Pontaise",
            "Métier": "['charpentier']",
            "Classification": "proletaire",
            "LigneOriginal": "— Samuel, charpentier, rue de la Pon-taise, 6.",
            "sheet": "Pontaise",
            "year": 1901
          },
          {
            "address": "['Pontaise, 6']",
            "Nom": "Pontaise",
            "Métier": "['journalière,']",
            "Classification": "proletaire",
            "LigneOriginal": "— Antoinette, journalière, Pontaise, 6.",
            "sheet": "Pontaise",
            "year": 1901
          }
        ],
        "merged_count": 4
      }
    },
    {
      "type": "Feature",
      "geometry": {
        "type": "Point",
        "coordinates": [
          46.541964,
          6.654553
        ]
      },
      "properties": {
        "points": [
          {
            "address": "['La Source, Cour']",
            "Nom": "La Source",
            "Métier": "[]",
            "Classification": "???",
            "LigneOriginal": "— Louise, La Source, Cour.",
            "sheet": "La Source",
            "year": 1901
          },
          {
            "address": "['La Source, chemin Vinet']",
            "Nom": "La Source",
            "Métier": "['garde-malades,']",
            "Classification": "proletaire",
            "LigneOriginal": "— Marie, garde-malades, La Source, chemin Vinet.",
            "sheet": "La Source",
            "year": 1901
          }
        ],
        "merged_count": 2
      }
    },
    {
      "type": "Feature",
      "geometry": {
        "type": "Point",
        "coordinates": [
          46.526342,
          6.634449
        ]
      },
      "properties": {
        "points": [
          {
            "address": "['place du Tunnel, 13']",
            "Nom": "Place du Tunnel",
            "Métier": "[]",
            "Classification": "???",
            "LigneOriginal": "— Fanny, place du Tunnel, 13.",
            "sheet": "Place du Tunnel",
            "year": 1901
          }
        ],
        "merged_count": 1
      }
    },
    {
      "type": "Feature",
      "geometry": {
        "type": "Point",
        "coordinates": [
          46.525294,
          6.635187
        ]
      },
      "properties": {
        "points": [
          {
            "address": "['place du Tunnel, 5']",
            "Nom": "Place du Tunnel",
            "Métier": "['employé,']",
            "Classification": "proletaire",
            "LigneOriginal": "Bezençon-Decorges, Ulysse, employé,place du Tunnel, 5.",
            "sheet": "Place du Tunnel",
            "year": 1901
          },
          {
            "address": "['place du Tunnel, 5']",
            "Nom": "Place du Tunnel",
            "Métier": "['employétrams,']",
            "Classification": "intermediaire",
            "LigneOriginal": "Bovard - Pache, Alphonse , employétrams, place du Tunnel, 5.",
            "sheet": "Place du Tunnel",
            "year": 1901
          },
          {
            "address": "['place du Tunnel, 5']",
            "Nom": "Place du Tunnel",
            "Métier": "['ménagère']",
            "Classification": "inactif",
            "LigneOriginal": "Magnin-Paquier , Emma , ménagère,place du Tunnel, 5.",
            "sheet": "Place du Tunnel",
            "year": 1901
          },
          {
            "address": "['place du Tunnel, 5']",
            "Nom": "Place du Tunnel",
            "Métier": "['taillandier']",
            "Classification": "proletaire",
            "LigneOriginal": "— Ulysse, taillandier, place du Tunnel, 5.",
            "sheet": "Place du Tunnel",
            "year": 1901
          },
          {
            "address": "['place du Tunnel, 5']",
            "Nom": "Place du Tunnel",
            "Métier": "['appareil-leur']",
            "Classification": "proletaire",
            "LigneOriginal": "Monney-Vunnod, Gustave, appareil-leur, place du Tunnel, 5. -",
            "sheet": "Place du Tunnel",
            "year": 1901
          },
          {
            "address": "['place du Tunnel, 5']",
            "Nom": "Place du Tunnel",
            "Métier": "['piqucuse']",
            "Classification": "proletaire",
            "LigneOriginal": "— Thérèse, piqucuse, place du Tunnel, 5.",
            "sheet": "Place du Tunnel",
            "year": 1901
          }
        ],
        "merged_count": 6
      }
    },
    {
      "type": "Feature",
      "geometry": {
        "type": "Point",
        "coordinates": [
          46.525673,
          6.634735
        ]
      },
      "properties": {
        "points": [
          {
            "address": "['place du Tunnel']",
            "Nom": "Place du Tunnel",
            "Métier": "['domestique,']",
            "Classification": "proletaire",
            "LigneOriginal": "de Blaireville-Dudan, Jules, domestique, place du Tunnel.",
            "sheet": "Place du Tunnel",
            "year": 1901
          },
          {
            "address": "['Deux-Marchés,26, et', 'place du Tunnel']",
            "Nom": "Place du Tunnel",
            "Métier": "['pharmacien']",
            "Classification": "élevé",
            "LigneOriginal": "— Edouard, pharmacien, Deux-Marchés,26, et place du Tunnel. R. T. 1222.",
            "sheet": "Place du Tunnel",
            "year": 1901
          },
          {
            "address": "[', place du Tunnel', '.']",
            "Nom": "Place du Tunnel",
            "Métier": "['café-brasserieBeauregard']",
            "Classification": "proletaire",
            "LigneOriginal": "Félix-Marbach, Edouard, café-brasserieBeauregard, place du Tunnel.",
            "sheet": "Place du Tunnel",
            "year": 1901
          },
          {
            "address": "['place du Tunnel, I.']",
            "Nom": "Place du Tunnel",
            "Métier": "['architecte']",
            "Classification": "élevé",
            "LigneOriginal": "— Charles, architecte, place du Tunnel, I.",
            "sheet": "Place du Tunnel",
            "year": 1901
          },
          {
            "address": "['place du Tunnel, I.']",
            "Nom": "Place du Tunnel",
            "Métier": "['voyageur de commerce']",
            "Classification": "inactif",
            "LigneOriginal": "Molles-Margot, Eug., voyageur de commerce, place du Tunnel, I.",
            "sheet": "Place du Tunnel",
            "year": 1901
          },
          {
            "address": "['route du Tunnel, 6']",
            "Nom": "Route du Tunnel",
            "Métier": "[]",
            "Classification": "???",
            "LigneOriginal": "Andrey-Binz, employé, route du Tunnel, 6.",
            "sheet": "Route du Tunnel",
            "year": 1901
          },
          {
            "address": "['route du Tunnel, 7']",
            "Nom": "Route du Tunnel",
            "Métier": "[]",
            "Classification": "???",
            "LigneOriginal": "Besson-Chapuis, veuve, route du Tunnel, 7.",
            "sheet": "Route du Tunnel",
            "year": 1901
          },
          {
            "address": "['route du Tunnel, 6']",
            "Nom": "Route du Tunnel",
            "Métier": "['repasseuse']",
            "Classification": "proletaire",
            "LigneOriginal": "— Louise, repasseuse, route du Tunnel, 6.",
            "sheet": "Route du Tunnel",
            "year": 1901
          },
          {
            "address": "['route du Tunnel, 2']",
            "Nom": "Route du Tunnel",
            "Métier": "['commis,']",
            "Classification": "proletaire",
            "LigneOriginal": "Corbet-Bellamy, Alberl-Denys, commis,route du Tunnel, 2.",
            "sheet": "Route du Tunnel",
            "year": 1901
          },
          {
            "address": "['route du Tunnel, 3']",
            "Nom": "Route du Tunnel",
            "Métier": "['manœuvre,']",
            "Classification": "proletaire",
            "LigneOriginal": "— Il èli, manœuvre, route du Tunnel, 3.",
            "sheet": "Route du Tunnel",
            "year": 1901
          },
          {
            "address": "['route du Tunnel, 3']",
            "Nom": "Route du Tunnel",
            "Métier": "['fontainier']",
            "Classification": "proletaire",
            "LigneOriginal": "Corthésy-Monod, Constant, fontainier,route du Tunnel, 3.",
            "sheet": "Route du Tunnel",
            "year": 1901
          },
          {
            "address": "['route du Tunnel, 2']",
            "Nom": "Route du Tunnel",
            "Métier": "[]",
            "Classification": "???",
            "LigneOriginal": "Cruchon-Magnin, Eugène-I.ouis, inspecteur trams, route du Tunnel, 2.",
            "sheet": "Route du Tunnel",
            "year": 1901
          },
          {
            "address": "['route du Tunnel, 7']",
            "Nom": "Route du Tunnel",
            "Métier": "['demoiselle de magasin']",
            "Classification": "proletaire",
            "LigneOriginal": "Dressel, Emma, demoiselle de magasin,route du Tunnel, 7.",
            "sheet": "Route du Tunnel",
            "year": 1901
          },
          {
            "address": "['route du Tunnel, 5']",
            "Nom": "Route du Tunnel",
            "Métier": "['employé,']",
            "Classification": "proletaire",
            "LigneOriginal": "Duboux-Roquerbre, Emile- V., employé,route du Tunnel, 5.",
            "sheet": "Route du Tunnel",
            "year": 1901
          },
          {
            "address": "['route du Tunnel, 7']",
            "Nom": "Route du Tunnel",
            "Métier": "['blanchisseuse']",
            "Classification": "proletaire",
            "LigneOriginal": "Dufaux-Schweizer, Marie, blanchisseuse, route du Tunnel, 7.",
            "sheet": "Route du Tunnel",
            "year": 1901
          },
          {
            "address": "['route du Tunnel, 1']",
            "Nom": "Route du Tunnel",
            "Métier": "['boucher']",
            "Classification": "proletaire",
            "LigneOriginal": "— I.ouis-Philippe, boucher, route du Tunnel, 1.",
            "sheet": "Route du Tunnel",
            "year": 1901
          },
          {
            "address": "['route du Tunnel, 5']",
            "Nom": "Route du Tunnel",
            "Métier": "['charpentier']",
            "Classification": "proletaire",
            "LigneOriginal": "Galley-Brayer, André-Oscar, charpentier. route du Tunnel, 5.",
            "sheet": "Route du Tunnel",
            "year": 1901
          },
          {
            "address": "['route du Tunnel, 7']",
            "Nom": "Route du Tunnel",
            "Métier": "['docteur']",
            "Classification": "élevé",
            "LigneOriginal": "Grandjean-Lloyd, Henri-Samuel, docteur, route du Tunnel, 7. T. 596.",
            "sheet": "Route du Tunnel",
            "year": 1901
          },
          {
            "address": "['route du Tunnel, 5']",
            "Nom": "Route du Tunnel",
            "Métier": "[]",
            "Classification": "???",
            "LigneOriginal": "Grandvaux, Louis-Jaeques, serrurier,route du Tunnel, 5.",
            "sheet": "Route du Tunnel",
            "year": 1901
          },
          {
            "address": "['route du Tunnel, 2']",
            "Nom": "Route du Tunnel",
            "Métier": "['appareillent']",
            "Classification": "proletaire",
            "LigneOriginal": "Greilinger-Jeanrenaud, Hermann, appareillent', route du Tunnel, 2.",
            "sheet": "Route du Tunnel",
            "year": 1901
          },
          {
            "address": "['route du Tunnel, 7']",
            "Nom": "Route du Tunnel",
            "Métier": "['gypsier']",
            "Classification": "proletaire",
            "LigneOriginal": "— Frédéric, gypsier, route du Tunnel, 7.",
            "sheet": "Route du Tunnel",
            "year": 1901
          },
          {
            "address": "['route du Tunnel, 7']",
            "Nom": "Route du Tunnel",
            "Métier": "['ménagère']",
            "Classification": "inactif",
            "LigneOriginal": "Humbert-Droz-Thonney , Jeannette,ménagère, route du Tunnel, 7.",
            "sheet": "Route du Tunnel",
            "year": 1901
          },
          {
            "address": "['route du Tunnel, 6']",
            "Nom": "Route du Tunnel",
            "Métier": "['employé,']",
            "Classification": "proletaire",
            "LigneOriginal": "— Ernest, employé, route du Tunnel, 6.",
            "sheet": "Route du Tunnel",
            "year": 1901
          },
          {
            "address": "['route du Tunnel, 7']",
            "Nom": "Route du Tunnel",
            "Métier": "['bûcheron']",
            "Classification": "proletaire",
            "LigneOriginal": "Kolb-Paccaud, Rodolphe-Félix-Henri,bûcheron, route du Tunnel, 7.",
            "sheet": "Route du Tunnel",
            "year": 1901
          },
          {
            "address": "['route du Tunnel, 7']",
            "Nom": "Route du Tunnel",
            "Métier": "['maçon']",
            "Classification": "proletaire",
            "LigneOriginal": "— Pierre, maçon, route du Tunnel, 7.",
            "sheet": "Route du Tunnel",
            "year": 1901
          },
          {
            "address": "['route du Tunnel, 6']",
            "Nom": "Route du Tunnel",
            "Métier": "['chauffeur']",
            "Classification": "proletaire",
            "LigneOriginal": "— Louis, chauffeur, route du Tunnel, 6.",
            "sheet": "Route du Tunnel",
            "year": 1901
          },
          {
            "address": "['Yantz,', '.route du Tunnel, 7']",
            "Nom": "Route du Tunnel",
            "Métier": "['blanchisseuse']",
            "Classification": "proletaire",
            "LigneOriginal": "Mayor-Ghamprenaud-Yantz, Adèle,blanchisseuse, .route du Tunnel, 7,",
            "sheet": "Route du Tunnel",
            "year": 1901
          },
          {
            "address": "['route du Tunnel, 6']",
            "Nom": "Route du Tunnel",
            "Métier": "['boulanger']",
            "Classification": "proletaire",
            "LigneOriginal": "— Eugène, boulanger, route du Tunnel, 6.",
            "sheet": "Route du Tunnel",
            "year": 1901
          },
          {
            "address": "['route du Tunnel, 5']",
            "Nom": "Route du Tunnel",
            "Métier": "['forgeron']",
            "Classification": "intermediaire",
            "LigneOriginal": "— Henri, forgeron, route du Tunnel, 5.",
            "sheet": "Route du Tunnel",
            "year": 1901
          },
          {
            "address": "['route du Tunnel, 5']",
            "Nom": "Route du Tunnel",
            "Métier": "['menuisier']",
            "Classification": "proletaire",
            "LigneOriginal": "— Silvio, menuisier, route du Tunnel, 5.",
            "sheet": "Route du Tunnel",
            "year": 1901
          },
          {
            "address": "['route du Tunnel, 5']",
            "Nom": "Route du Tunnel",
            "Métier": "[]",
            "Classification": "???",
            "LigneOriginal": "Pott-Pauchard, Marie-Antoinette, journalière, route du Tunnel, 5.",
            "sheet": "Route du Tunnel",
            "year": 1901
          },
          {
            "address": "['route du Tunnel, 5']",
            "Nom": "Route du Tunnel",
            "Métier": "['ménagère']",
            "Classification": "inactif",
            "LigneOriginal": "— — Laurence, ménagère, route du Tunnel, 5.",
            "sheet": "Route du Tunnel",
            "year": 1901
          },
          {
            "address": "['route du Tunnel, 6']",
            "Nom": "Route du Tunnel",
            "Métier": "['couturière']",
            "Classification": "proletaire",
            "LigneOriginal": "— Hélène, couturière, route du Tunnel, 6.",
            "sheet": "Route du Tunnel",
            "year": 1901
          },
          {
            "address": "['route du Tunnel, 2']",
            "Nom": "Route du Tunnel",
            "Métier": "['musicien']",
            "Classification": "intermediaire",
            "LigneOriginal": "Steinberg-Gianini, Conrad, musicien,route du Tunnel, 2.",
            "sheet": "Route du Tunnel",
            "year": 1901
          }
        ],
        "merged_count": 34
      }
    },
    {
      "type": "Feature",
      "geometry": {
        "type": "Point",
        "coordinates": [
          46.524954,
          6.634725
        ]
      },
      "properties": {
        "points": [
          {
            "address": "['place du Tunnel, 2']",
            "Nom": "Place du Tunnel",
            "Métier": "[]",
            "Classification": "???",
            "LigneOriginal": "Blanchoud - Mayor, Frédéric-Abram,place du Tunnel, 2.",
            "sheet": "Place du Tunnel",
            "year": 1901
          },
          {
            "address": "['place du Tunnel, 2']",
            "Nom": "Place du Tunnel",
            "Métier": "[]",
            "Classification": "???",
            "LigneOriginal": "— Blanche, place du Tunnel, 2.",
            "sheet": "Place du Tunnel",
            "year": 1901
          },
          {
            "address": "['place du Tunnel, 2']",
            "Nom": "Place du Tunnel",
            "Métier": "[]",
            "Classification": "???",
            "LigneOriginal": "Bovey-Baudin, Louis-Samuel, facteurpostal, place du Tunnel, 2.",
            "sheet": "Place du Tunnel",
            "year": 1901
          },
          {
            "address": "['place du Tunnel, 2']",
            "Nom": "Place du Tunnel",
            "Métier": "['employé trams']",
            "Classification": "proletaire",
            "LigneOriginal": "Chamot-Ducret, Jules, employé trams,place du Tunnel, 2.",
            "sheet": "Place du Tunnel",
            "year": 1901
          },
          {
            "address": "['place du Tunnel, 2']",
            "Nom": "Place du Tunnel",
            "Métier": "[]",
            "Classification": "???",
            "LigneOriginal": "Demartines - Garey, Emile-François,commis, place du Tunnel, 2.",
            "sheet": "Place du Tunnel",
            "year": 1901
          },
          {
            "address": "['place du Tunnel, 2']",
            "Nom": "Place du Tunnel",
            "Métier": "['empi', 'au téléphone']",
            "Classification": "intermediaire",
            "LigneOriginal": "Joly-Pache, Julien, empi, au téléphone,place du Tunnel, 2.",
            "sheet": "Place du Tunnel",
            "year": 1901
          },
          {
            "address": "['place du Tunnel, 2']",
            "Nom": "Place du Tunnel",
            "Métier": "['cafetier']",
            "Classification": "proletaire",
            "LigneOriginal": "Marguerat - Nicolet, Albert, cafetier,place du Tunnel, 2.",
            "sheet": "Place du Tunnel",
            "year": 1901
          }
        ],
        "merged_count": 7
      }
    },
    {
      "type": "Feature",
      "geometry": {
        "type": "Point",
        "coordinates": [
          46.524722,
          6.634588
        ]
      },
      "properties": {
        "points": [
          {
            "address": "['place du Tunnel, 1']",
            "Nom": "Place du Tunnel",
            "Métier": "['étudiant,']",
            "Classification": "inactif",
            "LigneOriginal": "— Jules, étudiant, place du Tunnel, 1.",
            "sheet": "Place du Tunnel",
            "year": 1901
          },
          {
            "address": "['place du Tunnel, 1']",
            "Nom": "Place du Tunnel",
            "Métier": "['commis postal']",
            "Classification": "proletaire",
            "LigneOriginal": "Oulevay-Lapierre, Louis, commis postal, place du Tunnel, 1.",
            "sheet": "Place du Tunnel",
            "year": 1901
          }
        ],
        "merged_count": 2
      }
    },
    {
      "type": "Feature",
      "geometry": {
        "type": "Point",
        "coordinates": [
          46.525952,
          6.635049
        ]
      },
      "properties": {
        "points": [
          {
            "address": "['place du Tunnel, 9']",
            "Nom": "Place du Tunnel",
            "Métier": "['architecte']",
            "Classification": "élevé",
            "LigneOriginal": "— Georges, architecte, place du Tunnel, 9.",
            "sheet": "Place du Tunnel",
            "year": 1901
          },
          {
            "address": "['place du Tunnel, 9']",
            "Nom": "Place du Tunnel",
            "Métier": "['ménagère']",
            "Classification": "inactif",
            "LigneOriginal": "Epitaux-Burnat, Henriette, veuve, ménagère, place du Tunnel, 9.",
            "sheet": "Place du Tunnel",
            "year": 1901
          },
          {
            "address": "['place du Tunnel, 9']",
            "Nom": "Place du Tunnel",
            "Métier": "['employé,']",
            "Classification": "proletaire",
            "LigneOriginal": "— Emile, employé, place du Tunnel, 9.",
            "sheet": "Place du Tunnel",
            "year": 1901
          }
        ],
        "merged_count": 3
      }
    },
    {
      "type": "Feature",
      "geometry": {
        "type": "Point",
        "coordinates": [
          46.526426,
          6.634332
        ]
      },
      "properties": {
        "points": [
          {
            "address": "['place du Tunnel, 14']",
            "Nom": "Place du Tunnel",
            "Métier": "[]",
            "Classification": "???",
            "LigneOriginal": "Krieger, Auguste, place du Tunnel, 14.",
            "sheet": "Place du Tunnel",
            "year": 1901
          },
          {
            "address": "['place du Tunnel, 14']",
            "Nom": "Place du Tunnel",
            "Métier": "['ménagère']",
            "Classification": "inactif",
            "LigneOriginal": "Krieger-Amstutz, Barbara, ménagère,place du Tunnel, 14.",
            "sheet": "Place du Tunnel",
            "year": 1901
          },
          {
            "address": "['place du Tunnel, 14']",
            "Nom": "Place du Tunnel",
            "Métier": "[]",
            "Classification": "???",
            "LigneOriginal": "— Gustave, commis, place du Tunnel, 14.",
            "sheet": "Place du Tunnel",
            "year": 1901
          }
        ],
        "merged_count": 3
      }
    },
    {
      "type": "Feature",
      "geometry": {
        "type": "Point",
        "coordinates": [
          46.525834,
          6.635247
        ]
      },
      "properties": {
        "points": [
          {
            "address": "['place du Tunnel, 8']",
            "Nom": "Place du Tunnel",
            "Métier": "['garçon de magasin']",
            "Classification": "proletaire",
            "LigneOriginal": "— Jacques-François, garçon de magasin,place du Tunnel, 8.",
            "sheet": "Place du Tunnel",
            "year": 1901
          },
          {
            "address": "['place du Tunnel, 8']",
            "Nom": "Place du Tunnel",
            "Métier": "['boulanger']",
            "Classification": "proletaire",
            "LigneOriginal": "Pièce, 11.-Louis, boulanger, place du Tunnel, 8.",
            "sheet": "Place du Tunnel",
            "year": 1901
          }
        ],
        "merged_count": 2
      }
    },
    {
      "type": "Feature",
      "geometry": {
        "type": "Point",
        "coordinates": [
          46.526069,
          6.634865
        ]
      },
      "properties": {
        "points": [
          {
            "address": "['place du Tunnel, 10']",
            "Nom": "Place du Tunnel",
            "Métier": "['télégraphiste']",
            "Classification": "intermediaire",
            "LigneOriginal": "— François, télégraphiste, place du Tunnel, 10.",
            "sheet": "Place du Tunnel",
            "year": 1901
          }
        ],
        "merged_count": 1
      }
    },
    {
      "type": "Feature",
      "geometry": {
        "type": "Point",
        "coordinates": [
          46.525175,
          6.635045
        ]
      },
      "properties": {
        "points": [
          {
            "address": "['place du Tunnel, 4']",
            "Nom": "Place du Tunnel",
            "Métier": "['employé postal']",
            "Classification": "proletaire",
            "LigneOriginal": "Logoz-Morel,Jules-Ernest, employé postal, place du Tunnel, 4.",
            "sheet": "Place du Tunnel",
            "year": 1901
          }
        ],
        "merged_count": 1
      }
    },
    {
      "type": "Feature",
      "geometry": {
        "type": "Point",
        "coordinates": [
          46.525042,
          6.634903
        ]
      },
      "properties": {
        "points": [
          {
            "address": "['place du Tunnel, 3']",
            "Nom": "Place du Tunnel",
            "Métier": "['terrassier']",
            "Classification": "proletaire",
            "LigneOriginal": "— John, terrassier, place du Tunnel, 3.",
            "sheet": "Place du Tunnel",
            "year": 1901
          }
        ],
        "merged_count": 1
      }
    },
    {
      "type": "Feature",
      "geometry": {
        "type": "Point",
        "coordinates": [
          46.529588,
          6.629821
        ]
      },
      "properties": {
        "points": [
          {
            "address": "['Pontaise, 17']",
            "Nom": "Pontaise",
            "Métier": "['imprimeur']",
            "Classification": "proletaire",
            "LigneOriginal": "Addor - Welten, Auguste-Jules-Louis,imprimeur, Pontaise, 17.",
            "sheet": "Pontaise",
            "year": 1901
          },
          {
            "address": "['r. Pontaise, 17']",
            "Nom": "Pontaise",
            "Métier": "['employé Maisonde Ville']",
            "Classification": "intermediaire",
            "LigneOriginal": "Ghave-Rochat, Marius, employé Maisonde Ville, r. Pontaise, 17.",
            "sheet": "Pontaise",
            "year": 1901
          },
          {
            "address": "['Pontaise, 17']",
            "Nom": "Pontaise",
            "Métier": "['accordeur de pianos']",
            "Classification": "intermediaire",
            "LigneOriginal": "Gorlach, Paul, accordeur de pianos,Pontaise, 17.",
            "sheet": "Pontaise",
            "year": 1901
          },
          {
            "address": "['Pontaise, 17']",
            "Nom": "Pontaise",
            "Métier": "['horloger']",
            "Classification": "intermediaire",
            "LigneOriginal": "— Frédéric, horloger, Pontaise, 17.",
            "sheet": "Pontaise",
            "year": 1901
          },
          {
            "address": "['Clos des Amis, Pontaise, 17']",
            "Nom": "Pontaise",
            "Métier": "['relieur']",
            "Classification": "intermediaire",
            "LigneOriginal": "Margot-Ochsenbein, Charles, relieur,Clos des Amis, Pontaise, 17.",
            "sheet": "Pontaise",
            "year": 1901
          },
          {
            "address": "['des Ecoles. Pontaise, 17']",
            "Nom": "Pontaise",
            "Métier": "['huissierde la Direct']",
            "Classification": "intermediaire",
            "LigneOriginal": "Pamblanc-Martin, François, huissierde la Direct, des Ecoles. Pontaise, 17.",
            "sheet": "Pontaise",
            "year": 1901
          },
          {
            "address": "['Clos des Amis, Pontaise, 17']",
            "Nom": "Pontaise",
            "Métier": "['typographe']",
            "Classification": "intermediaire",
            "LigneOriginal": "Richon-Desgraz, Emmanuel, typographe, Clos des Amis, Pontaise, 17.",
            "sheet": "Pontaise",
            "year": 1901
          },
          {
            "address": "['Pontaise, 17']",
            "Nom": "Pontaise",
            "Métier": "['typographe']",
            "Classification": "intermediaire",
            "LigneOriginal": "Schobinger, Jos. - Ignace, typographe,Pontaise, 17.",
            "sheet": "Pontaise",
            "year": 1901
          }
        ],
        "merged_count": 8
      }
    },
    {
      "type": "Feature",
      "geometry": {
        "type": "Point",
        "coordinates": [
          46.530496,
          6.629915
        ]
      },
      "properties": {
        "points": [
          {
            "address": "['Pontaise, 34']",
            "Nom": "Pontaise",
            "Métier": "['maréchal']",
            "Classification": "intermediaire",
            "LigneOriginal": "Barraud-Brélaz, Jeari-llenri, maréchal,Pontaise, 34.",
            "sheet": "Pontaise",
            "year": 1901
          },
          {
            "address": "['Pontaise, 34']",
            "Nom": "Pontaise",
            "Métier": "['tailleur depierres']",
            "Classification": "proletaire",
            "LigneOriginal": "Porchet-Cherpillod, Héli, tailleur depierres, Pontaise, 34.",
            "sheet": "Pontaise",
            "year": 1901
          }
        ],
        "merged_count": 2
      }
    },
    {
      "type": "Feature",
      "geometry": {
        "type": "Point",
        "coordinates": [
          46.52984,
          6.630165
        ]
      },
      "properties": {
        "points": [
          {
            "address": "['Pontaise, 22']",
            "Nom": "Pontaise",
            "Métier": "['employé de banque']",
            "Classification": "intermediaire",
            "LigneOriginal": "Blanc-Bolomey , Charles-Louis , employé de banque, Pontaise, 22.",
            "sheet": "Pontaise",
            "year": 1901
          },
          {
            "address": "['Pontaise. 22']",
            "Nom": "Pontaise",
            "Métier": "['ménagère']",
            "Classification": "inactif",
            "LigneOriginal": "Morier-Ramelet, Henriette, ménagère,Pontaise. 22.",
            "sheet": "Pontaise",
            "year": 1901
          }
        ],
        "merged_count": 2
      }
    },
    {
      "type": "Feature",
      "geometry": {
        "type": "Point",
        "coordinates": [
          46.530718,
          6.629605
        ]
      },
      "properties": {
        "points": [
          {
            "address": "['0.Julie-Jenny, ménagère', 'Pontaise, 17']",
            "Nom": "Pontaise",
            "Métier": "['institutrice', 'sq.']",
            "Classification": "élevé",
            "LigneOriginal": "— Jenny, institutrice, sq. Georgette, 0.Julie-Jenny, ménagère, Pontaise, 17.",
            "sheet": "Pontaise",
            "year": 1901
          },
          {
            "address": "['Pontaise, 53']",
            "Nom": "Pontaise",
            "Métier": "['rentière']",
            "Classification": "inactif",
            "LigneOriginal": "— Louise, rentière, Pontaise, 53.",
            "sheet": "Pontaise",
            "year": 1901
          },
          {
            "address": "['Pontaise, 54']",
            "Nom": "Pontaise",
            "Métier": "['emjiloyé de bureau']",
            "Classification": "intermediaire",
            "LigneOriginal": "Décosterd, Adolphe, emjiloyé de bureau,Pontaise, 54.",
            "sheet": "Pontaise",
            "year": 1901
          },
          {
            "address": "['Pontaise, 58']",
            "Nom": "Pontaise",
            "Métier": "['cafetier']",
            "Classification": "proletaire",
            "LigneOriginal": "Déglon - Blondel, Gusmann, cafetier,Pontaise, 58.",
            "sheet": "Pontaise",
            "year": 1901
          },
          {
            "address": "['Pontaise, 56']",
            "Nom": "Pontaise",
            "Métier": "['cafetier']",
            "Classification": "proletaire",
            "LigneOriginal": "Nicolier-Fornerod, Alois, cafetier, Pontaise, 56.",
            "sheet": "Pontaise",
            "year": 1901
          },
          {
            "address": "['Pontaise, 54']",
            "Nom": "Pontaise",
            "Métier": "[]",
            "Classification": "???",
            "LigneOriginal": "— Marie-Zélie, couturière. Pontaise, 54.",
            "sheet": "Pontaise",
            "year": 1901
          }
        ],
        "merged_count": 6
      }
    },
    {
      "type": "Feature",
      "geometry": {
        "type": "Point",
        "coordinates": [
          46.53029,
          6.630017
        ]
      },
      "properties": {
        "points": [
          {
            "address": "['Jean-Baptisle,', 'Pre, 37-38.Pascal', 'Pontaise, 30']",
            "Nom": "Pontaise",
            "Métier": "['garç. de mag', 'maçon']",
            "Classification": "proletaire",
            "LigneOriginal": "— Jean-Baptisle, garç. de mag., Pre, 37-38.Pascal, maçon, Pontaise, 30.",
            "sheet": "Pontaise",
            "year": 1901
          },
          {
            "address": "['Pontaise, 30']",
            "Nom": "Pontaise",
            "Métier": "['vitrier']",
            "Classification": "proletaire",
            "LigneOriginal": "— Charles, vitrier, Pontaise, 30.",
            "sheet": "Pontaise",
            "year": 1901
          },
          {
            "address": "['Pontaise, 30']",
            "Nom": "Pontaise",
            "Métier": "['rentière']",
            "Classification": "inactif",
            "LigneOriginal": "Grognuz-Perret, Rosalie-Octavie, rentière. Pontaise, 30.",
            "sheet": "Pontaise",
            "year": 1901
          },
          {
            "address": "['Pontaise. 30']",
            "Nom": "Pontaise",
            "Métier": "['menuis']",
            "Classification": "proletaire",
            "LigneOriginal": "Paris-Yenni,Léon, menuis., Pontaise. 30.",
            "sheet": "Pontaise",
            "year": 1901
          },
          {
            "address": "['Pontaise, 30']",
            "Nom": "Pontaise",
            "Métier": "['charpentier']",
            "Classification": "proletaire",
            "LigneOriginal": "Tauxe-Dupraz, Auguste, charpentier,Pontaise, 30.",
            "sheet": "Pontaise",
            "year": 1901
          },
          {
            "address": "['Pontaise, 30']",
            "Nom": "Pontaise",
            "Métier": "['négociant']",
            "Classification": "proletaire",
            "LigneOriginal": "Vara. Joseph, négociant. Pontaise, 30.",
            "sheet": "Pontaise",
            "year": 1901
          }
        ],
        "merged_count": 6
      }
    },
    {
      "type": "Feature",
      "geometry": {
        "type": "Point",
        "coordinates": [
          46.529376,
          6.630589
        ]
      },
      "properties": {
        "points": [
          {
            "address": "['Pontaise, 14']",
            "Nom": "Pontaise",
            "Métier": "[]",
            "Classification": "???",
            "LigneOriginal": "Bugnon-Guillaume, Jean ne-Marie,Pontaise, 14.",
            "sheet": "Pontaise",
            "year": 1901
          },
          {
            "address": "['rue Pontaise, 14']",
            "Nom": "Pontaise",
            "Métier": "[]",
            "Classification": "???",
            "LigneOriginal": "Michod-Calame, François, instructeur,rue Pontaise, 14.",
            "sheet": "Pontaise",
            "year": 1901
          }
        ],
        "merged_count": 2
      }
    },
    {
      "type": "Feature",
      "geometry": {
        "type": "Point",
        "coordinates": [
          46.529782,
          6.630045
        ]
      },
      "properties": {
        "points": [
          {
            "address": "['Pontaise, 37']",
            "Nom": "Pontaise",
            "Métier": "['plâtrier']",
            "Classification": "proletaire",
            "LigneOriginal": "Bussi-Reber, Ercole-Ernesto, plâtrier,Pontaise, 37,",
            "sheet": "Pontaise",
            "year": 1901
          },
          {
            "address": "['Pontaise, 37']",
            "Nom": "Pontaise",
            "Métier": "['couturière']",
            "Classification": "proletaire",
            "LigneOriginal": "— Mathilde, couturière, Pontaise, 37.",
            "sheet": "Pontaise",
            "year": 1901
          },
          {
            "address": "['Pontaise, 37']",
            "Nom": "Pontaise",
            "Métier": "['représentant de commerce']",
            "Classification": "proletaire",
            "LigneOriginal": "Pièce-Colard, Henri-Samuel, représentant de commerce, Pontaise, 37.",
            "sheet": "Pontaise",
            "year": 1901
          },
          {
            "address": "['Pontaise, 55']",
            "Nom": "Pontaise",
            "Métier": "['cordonnier']",
            "Classification": "intermediaire",
            "LigneOriginal": "— Joseph, cordonnier, Pontaise, 55.",
            "sheet": "Pontaise",
            "year": 1901
          }
        ],
        "merged_count": 4
      }
    },
    {
      "type": "Feature",
      "geometry": {
        "type": "Point",
        "coordinates": [
          46.52895,
          6.630682
        ]
      },
      "properties": {
        "points": [
          {
            "address": "['av. Druey,Pontaise', '. Bur. r. Centrale, 8']",
            "Nom": "Pontaise",
            "Métier": "['avocat']",
            "Classification": "élevé",
            "LigneOriginal": "Carrard-Morf, Alfred, avocat, av. Druey,Pontaise. Bur. r. Centrale, 8. T. 469.",
            "sheet": "Pontaise",
            "year": 1901
          },
          {
            "address": "['Pontaise, 8']",
            "Nom": "Pontaise",
            "Métier": "['employéde commerce']",
            "Classification": "proletaire",
            "LigneOriginal": "Michel-Moser, Henri-Edouard, employéde commerce, Pontaise, 8.",
            "sheet": "Pontaise",
            "year": 1901
          },
          {
            "address": "['Pontaise, 8']",
            "Nom": "Pontaise",
            "Métier": "['domestique,']",
            "Classification": "proletaire",
            "LigneOriginal": "— Frédéric, domestique, Pontaise, 8.",
            "sheet": "Pontaise",
            "year": 1901
          },
          {
            "address": "['Le Bluet,Pontaise, 8']",
            "Nom": "Pontaise",
            "Métier": "['apprentie couturière']",
            "Classification": "proletaire",
            "LigneOriginal": "— Hélène, apprentie couturière, Le Bluet,Pontaise, 8.",
            "sheet": "Pontaise",
            "year": 1901
          },
          {
            "address": "['Le Bluet ,Pontaise, 8']",
            "Nom": "Pontaise",
            "Métier": "[]",
            "Classification": "???",
            "LigneOriginal": "Moser-Noverraz , Louise , Le Bluet ,Pontaise, 8,",
            "sheet": "Pontaise",
            "year": 1901
          },
          {
            "address": "['r. Pontaise, 8']",
            "Nom": "Pontaise",
            "Métier": "['contrôleurdes écoles']",
            "Classification": "élevé",
            "LigneOriginal": "Trolliet-Corthésy, Eugène, contrôleurdes écoles, r. Pontaise, 8.",
            "sheet": "Pontaise",
            "year": 1901
          }
        ],
        "merged_count": 6
      }
    },
    {
      "type": "Feature",
      "geometry": {
        "type": "Point",
        "coordinates": [
          46.531008,
          6.628445
        ]
      },
      "properties": {
        "points": [
          {
            "address": "['Pontaise, 45']",
            "Nom": "Pontaise",
            "Métier": "['couturière']",
            "Classification": "proletaire",
            "LigneOriginal": "— Emma, couturière, Pontaise, 45.",
            "sheet": "Pontaise",
            "year": 1901
          },
          {
            "address": "['Pontaise, 45']",
            "Nom": "Pontaise",
            "Métier": "['instituteur']",
            "Classification": "élevé",
            "LigneOriginal": "— Gustave, instituteur, Pontaise, 45.",
            "sheet": "Pontaise",
            "year": 1901
          },
          {
            "address": "['Pontaise, 45']",
            "Nom": "Pontaise",
            "Métier": "['couturière']",
            "Classification": "proletaire",
            "LigneOriginal": "Chapuis-Ducraux, Jenny, couturière,Pontaise, 45.",
            "sheet": "Pontaise",
            "year": 1901
          },
          {
            "address": "['Pontaise, 45']",
            "Nom": "Pontaise",
            "Métier": "['manœuvre,']",
            "Classification": "proletaire",
            "LigneOriginal": "— Adrien, manœuvre, Pontaise, 45.",
            "sheet": "Pontaise",
            "year": 1901
          },
          {
            "address": "['L’Eglantier, Pontaise, 45']",
            "Nom": "Pontaise",
            "Métier": "['gérant,']",
            "Classification": "intermediaire",
            "LigneOriginal": "Diserens - Wenger, François, gérant,L’Eglantier, Pontaise, 45.",
            "sheet": "Pontaise",
            "year": 1901
          },
          {
            "address": "['Pontaise, 45']",
            "Nom": "Pontaise",
            "Métier": "['journalière,']",
            "Classification": "proletaire",
            "LigneOriginal": "Ducraux-Hornung, Marianne, journalière, Pontaise, 45.",
            "sheet": "Pontaise",
            "year": 1901
          },
          {
            "address": "['L’Eglantier, Pontaise, 45']",
            "Nom": "Pontaise",
            "Métier": "['anciengendarme,']",
            "Classification": "inactif",
            "LigneOriginal": "Jaquerod - Èdelmann, David, anciengendarme, L’Eglantier, Pontaise, 45.",
            "sheet": "Pontaise",
            "year": 1901
          }
        ],
        "merged_count": 7
      }
    },
    {
      "type": "Feature",
      "geometry": {
        "type": "Point",
        "coordinates": [
          46.529984,
          6.630078
        ]
      },
      "properties": {
        "points": [
          {
            "address": "['r, St', '-Laurent, 21', 'Industrie, 6', 'Cheneau deBourg, 34', 'Pontaise, 24']",
            "Nom": "Pontaise",
            "Métier": "[]",
            "Classification": "???",
            "LigneOriginal": "Comptoirs vinicoles, Halle, 14, r, St-Laurent, 21, Industrie, 6, Cheneau deBourg, 34, Pontaise, 24.",
            "sheet": "Pontaise",
            "year": 1901
          },
          {
            "address": "['Pontaise, 24']",
            "Nom": "Pontaise",
            "Métier": "['tailleur depierres']",
            "Classification": "proletaire",
            "LigneOriginal": "Porchet-Rubattel, Emile, tailleur depierres, Pontaise, 24.",
            "sheet": "Pontaise",
            "year": 1901
          },
          {
            "address": "['Pontaise, 24']",
            "Nom": "Pontaise",
            "Métier": "['blanchisseuse']",
            "Classification": "proletaire",
            "LigneOriginal": "Rubattel-Mettraux , Marie-C. , blanchisseuse, Pontaise, 24.",
            "sheet": "Pontaise",
            "year": 1901
          },
          {
            "address": "['r. de la Pon-taise. 24']",
            "Nom": "Pontaise",
            "Métier": "['lingère']",
            "Classification": "proletaire",
            "LigneOriginal": "Taillens, Adèle, lingère, r. de la Pon-taise. 24.",
            "sheet": "Pontaise",
            "year": 1901
          },
          {
            "address": "['Pontaise, 24']",
            "Nom": "Pontaise",
            "Métier": "['empailleur dechaises']",
            "Classification": "proletaire",
            "LigneOriginal": "Taillens-Duperret, Jean, empailleur dechaises, Pontaise, 24.",
            "sheet": "Pontaise",
            "year": 1901
          }
        ],
        "merged_count": 5
      }
    },
    {
      "type": "Feature",
      "geometry": {
        "type": "Point",
        "coordinates": [
          46.531136,
          6.628944
        ]
      },
      "properties": {
        "points": [
          {
            "address": "['Le Centenaire, Pontaise, 41']",
            "Nom": "Pontaise",
            "Métier": "['professeur de gymnastique']",
            "Classification": "intermediaire",
            "LigneOriginal": "Duruz-Maurel, Ose., professeur de gymnastique, Le Centenaire, Pontaise, 41.",
            "sheet": "Pontaise",
            "year": 1901
          },
          {
            "address": "['ruePontaise, 41']",
            "Nom": "Pontaise",
            "Métier": "[]",
            "Classification": "???",
            "LigneOriginal": "Golay-Emery, Armand, instructeur, ruePontaise, 41.",
            "sheet": "Pontaise",
            "year": 1901
          }
        ],
        "merged_count": 2
      }
    },
    {
      "type": "Feature",
      "geometry": {
        "type": "Point",
        "coordinates": [
          46.532073,
          6.627638
        ]
      },
      "properties": {
        "points": [
          {
            "address": "['r.Pontaise. 31']",
            "Nom": "Pontaise",
            "Métier": "['laitier']",
            "Classification": "proletaire",
            "LigneOriginal": "Forrer-Staudenmann, Isaac, laitier, r.Pontaise. 31.",
            "sheet": "Pontaise",
            "year": 1901
          }
        ],
        "merged_count": 1
      }
    },
    {
      "type": "Feature",
      "geometry": {
        "type": "Point",
        "coordinates": [
          46.530183,
          6.629694
        ]
      },
      "properties": {
        "points": [
          {
            "address": "[\"L'Etoile, Pontaise, 27\"]",
            "Nom": "Pontaise",
            "Métier": "['manoeuvre']",
            "Classification": "proletaire",
            "LigneOriginal": "Gachet-Dubrez, Charles, manoeuvre,L'Etoile, Pontaise, 27.",
            "sheet": "Pontaise",
            "year": 1901
          }
        ],
        "merged_count": 1
      }
    },
    {
      "type": "Feature",
      "geometry": {
        "type": "Point",
        "coordinates": [
          46.52961,
          6.629524
        ]
      },
      "properties": {
        "points": [
          {
            "address": "['Pontaise, 21']",
            "Nom": "Pontaise",
            "Métier": "['compositeur']",
            "Classification": "intermediaire",
            "LigneOriginal": "— Jean, compositeur, Pontaise, 21.",
            "sheet": "Pontaise",
            "year": 1901
          },
          {
            "address": "['Pontaise, 21']",
            "Nom": "Pontaise",
            "Métier": "['cordonnier']",
            "Classification": "intermediaire",
            "LigneOriginal": "Hunziker-Jaques, Jean, cordonnier,Pontaise, 21.",
            "sheet": "Pontaise",
            "year": 1901
          },
          {
            "address": "['Pontaise, 21']",
            "Nom": "Pontaise",
            "Métier": "['domestique.']",
            "Classification": "proletaire",
            "LigneOriginal": "Jaques, Charlotte-L.-.L, domestique. Pontaise, 21.",
            "sheet": "Pontaise",
            "year": 1901
          },
          {
            "address": "['Pontaise, 21']",
            "Nom": "Pontaise",
            "Métier": "['journalier']",
            "Classification": "proletaire",
            "LigneOriginal": "Tenthorey-Badoux, Alexandre, journalier, Pontaise, 21.",
            "sheet": "Pontaise",
            "year": 1901
          }
        ],
        "merged_count": 4
      }
    },
    {
      "type": "Feature",
      "geometry": {
        "type": "Point",
        "coordinates": [
          46.531018,
          6.628807
        ]
      },
      "properties": {
        "points": [
          {
            "address": "['villa Beauval, rue des Glaciers,Pontaise', 'Valentin, 43']",
            "Nom": "Pontaise",
            "Métier": "['ferblantier']",
            "Classification": "proletaire",
            "LigneOriginal": "Jaquillard-Frossard, Marius, ferblantier, villa Beauval, rue des Glaciers,Pontaise. Atelier Valentin, 43.",
            "sheet": "Pontaise",
            "year": 1901
          },
          {
            "address": "['villa Paradis, Pontaise, 43']",
            "Nom": "Pontaise",
            "Métier": "['couturière']",
            "Classification": "proletaire",
            "LigneOriginal": "— Louisa, couturière, villa Paradis, Pontaise, 43.",
            "sheet": "Pontaise",
            "year": 1901
          }
        ],
        "merged_count": 2
      }
    },
    {
      "type": "Feature",
      "geometry": {
        "type": "Point",
        "coordinates": [
          46.5307,
          6.629823
        ]
      },
      "properties": {
        "points": [
          {
            "address": "['Pontaise, 40']",
            "Nom": "Pontaise",
            "Métier": "['brosseur']",
            "Classification": "proletaire",
            "LigneOriginal": "Jordan-Barras , Ed., brosseur, Pontaise, 40.",
            "sheet": "Pontaise",
            "year": 1901
          },
          {
            "address": "['Pontaise, 40']",
            "Nom": "Pontaise",
            "Métier": "['employé,']",
            "Classification": "proletaire",
            "LigneOriginal": "Teufel-Thommen, Charles - Hermann,employé, Pontaise, 40.",
            "sheet": "Pontaise",
            "year": 1901
          }
        ],
        "merged_count": 2
      }
    },
    {
      "type": "Feature",
      "geometry": {
        "type": "Point",
        "coordinates": [
          46.531723,
          6.628813
        ]
      },
      "properties": {
        "points": [
          {
            "address": "['Pontaise, 52']",
            "Nom": "Pontaise",
            "Métier": "['coiffeur']",
            "Classification": "proletaire",
            "LigneOriginal": "Karolin, Otto-Jos., coiffeur, Pontaise, 52.",
            "sheet": "Pontaise",
            "year": 1901
          },
          {
            "address": "['Pontaise, 52']",
            "Nom": "Pontaise",
            "Métier": "['carrier']",
            "Classification": "proletaire",
            "LigneOriginal": "Lavanchy-Bula, Frédéric, carrier, Pontaise, 52.",
            "sheet": "Pontaise",
            "year": 1901
          },
          {
            "address": "['Kaënel,', 'Pontaise, 52']",
            "Nom": "Pontaise",
            "Métier": "['boulanger']",
            "Classification": "proletaire",
            "LigneOriginal": "Rapin-de Kaënel, Emile, boulanger,Pontaise, 52.",
            "sheet": "Pontaise",
            "year": 1901
          }
        ],
        "merged_count": 3
      }
    },
    {
      "type": "Feature",
      "geometry": {
        "type": "Point",
        "coordinates": [
          46.531347,
          6.629117
        ]
      },
      "properties": {
        "points": [
          {
            "address": "['Pontaise, 48']",
            "Nom": "Pontaise",
            "Métier": "[]",
            "Classification": "???",
            "LigneOriginal": "Kohler-Rod, Fanny, ling., Pontaise, 48.",
            "sheet": "Pontaise",
            "year": 1901
          },
          {
            "address": "['LeMistral, r. des Jardins, Pontaise, 48']",
            "Nom": "Pontaise",
            "Métier": "['plâtrier']",
            "Classification": "proletaire",
            "LigneOriginal": "Lavanchy - Lion, Alexis, plâtrier, LeMistral, r. des Jardins, Pontaise, 48.",
            "sheet": "Pontaise",
            "year": 1901
          },
          {
            "address": "['Pontaise, 48']",
            "Nom": "Pontaise",
            "Métier": "['tailleur de pierres']",
            "Classification": "proletaire",
            "LigneOriginal": "— Gilbert, tailleur de pierres, Pontaise, 48",
            "sheet": "Pontaise",
            "year": 1901
          },
          {
            "address": "['Pontaise. 48']",
            "Nom": "Pontaise",
            "Métier": "['employé,']",
            "Classification": "proletaire",
            "LigneOriginal": "Pfister - Krebs, Rodolphe, employé,Pontaise. 48.",
            "sheet": "Pontaise",
            "year": 1901
          }
        ],
        "merged_count": 4
      }
    },
    {
      "type": "Feature",
      "geometry": {
        "type": "Point",
        "coordinates": [
          46.530964,
          6.629665
        ]
      },
      "properties": {
        "points": [
          {
            "address": "['Pontaise, 44']",
            "Nom": "Pontaise",
            "Métier": "['couturière']",
            "Classification": "proletaire",
            "LigneOriginal": "— Jeanne, couturière, Pontaise, 44.",
            "sheet": "Pontaise",
            "year": 1901
          },
          {
            "address": "['Pontaise, 44']",
            "Nom": "Pontaise",
            "Métier": "['garde champêtre']",
            "Classification": "proletaire",
            "LigneOriginal": "Rouge - Rieben, Emile, garde champêtre, Pontaise, 44.",
            "sheet": "Pontaise",
            "year": 1901
          }
        ],
        "merged_count": 2
      }
    },
    {
      "type": "Feature",
      "geometry": {
        "type": "Point",
        "coordinates": [
          46.528608,
          6.63077
        ]
      },
      "properties": {
        "points": [
          {
            "address": "['La Cigale, Pontaise', 'Flou, 4']",
            "Nom": "Pontaise",
            "Métier": "['serrurier']",
            "Classification": "intermediaire",
            "LigneOriginal": " Louis, serrurier, La Cigale, Pontaise. Atelier Flou, 4.",
            "sheet": "Pontaise",
            "year": 1901
          }
        ],
        "merged_count": 1
      }
    },
    {
      "type": "Feature",
      "geometry": {
        "type": "Point",
        "coordinates": [
          46.525672,
          6.634735
        ]
      },
      "properties": {
        "points": [
          {
            "address": "['route du Tunnel, 8']",
            "Nom": "Route du Tunnel",
            "Métier": "['employé,']",
            "Classification": "proletaire",
            "LigneOriginal": "— Louis, employé, route du Tunnel, 8.",
            "sheet": "Route du Tunnel",
            "year": 1901
          },
          {
            "address": "['route du Tunnel, 4']",
            "Nom": "Route du Tunnel",
            "Métier": "['conduct', 'trams']",
            "Classification": "intermediaire",
            "LigneOriginal": "Clerc-Mellet, Ulysse, conduct, trams,route du Tunnel, 4.",
            "sheet": "Route du Tunnel",
            "year": 1901
          },
          {
            "address": "['route du Tunnel, 4']",
            "Nom": "Route du Tunnel",
            "Métier": "[]",
            "Classification": "???",
            "LigneOriginal": "Desponds-Dutoit, Louis-Jules, typographe, route du Tunnel, 4.",
            "sheet": "Route du Tunnel",
            "year": 1901
          },
          {
            "address": "['route du Tunnel, 8']",
            "Nom": "Route du Tunnel",
            "Métier": "['ouvrier de ville']",
            "Classification": "proletaire",
            "LigneOriginal": "Desponds-Saugy, Jules, ouvrier de ville,route du Tunnel, 8.",
            "sheet": "Route du Tunnel",
            "year": 1901
          },
          {
            "address": "['route du Tunnel, 4']",
            "Nom": "Route du Tunnel",
            "Métier": "[]",
            "Classification": "???",
            "LigneOriginal": "Golaz-Mojonny, Ch.-Louis, terrassier,route du Tunnel, 4.",
            "sheet": "Route du Tunnel",
            "year": 1901
          },
          {
            "address": "['route du Tunnel, 4']",
            "Nom": "Route du Tunnel",
            "Métier": "['coiffeur']",
            "Classification": "proletaire",
            "LigneOriginal": "— Emile, coiffeur, route du Tunnel, 4.",
            "sheet": "Route du Tunnel",
            "year": 1901
          },
          {
            "address": "['Lardet,', 'route du Tunnel, 8']",
            "Nom": "Route du Tunnel",
            "Métier": "[]",
            "Classification": "???",
            "LigneOriginal": "Hartmann-Batailly-Lardet, Ch.-Daniel, employé, route du Tunnel, 8.",
            "sheet": "Route du Tunnel",
            "year": 1901
          },
          {
            "address": "['route du Tunnel, 4']",
            "Nom": "Route du Tunnel",
            "Métier": "['employé J.-S.,']",
            "Classification": "intermediaire",
            "LigneOriginal": "Jaquet-Jaccard, Ch.-llenri-Gust., employé J.-S., route du Tunnel, 4.",
            "sheet": "Route du Tunnel",
            "year": 1901
          },
          {
            "address": "['route du Tunnel, 9']",
            "Nom": "Route du Tunnel",
            "Métier": "[]",
            "Classification": "???",
            "LigneOriginal": "— Félix, route du Tunnel, 9.",
            "sheet": "Route du Tunnel",
            "year": 1901
          },
          {
            "address": "['route du Tunnel, 4']",
            "Nom": "Route du Tunnel",
            "Métier": "['menuisier']",
            "Classification": "proletaire",
            "LigneOriginal": "— Henri, menuisier, route du Tunnel, 4.",
            "sheet": "Route du Tunnel",
            "year": 1901
          },
          {
            "address": "['route du Tunnel, 10']",
            "Nom": "Route du Tunnel",
            "Métier": "[]",
            "Classification": "???",
            "LigneOriginal": "— Elise, route du Tunnel, 10.",
            "sheet": "Route du Tunnel",
            "year": 1901
          },
          {
            "address": "['route du Tunnel, 4']",
            "Nom": "Route du Tunnel",
            "Métier": "['serrurier']",
            "Classification": "intermediaire",
            "LigneOriginal": "Lüscher - Indermühle, Albert, serrurier, route du Tunnel, 4.",
            "sheet": "Route du Tunnel",
            "year": 1901
          },
          {
            "address": "['route du Tunnel, 8']",
            "Nom": "Route du Tunnel",
            "Métier": "['employé,']",
            "Classification": "proletaire",
            "LigneOriginal": "— William, employé, route du Tunnel, 8.",
            "sheet": "Route du Tunnel",
            "year": 1901
          },
          {
            "address": "['route du Tunnel, 8']",
            "Nom": "Route du Tunnel",
            "Métier": "['ébéniste']",
            "Classification": "proletaire",
            "LigneOriginal": "— Louis, ébéniste, route du Tunnel, 8.",
            "sheet": "Route du Tunnel",
            "year": 1901
          },
          {
            "address": "['route du Tunnel, 8']",
            "Nom": "Route du Tunnel",
            "Métier": "['ébéniste']",
            "Classification": "proletaire",
            "LigneOriginal": "Muller-Gervaix, Edouard-Louis. ébéniste, route du Tunnel, 8.",
            "sheet": "Route du Tunnel",
            "year": 1901
          },
          {
            "address": "['route du Tunnel, 4']",
            "Nom": "Route du Tunnel",
            "Métier": "['couturière']",
            "Classification": "proletaire",
            "LigneOriginal": "— Alice, couturière, route du Tunnel, 4.",
            "sheet": "Route du Tunnel",
            "year": 1901
          },
          {
            "address": "['route du Tunnel, 9']",
            "Nom": "Route du Tunnel",
            "Métier": "['ancien boucher']",
            "Classification": "inactif",
            "LigneOriginal": "Pingoud-Paget, Henri, ancien boucher,route du Tunnel, 9.",
            "sheet": "Route du Tunnel",
            "year": 1901
          },
          {
            "address": "['route du Tunnel, 9']",
            "Nom": "Route du Tunnel",
            "Métier": "['blanchisseuse']",
            "Classification": "proletaire",
            "LigneOriginal": "Pingoud-Witz, Louise, blanchisseuse,route du Tunnel, 9.",
            "sheet": "Route du Tunnel",
            "year": 1901
          },
          {
            "address": "['route du Tunnel, 9']",
            "Nom": "Route du Tunnel",
            "Métier": "['employéau téléphone']",
            "Classification": "intermediaire",
            "LigneOriginal": "Rothen-Tzaud, Jules-Edouard, employéau téléphone, route du Tunnel, 9.",
            "sheet": "Route du Tunnel",
            "year": 1901
          },
          {
            "address": "['route du Tunnel, 10']",
            "Nom": "Route du Tunnel",
            "Métier": "[]",
            "Classification": "???",
            "LigneOriginal": "Ruedi, Thérèse, route du Tunnel, 10.",
            "sheet": "Route du Tunnel",
            "year": 1901
          },
          {
            "address": "['route du Tunnel, 9']",
            "Nom": "Route du Tunnel",
            "Métier": "['imprimeur']",
            "Classification": "proletaire",
            "LigneOriginal": "— Louis, imprimeur, route du Tunnel, 9.",
            "sheet": "Route du Tunnel",
            "year": 1901
          },
          {
            "address": "['route du Tunnel, 8']",
            "Nom": "Route du Tunnel",
            "Métier": "['lithographe']",
            "Classification": "intermediaire",
            "LigneOriginal": "Schmassmann-Keller, Arnold, lithographe, route du Tunnel, 8.",
            "sheet": "Route du Tunnel",
            "year": 1901
          },
          {
            "address": "['route du Tunnel, 9']",
            "Nom": "Route du Tunnel",
            "Métier": "['empi, de banque']",
            "Classification": "intermediaire",
            "LigneOriginal": "Sthioul-Duboux, Henri, empi, de banque, route du Tunnel, 9.",
            "sheet": "Route du Tunnel",
            "year": 1901
          }
        ],
        "merged_count": 23
      }
    },
    {
      "type": "Feature",
      "geometry": {
        "type": "Point",
        "coordinates": [
          46.527281,
          6.631658
        ]
      },
      "properties": {
        "points": [
          {
            "address": "['Rochers de Naye, rue des Glaciers']",
            "Nom": "Rue Des Glaciers",
            "Métier": "['employé postal']",
            "Classification": "proletaire",
            "LigneOriginal": "Amstutz-Reber, Gustave, employé postal, Rochers de Naye, rue des Glaciers.",
            "sheet": "Rue Des Glaciers",
            "year": 1901
          },
          {
            "address": "['LaFourmi, rue des Glaciers']",
            "Nom": "Rue Des Glaciers",
            "Métier": "['typographe']",
            "Classification": "intermediaire",
            "LigneOriginal": "Boubon-Bessat, Louis, typographe, LaFourmi, rue des Glaciers.",
            "sheet": "Rue Des Glaciers",
            "year": 1901
          },
          {
            "address": "['Les Catalpas,rue des Glaciers']",
            "Nom": "Rue Des Glaciers",
            "Métier": "['institutrice']",
            "Classification": "élevé",
            "LigneOriginal": "— .leanne-E., institutrice, Les Catalpas,rue des Glaciers.",
            "sheet": "Rue Des Glaciers",
            "year": 1901
          },
          {
            "address": "['Les Catalpas, rue des Glaciers']",
            "Nom": "Rue Des Glaciers",
            "Métier": "['horloger']",
            "Classification": "intermediaire",
            "LigneOriginal": "Golay-Meylan, Louis, horloger, Les Catalpas, rue des Glaciers.",
            "sheet": "Rue Des Glaciers",
            "year": 1901
          },
          {
            "address": "['Les Catalpas, rue des Glaciers']",
            "Nom": "Rue Des Glaciers",
            "Métier": "[]",
            "Classification": "???",
            "LigneOriginal": "Golay-Piguet, Franc.-Laurent, horloger,Les Catalpas, rue des Glaciers.",
            "sheet": "Rue Des Glaciers",
            "year": 1901
          },
          {
            "address": "['LaCigale, rue des Glaciers.']",
            "Nom": "Rue Des Glaciers",
            "Métier": "['terrassier']",
            "Classification": "proletaire",
            "LigneOriginal": "Grand-Buj ard, Marins, terrassier. LaCigale, rue des Glaciers.",
            "sheet": "Rue Des Glaciers",
            "year": 1901
          },
          {
            "address": "['Rochers de Naye,rue des Glaciers']",
            "Nom": "Rue Des Glaciers",
            "Métier": "[]",
            "Classification": "???",
            "LigneOriginal": "— E.-J.-O., mécanicien, Rochers de Naye,rue des Glaciers.",
            "sheet": "Rue Des Glaciers",
            "year": 1901
          },
          {
            "address": "['La Cigale, rue des Glaciers']",
            "Nom": "Rue Des Glaciers",
            "Métier": "['couturière']",
            "Classification": "proletaire",
            "LigneOriginal": "Léderrey-Burky, Charlotte, couturière,La Cigale, rue des Glaciers.",
            "sheet": "Rue Des Glaciers",
            "year": 1901
          },
          {
            "address": "['rue des Glaciers, Rochers de Naye']",
            "Nom": "Rue Des Glaciers",
            "Métier": "['couturière']",
            "Classification": "proletaire",
            "LigneOriginal": "Losio, Joséphine, couturière, rue des Glaciers, Rochers de Naye.",
            "sheet": "Rue Des Glaciers",
            "year": 1901
          },
          {
            "address": "['LesCatalpas, rue des Glaciers', 'Atelier-Pré, 31']",
            "Nom": "Rue Des Glaciers",
            "Métier": "['cimenteur']",
            "Classification": "proletaire",
            "LigneOriginal": "Rosso-Reymond, Pierre, cimenteur, LesCatalpas, rue des Glaciers. Atelier-Pré, 31.",
            "sheet": "Rue Des Glaciers",
            "year": 1901
          },
          {
            "address": "['Rochers de Naye, rue des Glaciers']",
            "Nom": "Rue Des Glaciers",
            "Métier": "['repasseuse']",
            "Classification": "proletaire",
            "LigneOriginal": "Wegmuller, Bertha-Emma, repasseuse,Rochers de Naye, rue des Glaciers.",
            "sheet": "Rue Des Glaciers",
            "year": 1901
          },
          {
            "address": "['rue des Glaciers.']",
            "Nom": "Rue Des Glaciers",
            "Métier": "['tailleur']",
            "Classification": "proletaire",
            "LigneOriginal": "Ziesing, Gustave, tailleur, rue des Glaciers.",
            "sheet": "Rue Des Glaciers",
            "year": 1901
          }
        ],
        "merged_count": 12
      }
    },
    {
      "type": "Feature",
      "geometry": {
        "type": "Point",
        "coordinates": [
          46.529267,
          6.630775
        ]
      },
      "properties": {
        "points": [
          {
            "address": "['rue Traversière, 3, Pon-taise']",
            "Nom": "Rue Traversière",
            "Métier": "['peintre']",
            "Classification": "proletaire",
            "LigneOriginal": "Ansaldi-Baron, Nicolo - Mario - Albert,peintre, rue Traversière, 3, Pon-taise.",
            "sheet": "Rue Traversière",
            "year": 1901
          }
        ],
        "merged_count": 1
      }
    },
    {
      "type": "Feature",
      "geometry": {
        "type": "Point",
        "coordinates": [
          46.529371,
          6.630569
        ]
      },
      "properties": {
        "points": [
          {
            "address": "['rue Traversière, 1']",
            "Nom": "Rue Traversière",
            "Métier": "['gvpsier-peintre']",
            "Classification": "proletaire",
            "LigneOriginal": "Musy-Muller, Louis-lTançois, gvpsier-peintre, rue Traversière, 1.",
            "sheet": "Rue Traversière",
            "year": 1901
          }
        ],
        "merged_count": 1
      }
    },
    {
      "type": "Feature",
      "geometry": {
        "type": "Point",
        "coordinates": [
          46.531089,
          6.630235
        ]
      },
      "properties": {
        "points": [
          {
            "address": "['Ghevalley,', 'rue des Crêtes, I.']",
            "Nom": "Rue des Crêtes",
            "Métier": "['domestique,']",
            "Classification": "proletaire",
            "LigneOriginal": "Bovay-Cuagny-Ghevalley, Wilma, domestique, rue des Crêtes, I.",
            "sheet": "Rue des Crêtes",
            "year": 1901
          },
          {
            "address": "['Beau-Signal, rue des Crêtes']",
            "Nom": "Rue des Crêtes",
            "Métier": "['Louise', 'ménagère']",
            "Classification": "proletaire",
            "LigneOriginal": "Feller-Joliquin,.! ulie-Louise, ménagère,Beau-Signal, rue des Crêtes.",
            "sheet": "Rue des Crêtes",
            "year": 1901
          },
          {
            "address": "['les Pyrénées, rue des Crêtes.']",
            "Nom": "Rue des Crêtes",
            "Métier": "['agriculteur']",
            "Classification": "proletaire",
            "LigneOriginal": "Gruffel-Dupuis, Ilenri-Georges, agriculteur. les Pyrénées, rue des Crêtes.",
            "sheet": "Rue des Crêtes",
            "year": 1901
          },
          {
            "address": "['Clos desLilas, rue des Crêtes']",
            "Nom": "Rue des Crêtes",
            "Métier": "['dessinateur']",
            "Classification": "intermediaire",
            "LigneOriginal": "Kuhni, Ernest, dessinateur, Clos desLilas, rue des Crêtes.",
            "sheet": "Rue des Crêtes",
            "year": 1901
          },
          {
            "address": "['Clos du Levant, rue des Crêtes']",
            "Nom": "Rue des Crêtes",
            "Métier": "[]",
            "Classification": "???",
            "LigneOriginal": "Laurent - Regamey, ll.-U., employé,Clos du Levant, rue des Crêtes.",
            "sheet": "Rue des Crêtes",
            "year": 1901
          },
          {
            "address": "['Clos.du Levant, rue des Crêtes']",
            "Nom": "Rue des Crêtes",
            "Métier": "['charretier']",
            "Classification": "proletaire",
            "LigneOriginal": "Morier-Pavillon, Charles , charretier,Clos.du Levant, rue des Crêtes.",
            "sheet": "Rue des Crêtes",
            "year": 1901
          },
          {
            "address": "['Croix Vertes, rue des Crêtes.']",
            "Nom": "Rue des Crêtes",
            "Métier": "['journalière']",
            "Classification": "proletaire",
            "LigneOriginal": "Pache-Ducret , Rosalie , journalière ,Croix Vertes, rue des Crêtes.",
            "sheet": "Rue des Crêtes",
            "year": 1901
          },
          {
            "address": "['BeauSignal, 1, rue des Crêtes']",
            "Nom": "Rue des Crêtes",
            "Métier": "['cordonnier']",
            "Classification": "intermediaire",
            "LigneOriginal": "Ferrod, Abram-Félix, cordonnier, BeauSignal, 1, rue des Crêtes.",
            "sheet": "Rue des Crêtes",
            "year": 1901
          },
          {
            "address": "['villa Indépendance, rue des Crêtes.T. 11)75']",
            "Nom": "Rue des Crêtes",
            "Métier": "['entrepreneur']",
            "Classification": "intermediaire",
            "LigneOriginal": "Rapin-Devaud, Ernest, entrepreneur ,villa Indépendance, rue des Crêtes.T. 11)75.",
            "sheet": "Rue des Crêtes",
            "year": 1901
          },
          {
            "address": "['CroixVertes, 1', ', rue des Crêtes, Pon taise']",
            "Nom": "Rue des Crêtes",
            "Métier": "['maçon']",
            "Classification": "proletaire",
            "LigneOriginal": "Ravinetti-Guida, Pierre, maçon, CroixVertes, 1, rue des Crêtes, Pon taise.",
            "sheet": "Rue des Crêtes",
            "year": 1901
          },
          {
            "address": "['LesPyrénées, rue des Crêtes']",
            "Nom": "Rue des Crêtes",
            "Métier": "['charretier']",
            "Classification": "proletaire",
            "LigneOriginal": "Rochat-Hegg, Alexis, charretier, LesPyrénées, rue des Crêtes.",
            "sheet": "Rue des Crêtes",
            "year": 1901
          },
          {
            "address": "['Beau Signal, rue des Crêtes']",
            "Nom": "Rue des Crêtes",
            "Métier": "['employéJ.-S.,']",
            "Classification": "proletaire",
            "LigneOriginal": "Séchaud-Barraud, Frédéric, employéJ.-S., Beau Signal, rue des Crêtes.",
            "sheet": "Rue des Crêtes",
            "year": 1901
          }
        ],
        "merged_count": 12
      }
    },
    {
      "type": "Feature",
      "geometry": {
        "type": "Point",
        "coordinates": [
          46.52979,
          6.630537
        ]
      },
      "properties": {
        "points": [
          {
            "address": "['Val Fleuri, rue des Jardins']",
            "Nom": "Rue des Jardins",
            "Métier": "['agriculteur']",
            "Classification": "proletaire",
            "LigneOriginal": "Amy-Carrard, Edouard-Emile, agriculteur, Val Fleuri, rue des Jardins.",
            "sheet": "Rue des Jardins",
            "year": 1901
          },
          {
            "address": "['Eralernité,rue des Jardins']",
            "Nom": "Rue des Jardins",
            "Métier": "['manœuvre']",
            "Classification": "proletaire",
            "LigneOriginal": "Bachelli, Pierre, manœuvre, Eralernité,rue des Jardins.",
            "sheet": "Rue des Jardins",
            "year": 1901
          },
          {
            "address": "['Mon Souhait, rue des Jardins']",
            "Nom": "Rue des Jardins",
            "Métier": "['menuisier']",
            "Classification": "proletaire",
            "LigneOriginal": "Badoux - Bédoni, ll.-Eug,, menuisier,Mon Souhait, rue des Jardins.",
            "sheet": "Rue des Jardins",
            "year": 1901
          },
          {
            "address": "['Mon Idée, rue des Jardins']",
            "Nom": "Rue des Jardins",
            "Métier": "['ménagère']",
            "Classification": "inactif",
            "LigneOriginal": "Baudet-Carrard, Fanchette, ménagère,Mon Idée, rue des Jardins.",
            "sheet": "Rue des Jardins",
            "year": 1901
          },
          {
            "address": "['L’Egalité, rue des Jardins']",
            "Nom": "Rue des Jardins",
            "Métier": "['maçon']",
            "Classification": "proletaire",
            "LigneOriginal": "Bernasconi-Cornuz, Constant, maçon,L’Egalité, rue des Jardins.",
            "sheet": "Rue des Jardins",
            "year": 1901
          },
          {
            "address": "['Rose-Vert, rue des Jardins,Pont,aise']",
            "Nom": "Rue des Jardins",
            "Métier": "['institutrice']",
            "Classification": "élevé",
            "LigneOriginal": "Blanc-Abetel, Julie-Susanne , institutrice, Rose-Vert, rue des Jardins,Pont,aise.",
            "sheet": "Rue des Jardins",
            "year": 1901
          },
          {
            "address": "['Val Fleuri,rue des Jardins']",
            "Nom": "Rue des Jardins",
            "Métier": "['menuisier']",
            "Classification": "proletaire",
            "LigneOriginal": "Cerutti, Ernest, menuisier, Val Fleuri,rue des Jardins.",
            "sheet": "Rue des Jardins",
            "year": 1901
          },
          {
            "address": "['le Mistral,rue des Jardins']",
            "Nom": "Rue des Jardins",
            "Métier": "['rentière']",
            "Classification": "inactif",
            "LigneOriginal": "Clot-Mellet, Emilie, rentière, le Mistral,rue des Jardins.",
            "sheet": "Rue des Jardins",
            "year": 1901
          },
          {
            "address": "['l’Olivier, rue des Jardins']",
            "Nom": "Rue des Jardins",
            "Métier": "['jardinier']",
            "Classification": "proletaire",
            "LigneOriginal": "Ducraux-Brélaz, Vincent-Louis, jardinier, l’Olivier, rue des Jardins.",
            "sheet": "Rue des Jardins",
            "year": 1901
          },
          {
            "address": "['MonIdée, rue des Jardins']",
            "Nom": "Rue des Jardins",
            "Métier": "[]",
            "Classification": "???",
            "LigneOriginal": "Fiaux-Devaud, Jules, journalier. MonIdée, rue des Jardins.",
            "sheet": "Rue des Jardins",
            "year": 1901
          },
          {
            "address": "['La Paix, rue des Jardins,']",
            "Nom": "Rue des Jardins",
            "Métier": "['charpentier']",
            "Classification": "proletaire",
            "LigneOriginal": "Freymond-Tappy, Ahram, charpentier,La Paix, rue des Jardins,",
            "sheet": "Rue des Jardins",
            "year": 1901
          },
          {
            "address": "['MonIdée, rue des Jardins']",
            "Nom": "Rue des Jardins",
            "Métier": "['jardinier']",
            "Classification": "proletaire",
            "LigneOriginal": "Jeanmoriod-Ney, Paul, jardinier, MonIdée, rue des Jardins.",
            "sheet": "Rue des Jardins",
            "year": 1901
          },
          {
            "address": "['l’Egalité, rue des Jardins']",
            "Nom": "Rue des Jardins",
            "Métier": "['manœuvre,']",
            "Classification": "proletaire",
            "LigneOriginal": "Jeanmonod-Rognon, Aimé, manœuvre, l’Egalité, rue des Jardins.",
            "sheet": "Rue des Jardins",
            "year": 1901
          },
          {
            "address": "['Mon Idée, rue des Jardins']",
            "Nom": "Rue des Jardins",
            "Métier": "['manœuvre']",
            "Classification": "proletaire",
            "LigneOriginal": "Jordan-Matti , Auguste , manœuvre ,Mon Idée, rue des Jardins.",
            "sheet": "Rue des Jardins",
            "year": 1901
          },
          {
            "address": "['Chalet Devaud, rue des Jardins']",
            "Nom": "Rue des Jardins",
            "Métier": "['cordonnier']",
            "Classification": "intermediaire",
            "LigneOriginal": "Kohlenberger, Paul, cordonnier, Chalet Devaud, rue des Jardins.",
            "sheet": "Rue des Jardins",
            "year": 1901
          },
          {
            "address": "['LaBrune, rue des Jardins, Pontaisc.Mag. Grand', 'Si-Jean']",
            "Nom": "Rue des Jardins",
            "Métier": "['chapelier']",
            "Classification": "intermediaire",
            "LigneOriginal": "Nottaris-Dupuis, Albino, chapelier, LaBrune, rue des Jardins, Pontaisc.Mag. Grand Si-Jean. 38.",
            "sheet": "Rue des Jardins",
            "year": 1901
          },
          {
            "address": "['Mon Idée, rue des Jardins']",
            "Nom": "Rue des Jardins",
            "Métier": "['maçon']",
            "Classification": "proletaire",
            "LigneOriginal": "Pache-Prefet, Georges-Eug.-Charl., maçon, Mon Idée, rue des Jardins.",
            "sheet": "Rue des Jardins",
            "year": 1901
          },
          {
            "address": "['Le Noisetier,rue des Jardins']",
            "Nom": "Rue des Jardins",
            "Métier": "['employé.']",
            "Classification": "proletaire",
            "LigneOriginal": "— Edouard-lienri, employé. Le Noisetier,rue des Jardins.",
            "sheet": "Rue des Jardins",
            "year": 1901
          },
          {
            "address": "['La Fraternité, rue des Jardins']",
            "Nom": "Rue des Jardins",
            "Métier": "['domestique,']",
            "Classification": "proletaire",
            "LigneOriginal": "Silvola-Cerri, Dominique, domestique,La Fraternité, rue des Jardins.",
            "sheet": "Rue des Jardins",
            "year": 1901
          }
        ],
        "merged_count": 19
      }
    },
    {
      "type": "Feature",
      "geometry": {
        "type": "Point",
        "coordinates": [
          46.528004,
          6.631683
        ]
      },
      "properties": {
        "points": [
          {
            "address": "['villa St-Jean,rue des Oliviers']",
            "Nom": "Rue des Oliviers",
            "Métier": "['étudiant,']",
            "Classification": "inactif",
            "LigneOriginal": "Baitscheff, Jean, étudiant, villa St-Jean,rue des Oliviers.",
            "sheet": "Rue des Oliviers",
            "year": 1901
          },
          {
            "address": "['villa Récab, rue des Oliviers']",
            "Nom": "Rue des Oliviers",
            "Métier": "[]",
            "Classification": "???",
            "LigneOriginal": "Bastian-Goumaz, Louis-Henri, agentde police, villa Récab, rue des Oliviers.",
            "sheet": "Rue des Oliviers",
            "year": 1901
          },
          {
            "address": "['Les Sapins, rue des Oliviers']",
            "Nom": "Rue des Oliviers",
            "Métier": "['demoiselle de magasin']",
            "Classification": "proletaire",
            "LigneOriginal": "Ducraux, Alice, demoiselle de magasin,Les Sapins, rue des Oliviers.",
            "sheet": "Rue des Oliviers",
            "year": 1901
          },
          {
            "address": "['villaSt-Jean, rue des Oliviers']",
            "Nom": "Rue des Oliviers",
            "Métier": "['serrurier']",
            "Classification": "intermediaire",
            "LigneOriginal": "Henning-Kurt, Berthold, serrurier, villaSt-Jean, rue des Oliviers.",
            "sheet": "Rue des Oliviers",
            "year": 1901
          },
          {
            "address": "['rue des Oliviers']",
            "Nom": "Rue des Oliviers",
            "Métier": "['Rose Mousse']",
            "Classification": "???",
            "LigneOriginal": "— François-Louis, commis. Rose Mousse,rue des Oliviers.",
            "sheet": "Rue des Oliviers",
            "year": 1901
          },
          {
            "address": "['rue des Oliviers, I.']",
            "Nom": "Rue des Oliviers",
            "Métier": "['tailleuse']",
            "Classification": "proletaire",
            "LigneOriginal": "— Jeanne, tailleuse, rue des Oliviers, I.",
            "sheet": "Rue des Oliviers",
            "year": 1901
          },
          {
            "address": "[', rue des Oliviers']",
            "Nom": "Rue des Oliviers",
            "Métier": "['commis,', 'Rose Mousse']",
            "Classification": "intermediaire",
            "LigneOriginal": "Major-Aubert, Henri-Jules, commis,Rose Mousse, rue des Oliviers.",
            "sheet": "Rue des Oliviers",
            "year": 1901
          },
          {
            "address": "['villaRécab, rue des Oliviers']",
            "Nom": "Rue des Oliviers",
            "Métier": "['journalier']",
            "Classification": "proletaire",
            "LigneOriginal": "Martin-Limat, Emilien, journalier, villaRécab, rue des Oliviers.",
            "sheet": "Rue des Oliviers",
            "year": 1901
          },
          {
            "address": "['Rose Mousse, rue des Oliviers']",
            "Nom": "Rue des Oliviers",
            "Métier": "[]",
            "Classification": "???",
            "LigneOriginal": "Pernet-Mercet, Constant, journalier,Rose Mousse, rue des Oliviers.",
            "sheet": "Rue des Oliviers",
            "year": 1901
          },
          {
            "address": "['villa Maria, rue des Oliviers']",
            "Nom": "Rue des Oliviers",
            "Métier": "['ménagère']",
            "Classification": "inactif",
            "LigneOriginal": "Perret - Magnin, Susanne, ménagère,villa Maria, rue des Oliviers.",
            "sheet": "Rue des Oliviers",
            "year": 1901
          },
          {
            "address": "['Les Sapins, rue des Oliviers']",
            "Nom": "Rue des Oliviers",
            "Métier": "['menuisier']",
            "Classification": "proletaire",
            "LigneOriginal": "Poëterlin-Chappuis, Alphonse, menuisier, Les Sapins, rue des Oliviers.",
            "sheet": "Rue des Oliviers",
            "year": 1901
          },
          {
            "address": "['villa St-Jean, rue des Oliviers']",
            "Nom": "Rue des Oliviers",
            "Métier": "['gérant']",
            "Classification": "inactif",
            "LigneOriginal": "Rubin-Gallissat, Victor-Amédée, gérant, villa St-Jean, rue des Oliviers.",
            "sheet": "Rue des Oliviers",
            "year": 1901
          },
          {
            "address": "['villa St-Jean,rue des Oliviers']",
            "Nom": "Rue des Oliviers",
            "Métier": "['étudiant,']",
            "Classification": "inactif",
            "LigneOriginal": "Simionoff, Henri, étudiant, villa St-Jean,rue des Oliviers.",
            "sheet": "Rue des Oliviers",
            "year": 1901
          },
          {
            "address": "['rue des Oliviers, 2']",
            "Nom": "Rue des Oliviers",
            "Métier": "['valet dechambre']",
            "Classification": "proletaire",
            "LigneOriginal": "Thuillard - Tréboux, Alois, valet dechambre, rue des Oliviers, 2.",
            "sheet": "Rue des Oliviers",
            "year": 1901
          },
          {
            "address": "['villa Récab, rue des Oliviers, Pon-taise']",
            "Nom": "Rue des Oliviers",
            "Métier": "['demoiselle de magasin']",
            "Classification": "proletaire",
            "LigneOriginal": "Yersin, Marie, demoiselle de magasin,villa Récab, rue des Oliviers, Pon-taise.",
            "sheet": "Rue des Oliviers",
            "year": 1901
          }
        ],
        "merged_count": 15
      }
    },
    {
      "type": "Feature",
      "geometry": {
        "type": "Point",
        "coordinates": [
          46.528104,
          6.631783
        ]
      },
      "properties": {
        "points": [
          {
            "address": "['villaMaria, rue des Oliviers', 'Chemin Neuf, 7']",
            "Nom": "Rue des Oliviers",
            "Métier": "[]",
            "Classification": "???",
            "LigneOriginal": "Mathey-Charpié, F.-A., horloger, villaMaria, rue des Oliviers. Atelier Chemin Neuf, 7.    .",
            "sheet": "Rue des Oliviers",
            "year": 1901
          }
        ],
        "merged_count": 1
      }
    },
    {
      "type": "Feature",
      "geometry": {
        "type": "Point",
        "coordinates": [
          46.524195,
          6.631793
        ]
      },
      "properties": {
        "points": [
          {
            "address": "['rue du Valentin, 54']",
            "Nom": "Rue du Valentin",
            "Métier": "[]",
            "Classification": "???",
            "LigneOriginal": "Sandoz-Gendre, Marguerite, rue du Valentin, 54.",
            "sheet": "Rue du Valentin",
            "year": 1901
          }
        ],
        "merged_count": 1
      }
    }
  ]
}