{
  "type": "FeatureCollection",
  "features": [
    {
      "type": "Feature",
      "geometry": {
        "type": "Point",
        "coordinates": [
          6.615787,
          46.527321
        ]
      },
      "properties": {
        "address": "['avenue Recordon 32']",
        "Nom": "Avenue Recordon",
        "Métier": "['repasseuse']",
        "Classification": "proletaire",
        "LigneOriginal": "Aegerter Alice, repasseuse, avenue Recordon 32.",
        "sheet": "Avenue Recordon",
        "year": 1951
      }
    },
    {
      "type": "Feature",
      "geometry": {
        "type": "Point",
        "coordinates": [
          6.615787,
          46.527321
        ]
      },
      "properties": {
        "address": "['avenue Recordon 32']",
        "Nom": "Avenue Recordon",
        "Métier": "[]",
        "Classification": "",
        "LigneOriginal": "Aegerter-Seydoux Pauline, avenue Recordon 32.",
        "sheet": "Avenue Recordon",
        "year": 1951
      }
    },
    {
      "type": "Feature",
      "geometry": {
        "type": "Point",
        "coordinates": [
          6.614932,
          46.527643
        ]
      },
      "properties": {
        "address": "['avenueRecordon 19']",
        "Nom": "Avenue Recordon",
        "Métier": "['Vve']",
        "Classification": "inactif",
        "LigneOriginal": "Audemars-Capt Eugénie, Vve, avenueRecordon 19.",
        "sheet": "Avenue Recordon",
        "year": 1951
      }
    },
    {
      "type": "Feature",
      "geometry": {
        "type": "Point",
        "coordinates": [
          6.616873,
          46.526741
        ]
      },
      "properties": {
        "address": "['avenue Recordon 6']",
        "Nom": "Avenue Recordon",
        "Métier": "[]",
        "Classification": "",
        "LigneOriginal": "Baillif-Cassat Marguerite, avenue Recordon 6 bis.",
        "sheet": "Avenue Recordon",
        "year": 1951
      }
    },
    {
      "type": "Feature",
      "geometry": {
        "type": "Point",
        "coordinates": [
          6.615437,
          46.527781
        ]
      },
      "properties": {
        "address": "['avenueRecordon 36']",
        "Nom": "Avenue Recordon",
        "Métier": "['peintre']",
        "Classification": "proletaire",
        "LigneOriginal": "Balbiani-Rämy Henri, peintre, avenueRecordon 36.",
        "sheet": "Avenue Recordon",
        "year": 1951
      }
    },
    {
      "type": "Feature",
      "geometry": {
        "type": "Point",
        "coordinates": [
          6.614761,
          46.527965
        ]
      },
      "properties": {
        "address": "['avenue Recordon 6 bis']",
        "Nom": "Avenue Recordon",
        "Métier": "[]",
        "Classification": "",
        "LigneOriginal": "Berti-Ponticelli Laure, avenue Recordon 6 bis.",
        "sheet": "Avenue Recordon",
        "year": 1951
      }
    },
    {
      "type": "Feature",
      "geometry": {
        "type": "Point",
        "coordinates": [
          6.616873,
          46.526741
        ]
      },
      "properties": {
        "address": "['avenue Recordon 6']",
        "Nom": "Avenue Recordon",
        "Métier": "['sommelière']",
        "Classification": "intermediaire",
        "LigneOriginal": "— Marthe, sommelière. avenue Recordon 6 bis.",
        "sheet": "Avenue Recordon",
        "year": 1951
      }
    },
    {
      "type": "Feature",
      "geometry": {
        "type": "Point",
        "coordinates": [
          6.614761,
          46.527965
        ]
      },
      "properties": {
        "address": "['avenueRecordon 2.']",
        "Nom": "Avenue Recordon",
        "Métier": "['êlectr.']",
        "Classification": "intermediaire",
        "LigneOriginal": "Buchser-Bérard Robert, êlectr., avenueRecordon 2. •",
        "sheet": "Avenue Recordon",
        "year": 1951
      }
    },
    {
      "type": "Feature",
      "geometry": {
        "type": "Point",
        "coordinates": [
          6.616708,
          46.526814
        ]
      },
      "properties": {
        "address": "['avenue Recordon 8']",
        "Nom": "Avenue Recordon",
        "Métier": "['ouvr. fahr']",
        "Classification": "proletaire",
        "LigneOriginal": "—• Mathilde, ouvr. fahr., avenue Recordon 8",
        "sheet": "Avenue Recordon",
        "year": 1951
      }
    },
    {
      "type": "Feature",
      "geometry": {
        "type": "Point",
        "coordinates": [
          6.614514,
          46.528772
        ]
      },
      "properties": {
        "address": "[',avenue Recordon 38. At. et Ap.T.24 68']",
        "Nom": "Avenue Recordon",
        "Métier": "['coutur.']",
        "Classification": "proletaire",
        "LigneOriginal": "Demanega-Aegerter Charlotte, coutur.,avenue Recordon 38. At. et Ap.T.24 68 30.",
        "sheet": "Avenue Recordon",
        "year": 1951
      }
    },
    {
      "type": "Feature",
      "geometry": {
        "type": "Point",
        "coordinates": [
          6.616636,
          46.524728
        ]
      },
      "properties": {
        "address": "['avenue Recordon 2']",
        "Nom": "Avenue Recordon",
        "Métier": "['maçon']",
        "Classification": "proletaire",
        "LigneOriginal": "Gianini Eugène, maçon, avenue Recordon 2.",
        "sheet": "Avenue Recordon",
        "year": 1951
      }
    },
    {
      "type": "Feature",
      "geometry": {
        "type": "Point",
        "coordinates": [
          6.614932,
          46.527643
        ]
      },
      "properties": {
        "address": "['avenueRecordon 19']",
        "Nom": "Avenue Recordon",
        "Métier": "['charron']",
        "Classification": "intermediaire",
        "LigneOriginal": "fiiger-Eberhardt Cari, charron, avenueRecordon 19.",
        "sheet": "Avenue Recordon",
        "year": 1951
      }
    },
    {
      "type": "Feature",
      "geometry": {
        "type": "Point",
        "coordinates": [
          6.614908,
          46.528047
        ]
      },
      "properties": {
        "address": "['avenueRecordon 42']",
        "Nom": "Avenue Recordon",
        "Métier": "['photogr.']",
        "Classification": "proletaire",
        "LigneOriginal": "Krieger-Dondin Louis, photogr., avenueRecordon 42.",
        "sheet": "Avenue Recordon",
        "year": 1951
      }
    },
    {
      "type": "Feature",
      "geometry": {
        "type": "Point",
        "coordinates": [
          6.614932,
          46.527643
        ]
      },
      "properties": {
        "address": "['avenue Recordon 19']",
        "Nom": "Avenue Recordon",
        "Métier": "['chauffeur']",
        "Classification": "proletaire",
        "LigneOriginal": "Martin-Bisesti Robert, chauffeur, avenue Recordon 19.",
        "sheet": "Avenue Recordon",
        "year": 1951
      }
    },
    {
      "type": "Feature",
      "geometry": {
        "type": "Point",
        "coordinates": [
          6.615136,
          46.527515
        ]
      },
      "properties": {
        "address": "['avenueRecordon 17']",
        "Nom": "Avenue Recordon",
        "Métier": "['Veuve']",
        "Classification": "inactif",
        "LigneOriginal": "Maulaz-Gindraux Marie, Veuve, avenueRecordon 17.",
        "sheet": "Avenue Recordon",
        "year": 1951
      }
    },
    {
      "type": "Feature",
      "geometry": {
        "type": "Point",
        "coordinates": [
          6.616708,
          46.526814
        ]
      },
      "properties": {
        "address": "['avenue Recordon 8']",
        "Nom": "Avenue Recordon",
        "Métier": "['conduct, typo']",
        "Classification": "proletaire",
        "LigneOriginal": "Mérinat-Colliard Arthur, conduct, typo,avenue Recordon 8.",
        "sheet": "Avenue Recordon",
        "year": 1951
      }
    },
    {
      "type": "Feature",
      "geometry": {
        "type": "Point",
        "coordinates": [
          6.614746,
          46.528345
        ]
      },
      "properties": {
        "address": "['avenue Recordon 46']",
        "Nom": "Avenue Recordon",
        "Métier": "['musicien']",
        "Classification": "intermediaire",
        "LigneOriginal": "Motta Giacomo, musicien, avenue Recordon 46.",
        "sheet": "Avenue Recordon",
        "year": 1951
      }
    },
    {
      "type": "Feature",
      "geometry": {
        "type": "Point",
        "coordinates": [
          6.616873,
          46.526741
        ]
      },
      "properties": {
        "address": "['avenueRecordon 6']",
        "Nom": "Avenue Recordon",
        "Métier": "['ferblantier']",
        "Classification": "proletaire",
        "LigneOriginal": "Paux-Dupnis Alfred, ferblantier, avenueRecordon 6 bis.",
        "sheet": "Avenue Recordon",
        "year": 1951
      }
    },
    {
      "type": "Feature",
      "geometry": {
        "type": "Point",
        "coordinates": [
          6.616708,
          46.526814
        ]
      },
      "properties": {
        "address": "['archit.. avenueRecordon 8']",
        "Nom": "Avenue Recordon",
        "Métier": "['dessinateur']",
        "Classification": "intermediaire",
        "LigneOriginal": "—- Marcel, dessinateur, archit.. avenueRecordon 8.",
        "sheet": "Avenue Recordon",
        "year": 1951
      }
    },
    {
      "type": "Feature",
      "geometry": {
        "type": "Point",
        "coordinates": [
          6.61534,
          46.527684
        ]
      },
      "properties": {
        "address": "['avenue Recordon 38']",
        "Nom": "Avenue Recordon",
        "Métier": "[]",
        "Classification": "",
        "LigneOriginal": "Perriard-Finkler Auguste, avenue Recordon 38.",
        "sheet": "Avenue Recordon",
        "year": 1951
      }
    },
    {
      "type": "Feature",
      "geometry": {
        "type": "Point",
        "coordinates": [
          6.615787,
          46.527321
        ]
      },
      "properties": {
        "address": "['avenueRecordon 32']",
        "Nom": "Avenue Recordon",
        "Métier": "['Veuve']",
        "Classification": "inactif",
        "LigneOriginal": "Richard-Vandroz Alice, Veuve, avenueRecordon 32.",
        "sheet": "Avenue Recordon",
        "year": 1951
      }
    },
    {
      "type": "Feature",
      "geometry": {
        "type": "Point",
        "coordinates": [
          6.616873,
          46.526741
        ]
      },
      "properties": {
        "address": "['avenue Recordon 6']",
        "Nom": "Avenue Recordon",
        "Métier": "['couturière']",
        "Classification": "proletaire",
        "LigneOriginal": "Riva Henriette, couturière, avenue Recordon 6 bis.",
        "sheet": "Avenue Recordon",
        "year": 1951
      }
    },
    {
      "type": "Feature",
      "geometry": {
        "type": "Point",
        "coordinates": [
          6.616537,
          46.526891
        ]
      },
      "properties": {
        "address": "['avenue Recordon 10']",
        "Nom": "Avenue Recordon",
        "Métier": "['journhlière']",
        "Classification": "proletaire",
        "LigneOriginal": "Weihel Clara, journhlière, avenue Recordon 10.",
        "sheet": "Avenue Recordon",
        "year": 1951
      }
    },
    {
      "type": "Feature",
      "geometry": {
        "type": "Point",
        "coordinates": [
          6.60624,
          46.527323
        ]
      },
      "properties": {
        "address": "['avenue de Morges 12', 'ch. des Cèdres 4.T.']",
        "Nom": "Avenue de Morges",
        "Métier": "['auto-écolè']",
        "Classification": "intermediaire",
        "LigneOriginal": "Biingold-Roniller Ernest, auto-écolè,avenue de Morges 12. T. 24 7801.Garage et B. ch. des Cèdres 4.T. 24 78 00.",
        "sheet": "Avenue de Morges",
        "year": 1951
      }
    },
    {
      "type": "Feature",
      "geometry": {
        "type": "Point",
        "coordinates": [
          6.619268,
          46.524677
        ]
      },
      "properties": {
        "address": "['avenue de Morges 21']",
        "Nom": "Avenue de Morges",
        "Métier": "['vendeuse']",
        "Classification": "proletaire",
        "LigneOriginal": "Degiez-Passerini Alice, vendeuse, avenue de Morges 21.",
        "sheet": "Avenue de Morges",
        "year": 1951
      }
    },
    {
      "type": "Feature",
      "geometry": {
        "type": "Point",
        "coordinates": [
          6.60624,
          46.527323
        ]
      },
      "properties": {
        "address": "['avenue de Morges 31.T.']",
        "Nom": "Avenue de Morges",
        "Métier": "['dir. Imp.Vaudoise']",
        "Classification": "élevé",
        "LigneOriginal": "Fehrenbach-Boggard Charles, dir. Imp.Vaudoise, avenue de Morges 31.T. 24 60 22.",
        "sheet": "Avenue de Morges",
        "year": 1951
      }
    },
    {
      "type": "Feature",
      "geometry": {
        "type": "Point",
        "coordinates": [
          6.618191,
          46.525202
        ]
      },
      "properties": {
        "address": "['avenue de Morges 31']",
        "Nom": "Avenue de Morges",
        "Métier": "['empi, de bureau']",
        "Classification": "intermediaire",
        "LigneOriginal": "Godel Georgette, empi, de bureau, avenue de Morges 31.",
        "sheet": "Avenue de Morges",
        "year": 1951
      }
    },
    {
      "type": "Feature",
      "geometry": {
        "type": "Point",
        "coordinates": [
          6.60624,
          46.527323
        ]
      },
      "properties": {
        "address": "['avenue de Morges 177. M. etAn T.']",
        "Nom": "Avenue de Morges",
        "Métier": "['Hiltbrand Emile,', 'épicier']",
        "Classification": "proletaire",
        "LigneOriginal": "Grezet dit Qrizel-Hiltbrand Emile, épicier, avenue de Morges 177. M. etAn T. 24 96 47",
        "sheet": "Avenue de Morges",
        "year": 1951
      }
    },
    {
      "type": "Feature",
      "geometry": {
        "type": "Point",
        "coordinates": [
          6.60624,
          46.527323
        ]
      },
      "properties": {
        "address": "['avenue de Morges 17.T.']",
        "Nom": "Avenue de Morges",
        "Métier": "[]",
        "Classification": "",
        "LigneOriginal": "Mattan Germaine, avenue de Morges 17.T. 24 13 83.",
        "sheet": "Avenue de Morges",
        "year": 1951
      }
    },
    {
      "type": "Feature",
      "geometry": {
        "type": "Point",
        "coordinates": [
          6.614983,
          46.526104
        ]
      },
      "properties": {
        "address": "['avenue de Morges 77']",
        "Nom": "Avenue de Morges",
        "Métier": "['Vve']",
        "Classification": "inactif",
        "LigneOriginal": "Paget-Michond C.. Vve avenue de Morges 77.",
        "sheet": "Avenue de Morges",
        "year": 1951
      }
    },
    {
      "type": "Feature",
      "geometry": {
        "type": "Point",
        "coordinates": [
          6.60624,
          46.527323
        ]
      },
      "properties": {
        "address": "['avenue de Morges 15.T.']",
        "Nom": "Avenue de Morges",
        "Métier": "[]",
        "Classification": "",
        "LigneOriginal": "—• 'Madeleine, avenue de Morges 15.T. 24 4410.",
        "sheet": "Avenue de Morges",
        "year": 1951
      }
    },
    {
      "type": "Feature",
      "geometry": {
        "type": "Point",
        "coordinates": [
          6.60624,
          46.527323
        ]
      },
      "properties": {
        "address": "['avenue de Morges 25.T.']",
        "Nom": "Avenue de Morges",
        "Métier": "['représent.Carba S']",
        "Classification": "proletaire",
        "LigneOriginal": "Richterich-Schaller Joseph, représent.Carba S A., avenue de Morges 25.T. 2419 23.",
        "sheet": "Avenue de Morges",
        "year": 1951
      }
    },
    {
      "type": "Feature",
      "geometry": {
        "type": "Point",
        "coordinates": [
          6.60624,
          46.527323
        ]
      },
      "properties": {
        "address": "['avenue de Morges 125']",
        "Nom": "Avenue de Morges",
        "Métier": "['man.']",
        "Classification": "proletaire",
        "LigneOriginal": "Salvalai-Donegana Robert, man., avenue de Morges 125.",
        "sheet": "Avenue de Morges",
        "year": 1951
      }
    },
    {
      "type": "Feature",
      "geometry": {
        "type": "Point",
        "coordinates": [
          6.618708,
          46.524919
        ]
      },
      "properties": {
        "address": "['avenue de Morges 27']",
        "Nom": "Avenue de Morges",
        "Métier": "['fleuriste']",
        "Classification": "proletaire",
        "LigneOriginal": "Stori Rosina, fleuriste, avenue de Morges 27.",
        "sheet": "Avenue de Morges",
        "year": 1951
      }
    },
    {
      "type": "Feature",
      "geometry": {
        "type": "Point",
        "coordinates": [
          6.60624,
          46.527323
        ]
      },
      "properties": {
        "address": "['avenue de Morges 15', 'Grand-Chêne f.']",
        "Nom": "Avenue de Morges",
        "Métier": "[]",
        "Classification": "",
        "LigneOriginal": "- Bianche, couture. Aux Snorts dims,avenue de Morges 15 T. 24 08 73M. Grand-Chêne f. T 23 6612",
        "sheet": "Avenue de Morges",
        "year": 1951
      }
    },
    {
      "type": "Feature",
      "geometry": {
        "type": "Point",
        "coordinates": [
          6.607716,
          46.523355
        ]
      },
      "properties": {
        "address": "['La Pervenche, chemin de Malley']",
        "Nom": "Chemin de Malley",
        "Métier": "['garagiste']",
        "Classification": "intermediaire",
        "LigneOriginal": "Piccand-Ruppert Raymond, garagiste,La Pervenche, chemin de Malley.T. 24 19 05. Garage : Bât. Carrcss.Egli. Malley. T. 24 05 61.",
        "sheet": "Chemin de Malley",
        "year": 1951
      }
    },
    {
      "type": "Feature",
      "geometry": {
        "type": "Point",
        "coordinates": [
          6.607888,
          46.527558
        ]
      },
      "properties": {
        "address": "['chemin de Renens 26.T.', 'rue Enning 6.T.']",
        "Nom": "Chemin de Renens",
        "Métier": "['chauffage etventilation,']",
        "Classification": "proletaire",
        "LigneOriginal": "Banmann-Dousse Conrad, chauffage etventilation, chemin de Renens 26.T. 24 40 63. B. rue Enning 6.T. 23 93 46.",
        "sheet": "Chemin de Renens",
        "year": 1951
      }
    },
    {
      "type": "Feature",
      "geometry": {
        "type": "Point",
        "coordinates": [
          6.603915,
          46.528579
        ]
      },
      "properties": {
        "address": "['chemin de Renens 58']",
        "Nom": "Chemin de Renens",
        "Métier": "['peintre']",
        "Classification": "proletaire",
        "LigneOriginal": "Bezzola-Rouiller Georges, peintre, chemin de Renens 58.",
        "sheet": "Chemin de Renens",
        "year": 1951
      }
    },
    {
      "type": "Feature",
      "geometry": {
        "type": "Point",
        "coordinates": [
          6.608362,
          46.52809
        ]
      },
      "properties": {
        "address": "['chemin de Renens 28']",
        "Nom": "Chemin de Renens",
        "Métier": "['contremaîtremaçon,']",
        "Classification": "proletaire",
        "LigneOriginal": "Binaghi-Autino Ferdinand, contremaîtremaçon, chemin de Renens 28. T.2486 93.",
        "sheet": "Chemin de Renens",
        "year": 1951
      }
    },
    {
      "type": "Feature",
      "geometry": {
        "type": "Point",
        "coordinates": [
          6.607888,
          46.527558
        ]
      },
      "properties": {
        "address": "['chemin de Renens 9.T.']",
        "Nom": "Chemin de Renens",
        "Métier": "[]",
        "Classification": "",
        "LigneOriginal": "— Jacqueline, chemin de Renens 9.T. 24 6011.",
        "sheet": "Chemin de Renens",
        "year": 1951
      }
    },
    {
      "type": "Feature",
      "geometry": {
        "type": "Point",
        "coordinates": [
          6.607888,
          46.527558
        ]
      },
      "properties": {
        "address": "['chemin de Renens. Malley.T.']",
        "Nom": "Chemin de Renens",
        "Métier": "['atei', 'électro-mécanique,']",
        "Classification": "proletaire",
        "LigneOriginal": "Grimbnhler & Burri, atei, électro-mécanique, chemin de Renens. Malley.T. 24 45 33.",
        "sheet": "Chemin de Renens",
        "year": 1951
      }
    },
    {
      "type": "Feature",
      "geometry": {
        "type": "Point",
        "coordinates": [
          6.607245,
          46.528109
        ]
      },
      "properties": {
        "address": "['chemin de Renens 36']",
        "Nom": "Chemin de Renens",
        "Métier": "['mécanicien']",
        "Classification": "intermediaire",
        "LigneOriginal": "Junod-Kuster Louis, mécanicien, chemin de Renens 36.",
        "sheet": "Chemin de Renens",
        "year": 1951
      }
    },
    {
      "type": "Feature",
      "geometry": {
        "type": "Point",
        "coordinates": [
          6.607278,
          46.528242
        ]
      },
      "properties": {
        "address": "['chemin de Renens 34']",
        "Nom": "Chemin de Renens",
        "Métier": "['ébéniste']",
        "Classification": "proletaire",
        "LigneOriginal": "Roulin-Vionnet Fernand, ébéniste, chemin de Renens 34. T. 24 17 37.",
        "sheet": "Chemin de Renens",
        "year": 1951
      }
    },
    {
      "type": "Feature",
      "geometry": {
        "type": "Point",
        "coordinates": [
          6.613045,
          46.525676
        ]
      },
      "properties": {
        "address": "['rue Couchirard 3']",
        "Nom": "En Couchirard",
        "Métier": "[]",
        "Classification": "",
        "LigneOriginal": "— Jeanne, rue Couchirard 3.",
        "sheet": "En Couchirard",
        "year": 1951
      }
    },
    {
      "type": "Feature",
      "geometry": {
        "type": "Point",
        "coordinates": [
          6.613045,
          46.525676
        ]
      },
      "properties": {
        "address": "['r. Couchirard 3']",
        "Nom": "En Couchirard",
        "Métier": "['commiss']",
        "Classification": "intermediaire",
        "LigneOriginal": "— Raymond, commiss., r. Couchirard 3.",
        "sheet": "En Couchirard",
        "year": 1951
      }
    },
    {
      "type": "Feature",
      "geometry": {
        "type": "Point",
        "coordinates": [
          6.613045,
          46.525676
        ]
      },
      "properties": {
        "address": "['rue Couchirard 3']",
        "Nom": "En Couchirard",
        "Métier": "['emp. de banque']",
        "Classification": "intermediaire",
        "LigneOriginal": "Bécholey-Bœhle Arnold, emp. de banque, rue Couchirard 3.",
        "sheet": "En Couchirard",
        "year": 1951
      }
    },
    {
      "type": "Feature",
      "geometry": {
        "type": "Point",
        "coordinates": [
          6.613045,
          46.525676
        ]
      },
      "properties": {
        "address": "['r. Couchirard 3']",
        "Nom": "En Couchirard",
        "Métier": "['vend']",
        "Classification": "proletaire",
        "LigneOriginal": "— Jacqueline, vend., r. Couchirard 3.",
        "sheet": "En Couchirard",
        "year": 1951
      }
    },
    {
      "type": "Feature",
      "geometry": {
        "type": "Point",
        "coordinates": [
          6.613045,
          46.525676
        ]
      },
      "properties": {
        "address": "[',rue Couchirard 3']",
        "Nom": "En Couchirard",
        "Métier": "['mécanic.']",
        "Classification": "intermediaire",
        "LigneOriginal": "Bevilacqua-Delfanti Achille, mécanic.,rue Couchirard 3.",
        "sheet": "En Couchirard",
        "year": 1951
      }
    },
    {
      "type": "Feature",
      "geometry": {
        "type": "Point",
        "coordinates": [
          6.613045,
          46.525676
        ]
      },
      "properties": {
        "address": "['r. Couchirard 3']",
        "Nom": "En Couchirard",
        "Métier": "['magasinier']",
        "Classification": "proletaire",
        "LigneOriginal": "Bielmann-Landaner Albert, magasinier,r. Couchirard 3.",
        "sheet": "En Couchirard",
        "year": 1951
      }
    },
    {
      "type": "Feature",
      "geometry": {
        "type": "Point",
        "coordinates": [
          6.613045,
          46.525676
        ]
      },
      "properties": {
        "address": "['r. Couchirard 3']",
        "Nom": "En Couchirard",
        "Métier": "[]",
        "Classification": "",
        "LigneOriginal": "— Simone, r. Couchirard 3.",
        "sheet": "En Couchirard",
        "year": 1951
      }
    },
    {
      "type": "Feature",
      "geometry": {
        "type": "Point",
        "coordinates": [
          6.613045,
          46.525676
        ]
      },
      "properties": {
        "address": "[',r. Couchirard 1. Ap. B. 24']",
        "Nom": "En Couchirard",
        "Métier": "['at Elise,', 'Vve', 'camionn']",
        "Classification": "proletaire",
        "LigneOriginal": "Barren-Chapuis at Elise, Vve, camionn ,r. Couchirard 1. Ap. B. 24 12 68.",
        "sheet": "En Couchirard",
        "year": 1951
      }
    },
    {
      "type": "Feature",
      "geometry": {
        "type": "Point",
        "coordinates": [
          6.613045,
          46.525676
        ]
      },
      "properties": {
        "address": "['av.r. Couchirard 3']",
        "Nom": "En Couchirard",
        "Métier": "['gypsiers-peintres']",
        "Classification": "proletaire",
        "LigneOriginal": "Chappnis E. & Cie, gypsiers-peintres, av.r. Couchirard 3. T. 24 61 68.",
        "sheet": "En Couchirard",
        "year": 1951
      }
    },
    {
      "type": "Feature",
      "geometry": {
        "type": "Point",
        "coordinates": [
          6.613045,
          46.525676
        ]
      },
      "properties": {
        "address": "['r. Couchirard 15']",
        "Nom": "En Couchirard",
        "Métier": "[]",
        "Classification": "",
        "LigneOriginal": "Comin-Baumgartner Barbara, r. Couchirard 15.",
        "sheet": "En Couchirard",
        "year": 1951
      }
    },
    {
      "type": "Feature",
      "geometry": {
        "type": "Point",
        "coordinates": [
          6.613045,
          46.525676
        ]
      },
      "properties": {
        "address": "['r. Couchirard 3']",
        "Nom": "En Couchirard",
        "Métier": "['carreleur']",
        "Classification": "proletaire",
        "LigneOriginal": "— Onorato, carreleur, r. Couchirard 3",
        "sheet": "En Couchirard",
        "year": 1951
      }
    },
    {
      "type": "Feature",
      "geometry": {
        "type": "Point",
        "coordinates": [
          6.613045,
          46.525676
        ]
      },
      "properties": {
        "address": "['rue Couchirard 15']",
        "Nom": "En Couchirard",
        "Métier": "[]",
        "Classification": "",
        "LigneOriginal": "— Marinette, rue Couchirard 15.",
        "sheet": "En Couchirard",
        "year": 1951
      }
    },
    {
      "type": "Feature",
      "geometry": {
        "type": "Point",
        "coordinates": [
          6.613045,
          46.525676
        ]
      },
      "properties": {
        "address": "['rue Couchirard 15']",
        "Nom": "En Couchirard",
        "Métier": "[]",
        "Classification": "",
        "LigneOriginal": "— Ginette, rue Couchirard 15.",
        "sheet": "En Couchirard",
        "year": 1951
      }
    },
    {
      "type": "Feature",
      "geometry": {
        "type": "Point",
        "coordinates": [
          6.613045,
          46.525676
        ]
      },
      "properties": {
        "address": "['rue Couchirard 15']",
        "Nom": "En Couchirard",
        "Métier": "['charpentier']",
        "Classification": "proletaire",
        "LigneOriginal": "Grandchamp-Corbaz William, charpentier, rue Couchirard 15.",
        "sheet": "En Couchirard",
        "year": 1951
      }
    },
    {
      "type": "Feature",
      "geometry": {
        "type": "Point",
        "coordinates": [
          6.613045,
          46.525676
        ]
      },
      "properties": {
        "address": "['r. Couchirard 3']",
        "Nom": "En Couchirard",
        "Métier": "[]",
        "Classification": "",
        "LigneOriginal": "Landauer-Rial Marie, r. Couchirard 3.",
        "sheet": "En Couchirard",
        "year": 1951
      }
    },
    {
      "type": "Feature",
      "geometry": {
        "type": "Point",
        "coordinates": [
          6.613045,
          46.525676
        ]
      },
      "properties": {
        "address": "['r. Couchirard 3']",
        "Nom": "En Couchirard",
        "Métier": "['emp. bur']",
        "Classification": "intermediaire",
        "LigneOriginal": "— Marthe, emp. bur.. r. Couchirard 3.",
        "sheet": "En Couchirard",
        "year": 1951
      }
    },
    {
      "type": "Feature",
      "geometry": {
        "type": "Point",
        "coordinates": [
          6.613045,
          46.525676
        ]
      },
      "properties": {
        "address": "['r. Couchirard 3']",
        "Nom": "En Couchirard",
        "Métier": "[]",
        "Classification": "",
        "LigneOriginal": "Lequatre-Becker Renée, r. Couchirard 3.",
        "sheet": "En Couchirard",
        "year": 1951
      }
    },
    {
      "type": "Feature",
      "geometry": {
        "type": "Point",
        "coordinates": [
          6.613045,
          46.525676
        ]
      },
      "properties": {
        "address": "['rue Couchirard 3']",
        "Nom": "En Couchirard",
        "Métier": "['ouvr. d’usine']",
        "Classification": "proletaire",
        "LigneOriginal": "Mages-Gochet Robert, ouvr. d’usine,rue Couchirard 3.",
        "sheet": "En Couchirard",
        "year": 1951
      }
    },
    {
      "type": "Feature",
      "geometry": {
        "type": "Point",
        "coordinates": [
          6.613045,
          46.525676
        ]
      },
      "properties": {
        "address": "['r. Couchirard 3']",
        "Nom": "En Couchirard",
        "Métier": "[]",
        "Classification": "",
        "LigneOriginal": "—- Bluette, r. Couchirard 3. T. 24 86 84,",
        "sheet": "En Couchirard",
        "year": 1951
      }
    },
    {
      "type": "Feature",
      "geometry": {
        "type": "Point",
        "coordinates": [
          6.613045,
          46.525676
        ]
      },
      "properties": {
        "address": "['rue Couchirard 3']",
        "Nom": "En Couchirard",
        "Métier": "[]",
        "Classification": "",
        "LigneOriginal": "— Edouard, rue Couchirard 3.",
        "sheet": "En Couchirard",
        "year": 1951
      }
    },
    {
      "type": "Feature",
      "geometry": {
        "type": "Point",
        "coordinates": [
          6.613045,
          46.525676
        ]
      },
      "properties": {
        "address": "['Mag. r. Couchirard 1', 'Ap. au No 3.']",
        "Nom": "En Couchirard",
        "Métier": "['coiffeur']",
        "Classification": "proletaire",
        "LigneOriginal": "Pfister-Struby Alexis-Emile, coiffeur,Mag. r. Couchirard 1. Ap. au No 3.",
        "sheet": "En Couchirard",
        "year": 1951
      }
    },
    {
      "type": "Feature",
      "geometry": {
        "type": "Point",
        "coordinates": [
          6.618234,
          46.529234
        ]
      },
      "properties": {
        "address": "['-ch. deMontétan 3']",
        "Nom": "En Montétan",
        "Métier": "['institutrice']",
        "Classification": "élevé",
        "LigneOriginal": "Lieberkfihn Martha, institutrice, -ch. deMontétan 3. T. 24 09 44",
        "sheet": "En Montétan",
        "year": 1951
      }
    },
    {
      "type": "Feature",
      "geometry": {
        "type": "Point",
        "coordinates": [
          6.624939,
          46.531
        ]
      },
      "properties": {
        "address": "['de la Violette 8']",
        "Nom": "La Violette",
        "Métier": "['quart']",
        "Classification": "???",
        "LigneOriginal": "— Andrée, quart, de la Violette 8.",
        "sheet": "La Violette",
        "year": 1951
      }
    },
    {
      "type": "Feature",
      "geometry": {
        "type": "Point",
        "coordinates": [
          6.624939,
          46.531
        ]
      },
      "properties": {
        "address": "['quart.de la Violette 8']",
        "Nom": "La Violette",
        "Métier": "['Vve']",
        "Classification": "inactif",
        "LigneOriginal": "Audemars-Bryner Hedwige, Vve, quart.de la Violette 8.",
        "sheet": "La Violette",
        "year": 1951
      }
    },
    {
      "type": "Feature",
      "geometry": {
        "type": "Point",
        "coordinates": [
          6.624939,
          46.531
        ]
      },
      "properties": {
        "address": "['quartier de laViolette 8']",
        "Nom": "La Violette",
        "Métier": "['sous-chef deservice B. C. V.']",
        "Classification": "intermediaire",
        "LigneOriginal": "Audemars-Sprecher Eric, sous-chef deservice B. C. V., quartier de laViolette 8. T. 24 07 33.",
        "sheet": "La Violette",
        "year": 1951
      }
    },
    {
      "type": "Feature",
      "geometry": {
        "type": "Point",
        "coordinates": [
          6.624674,
          46.530594
        ]
      },
      "properties": {
        "address": "['quartier dela Violette 6']",
        "Nom": "La Violette",
        "Métier": "['sommelière']",
        "Classification": "intermediaire",
        "LigneOriginal": "— Madeleine, sommelière, quartier dela Violette 6.",
        "sheet": "La Violette",
        "year": 1951
      }
    },
    {
      "type": "Feature",
      "geometry": {
        "type": "Point",
        "coordinates": [
          6.624674,
          46.530594
        ]
      },
      "properties": {
        "address": "['quarl. de la Violette 6']",
        "Nom": "La Violette",
        "Métier": "['appointé police']",
        "Classification": "",
        "LigneOriginal": "Bovay-Chamot Pierre, appointé police,quarl. de la Violette 6. T. 24 0136.",
        "sheet": "La Violette",
        "year": 1951
      }
    },
    {
      "type": "Feature",
      "geometry": {
        "type": "Point",
        "coordinates": [
          6.624529,
          46.530369
        ]
      },
      "properties": {
        "address": "[', ch. de la Violette 4']",
        "Nom": "La Violette",
        "Métier": "['retraité post.. LaPastourelle']",
        "Classification": "inactif",
        "LigneOriginal": "Bumier-Marti Alfred, retraité post.. LaPastourelle, ch. de la Violette 4.",
        "sheet": "La Violette",
        "year": 1951
      }
    },
    {
      "type": "Feature",
      "geometry": {
        "type": "Point",
        "coordinates": [
          6.624674,
          46.530594
        ]
      },
      "properties": {
        "address": "['quartier de la Violette 6']",
        "Nom": "La Violette",
        "Métier": "[]",
        "Classification": "",
        "LigneOriginal": "— Jeanne, quartier de la Violette 6.",
        "sheet": "La Violette",
        "year": 1951
      }
    },
    {
      "type": "Feature",
      "geometry": {
        "type": "Point",
        "coordinates": [
          6.624529,
          46.530369
        ]
      },
      "properties": {
        "address": "['quartier de la Violette 4']",
        "Nom": "La Violette",
        "Métier": "['comptable']",
        "Classification": "intermediaire",
        "LigneOriginal": "Chapnis-Marti Marius, comptable, quartier de la Violette 4.",
        "sheet": "La Violette",
        "year": 1951
      }
    },
    {
      "type": "Feature",
      "geometry": {
        "type": "Point",
        "coordinates": [
          6.552262,
          46.555181
        ]
      },
      "properties": {
        "address": "['die la Violette 10']",
        "Nom": "La Violette",
        "Métier": "['méd.-dentiste,quart']",
        "Classification": "élevé",
        "LigneOriginal": "Cherix-Chevalley Louis, méd.-dentiste,quart, die la Violette 10. T. 21 80 20.Cal), r. Beau-Séjour 7. T. 23 0011.",
        "sheet": "La Violette",
        "year": 1951
      }
    },
    {
      "type": "Feature",
      "geometry": {
        "type": "Point",
        "coordinates": [
          6.625091,
          46.530511
        ]
      },
      "properties": {
        "address": "['Quartde la Violette 3']",
        "Nom": "La Violette",
        "Métier": "['Vve']",
        "Classification": "inactif",
        "LigneOriginal": "Chevalley-Bnssien Anna, Vve, Quartde la Violette 3.",
        "sheet": "La Violette",
        "year": 1951
      }
    },
    {
      "type": "Feature",
      "geometry": {
        "type": "Point",
        "coordinates": [
          6.625091,
          46.530511
        ]
      },
      "properties": {
        "address": "['Quartierde la Violette 3']",
        "Nom": "La Violette",
        "Métier": "['prof', '.']",
        "Classification": "élevé",
        "LigneOriginal": "Chevalley-Imhof René, prof., Quartierde la Violette 3. T. 24 00 88.",
        "sheet": "La Violette",
        "year": 1951
      }
    },
    {
      "type": "Feature",
      "geometry": {
        "type": "Point",
        "coordinates": [
          6.624827,
          46.530232
        ]
      },
      "properties": {
        "address": "['de la Violette 1']",
        "Nom": "La Violette",
        "Métier": "['ouvr. fahr.,quart']",
        "Classification": "proletaire",
        "LigneOriginal": "Diserens-Bolens Charles, ouvr. fahr.,quart, de la Violette 1. T. 24 86 18.",
        "sheet": "La Violette",
        "year": 1951
      }
    },
    {
      "type": "Feature",
      "geometry": {
        "type": "Point",
        "coordinates": [
          6.625473,
          46.53069
        ]
      },
      "properties": {
        "address": "['quartier d? la Violette 2.T.']",
        "Nom": "La Violette",
        "Métier": "['conseil en publicité']",
        "Classification": "intermediaire",
        "LigneOriginal": "Duboux-Conrad Georges, conseil en publicité. quartier d? la Violette 2.T. 24 07 46.",
        "sheet": "La Violette",
        "year": 1951
      }
    },
    {
      "type": "Feature",
      "geometry": {
        "type": "Point",
        "coordinates": [
          6.625091,
          46.530511
        ]
      },
      "properties": {
        "address": "['quartierde la Violette 3']",
        "Nom": "La Violette",
        "Métier": "['machiniste']",
        "Classification": "proletaire",
        "LigneOriginal": "Egli-Kunz Henri, machiniste, quartierde la Violette 3.",
        "sheet": "La Violette",
        "year": 1951
      }
    },
    {
      "type": "Feature",
      "geometry": {
        "type": "Point",
        "coordinates": [
          6.625473,
          46.53069
        ]
      },
      "properties": {
        "address": "['La Violette, Chalet-à-Gobet.']",
        "Nom": "La Violette",
        "Métier": "['charron']",
        "Classification": "intermediaire",
        "LigneOriginal": "Favre-Perrod André, charron. La Violette, Chalet-à-Gobet.",
        "sheet": "La Violette",
        "year": 1951
      }
    },
    {
      "type": "Feature",
      "geometry": {
        "type": "Point",
        "coordinates": [
          6.624674,
          46.530594
        ]
      },
      "properties": {
        "address": "['quartier de la Violette 6']",
        "Nom": "La Violette",
        "Métier": "['représ']",
        "Classification": "intermediaire",
        "LigneOriginal": "Forestier-Curchod René, représ., quartier de la Violette 6. T. 24 40 86.",
        "sheet": "La Violette",
        "year": 1951
      }
    },
    {
      "type": "Feature",
      "geometry": {
        "type": "Point",
        "coordinates": [
          6.624674,
          46.530594
        ]
      },
      "properties": {
        "address": "[\"quartier 'de la Violette 6\"]",
        "Nom": "La Violette",
        "Métier": "[]",
        "Classification": "",
        "LigneOriginal": "— Jeanne-Marie, quartier 'de la Violette 6. T. 24 05 70.",
        "sheet": "La Violette",
        "year": 1951
      }
    },
    {
      "type": "Feature",
      "geometry": {
        "type": "Point",
        "coordinates": [
          6.553783,
          46.554306
        ]
      },
      "properties": {
        "address": "['quartier de laViolette 6', 'Mag. r. du Maupas 18.T. 24']",
        "Nom": "La Violette",
        "Métier": "['épicerie']",
        "Classification": "proletaire",
        "LigneOriginal": "— Maurice, épicerie, quartier de laViolette 6. Mag. r. du Maupas 18.T. 24 63 79.",
        "sheet": "La Violette",
        "year": 1951
      }
    },
    {
      "type": "Feature",
      "geometry": {
        "type": "Point",
        "coordinates": [
          6.625473,
          46.53069
        ]
      },
      "properties": {
        "address": "['La Violette, Pon-taise.']",
        "Nom": "La Violette",
        "Métier": "[]",
        "Classification": "",
        "LigneOriginal": "Maison du Soldat, La Violette, Pon-taise. T. 24 89 0.7.",
        "sheet": "La Violette",
        "year": 1951
      }
    },
    {
      "type": "Feature",
      "geometry": {
        "type": "Point",
        "coordinates": [
          6.625473,
          46.53069
        ]
      },
      "properties": {
        "address": "['Foyer du Soldat, quartier de la Violette.']",
        "Nom": "La Violette",
        "Métier": "['ferblantier']",
        "Classification": "proletaire",
        "LigneOriginal": "Meylan-Peneveyre Auguste, ferblantier,Foyer du Soldat, quartier de la Violette.",
        "sheet": "La Violette",
        "year": 1951
      }
    },
    {
      "type": "Feature",
      "geometry": {
        "type": "Point",
        "coordinates": [
          6.624674,
          46.530594
        ]
      },
      "properties": {
        "address": "['uuart. de la Violette 6']",
        "Nom": "La Violette",
        "Métier": "['agent de police']",
        "Classification": "intermediaire",
        "LigneOriginal": "Racine-Laager Eugène, agent de police,uuart. de la Violette 6. T. 24 49 50.",
        "sheet": "La Violette",
        "year": 1951
      }
    },
    {
      "type": "Feature",
      "geometry": {
        "type": "Point",
        "coordinates": [
          6.624827,
          46.530232
        ]
      },
      "properties": {
        "address": "['quartier dela Violette 1']",
        "Nom": "La Violette",
        "Métier": "['institutrice']",
        "Classification": "élevé",
        "LigneOriginal": "— Madeleine, institutrice, quartier dela Violette 1. T. 24 09 88.",
        "sheet": "La Violette",
        "year": 1951
      }
    },
    {
      "type": "Feature",
      "geometry": {
        "type": "Point",
        "coordinates": [
          6.624827,
          46.530232
        ]
      },
      "properties": {
        "address": "['quartier dela Violette 1']",
        "Nom": "La Violette",
        "Métier": "['Vve']",
        "Classification": "inactif",
        "LigneOriginal": "Richard-Perret Adèle, Vve, quartier dela Violette 1. T. 24 09 67.",
        "sheet": "La Violette",
        "year": 1951
      }
    },
    {
      "type": "Feature",
      "geometry": {
        "type": "Point",
        "coordinates": [
          6.625473,
          46.53069
        ]
      },
      "properties": {
        "address": "['quartier de la Violette 1', 'Al.et Bur.,']",
        "Nom": "La Violette",
        "Métier": "['ferblant']",
        "Classification": "proletaire",
        "LigneOriginal": "Richard-Pingond Louis, ferblant., quartier de la Violette 1. T. 24 09 67. Al.et Bur., Valentin 58. T. 24 09 66.",
        "sheet": "La Violette",
        "year": 1951
      }
    },
    {
      "type": "Feature",
      "geometry": {
        "type": "Point",
        "coordinates": [
          6.625473,
          46.53069
        ]
      },
      "properties": {
        "address": "['At. Valentin 58', 'Louis Richard, quart, dela Violette 1', 'av. Druey 24.T.']",
        "Nom": "La Violette",
        "Métier": "['f^u«raB. et', 'Pierre Richard']",
        "Classification": "???",
        "LigneOriginal": "RICHARD Frères, f^u«raB. et At. Valentin 58. T. 24 09 66.Ap. de M. Louis Richard, quart, dela Violette 1. T. 24 09 67. Ap. di’M. Pierre Richard, av. Druey 24.T. 24 09 68.",
        "sheet": "La Violette",
        "year": 1951
      }
    },
    {
      "type": "Feature",
      "geometry": {
        "type": "Point",
        "coordinates": [
          6.624674,
          46.530594
        ]
      },
      "properties": {
        "address": "['quartier de la Violette 6']",
        "Nom": "La Violette",
        "Métier": "['mécanicien']",
        "Classification": "intermediaire",
        "LigneOriginal": "Secretan-Bergier Gustave, mécanicien,quartier de la Violette 6.",
        "sheet": "La Violette",
        "year": 1951
      }
    },
    {
      "type": "Feature",
      "geometry": {
        "type": "Point",
        "coordinates": [
          6.612685,
          46.526388
        ]
      },
      "properties": {
        "address": "['Prélazles Roses, ch. du Martinet']",
        "Nom": "Prélaz",
        "Métier": "['chauffeur']",
        "Classification": "proletaire",
        "LigneOriginal": "Barbay-Contaz Jules, chauffeur. Prélazles Roses, ch. du Martinet.",
        "sheet": "Prélaz",
        "year": 1951
      }
    },
    {
      "type": "Feature",
      "geometry": {
        "type": "Point",
        "coordinates": [
          6.612685,
          46.526388
        ]
      },
      "properties": {
        "address": "['Prélaz Fontaine,ch. de Renens']",
        "Nom": "Prélaz",
        "Métier": "['religieuse']",
        "Classification": "inactif",
        "LigneOriginal": "—• Léonie, religieuse. Prélaz Fontaine,ch. de Renens.",
        "sheet": "Prélaz",
        "year": 1951
      }
    },
    {
      "type": "Feature",
      "geometry": {
        "type": "Point",
        "coordinates": [
          6.612685,
          46.526388
        ]
      },
      "properties": {
        "address": "['av.Morges 155. Atei', 'Point dePrélaz.']",
        "Nom": "Prélaz",
        "Métier": "['ébéniste']",
        "Classification": "proletaire",
        "LigneOriginal": "Bongard-Monod Ernest, ébéniste, av.Morges 155. Atei. Rond Point dePrélaz. T. 24 62 62.",
        "sheet": "Prélaz",
        "year": 1951
      }
    },
    {
      "type": "Feature",
      "geometry": {
        "type": "Point",
        "coordinates": [
          6.615858,
          46.525775
        ]
      },
      "properties": {
        "address": "['Rd-Pofntde Prélaz D. av. Morges 173']",
        "Nom": "Prélaz",
        "Métier": "['man.']",
        "Classification": "proletaire",
        "LigneOriginal": "Gorbaz-Passera Henri, man., Rd-Pofntde Prélaz D. av. Morges 173.",
        "sheet": "Prélaz",
        "year": 1951
      }
    },
    {
      "type": "Feature",
      "geometry": {
        "type": "Point",
        "coordinates": [
          6.612685,
          46.526388
        ]
      },
      "properties": {
        "address": "['Prélaz Fontaine.ch. de Renens']",
        "Nom": "Prélaz",
        "Métier": "['lingêre']",
        "Classification": "proletaire",
        "LigneOriginal": "Ferraris Lucia, lingêre, Prélaz Fontaine.ch. de Renens.",
        "sheet": "Prélaz",
        "year": 1951
      }
    },
    {
      "type": "Feature",
      "geometry": {
        "type": "Point",
        "coordinates": [
          6.612685,
          46.526388
        ]
      },
      "properties": {
        "address": "['Prélaz Fontaine, ch. de Renens']",
        "Nom": "Prélaz",
        "Métier": "['religieuse']",
        "Classification": "inactif",
        "LigneOriginal": "—- Marguerite, religieuse, Prélaz Fontaine, ch. de Renens.",
        "sheet": "Prélaz",
        "year": 1951
      }
    },
    {
      "type": "Feature",
      "geometry": {
        "type": "Point",
        "coordinates": [
          6.612685,
          46.526388
        ]
      },
      "properties": {
        "address": "['Prélaz.av. de Morges']",
        "Nom": "Prélaz",
        "Métier": "['curé de St-Joseph']",
        "Classification": "intermediaire",
        "LigneOriginal": "— Jacques, curé de St-Joseph, Prélaz.av. de Morges. T. 24 45 55.",
        "sheet": "Prélaz",
        "year": 1951
      }
    },
    {
      "type": "Feature",
      "geometry": {
        "type": "Point",
        "coordinates": [
          6.612685,
          46.526388
        ]
      },
      "properties": {
        "address": "['avenue deMorges, Prélaz-Fontaine.']",
        "Nom": "Prélaz",
        "Métier": "['Vve']",
        "Classification": "inactif",
        "LigneOriginal": "Horr-Casaubon Anna, Vve. avenue deMorges, Prélaz-Fontaine.",
        "sheet": "Prélaz",
        "year": 1951
      }
    },
    {
      "type": "Feature",
      "geometry": {
        "type": "Point",
        "coordinates": [
          6.612685,
          46.526388
        ]
      },
      "properties": {
        "address": "['Prélaz les Roses, ch. du Martinet']",
        "Nom": "Prélaz",
        "Métier": "['empi. Usine à gaz']",
        "Classification": "intermediaire",
        "LigneOriginal": "Johner-Jossi Oscar, empi. Usine à gaz,Prélaz les Roses, ch. du Martinet.",
        "sheet": "Prélaz",
        "year": 1951
      }
    },
    {
      "type": "Feature",
      "geometry": {
        "type": "Point",
        "coordinates": [
          6.612685,
          46.526388
        ]
      },
      "properties": {
        "address": "['Prélaz-Fontaine, ch de Renens']",
        "Nom": "Prélaz",
        "Métier": "['retraité']",
        "Classification": "inactif",
        "LigneOriginal": "Laville-Caifot Jules, retraité, Prélaz-Fontaine, ch de Renens.",
        "sheet": "Prélaz",
        "year": 1951
      }
    },
    {
      "type": "Feature",
      "geometry": {
        "type": "Point",
        "coordinates": [
          6.612685,
          46.526388
        ]
      },
      "properties": {
        "address": "['Prélaz-Fontaine.ch. de Renens']",
        "Nom": "Prélaz",
        "Métier": "['religieuse']",
        "Classification": "inactif",
        "LigneOriginal": "— Marie, religieuse. Prélaz-Fontaine.ch. de Renens.",
        "sheet": "Prélaz",
        "year": 1951
      }
    },
    {
      "type": "Feature",
      "geometry": {
        "type": "Point",
        "coordinates": [
          6.612685,
          46.526388
        ]
      },
      "properties": {
        "address": "['Prélaz-Fontaine, ch. de Re-nens']",
        "Nom": "Prélaz",
        "Métier": "['Vve', 'repasseuse']",
        "Classification": "proletaire",
        "LigneOriginal": "Perret-Grédin Madeleine. Vve, repasseuse, Prélaz-Fontaine, ch. de Re-nens.",
        "sheet": "Prélaz",
        "year": 1951
      }
    },
    {
      "type": "Feature",
      "geometry": {
        "type": "Point",
        "coordinates": [
          6.612685,
          46.526388
        ]
      },
      "properties": {
        "address": "['av.Morges 173. At. Rd-Point de Pré-laz, r. de Genève']",
        "Nom": "Prélaz",
        "Métier": "['carrossier']",
        "Classification": "intermediaire",
        "LigneOriginal": "Rima-Morandi Rinaldo, carrossier, av.Morges 173. At. Rd-Point de Pré-laz, r. de Genève. T. 241436.",
        "sheet": "Prélaz",
        "year": 1951
      }
    },
    {
      "type": "Feature",
      "geometry": {
        "type": "Point",
        "coordinates": [
          6.612685,
          46.526388
        ]
      },
      "properties": {
        "address": "['ruede Genève', 'Rond-Point de Prélaz.T.']",
        "Nom": "Prélaz",
        "Métier": "['carrossiers']",
        "Classification": "proletaire",
        "LigneOriginal": "Rima & Deagostini, carrossiers, ruede Genève, Rond-Point de Prélaz.T. 2414 36.",
        "sheet": "Prélaz",
        "year": 1951
      }
    },
    {
      "type": "Feature",
      "geometry": {
        "type": "Point",
        "coordinates": [
          6.612685,
          46.526388
        ]
      },
      "properties": {
        "address": "['Prélaz Fontaine, ch. de Renens']",
        "Nom": "Prélaz",
        "Métier": "['jardinier']",
        "Classification": "proletaire",
        "LigneOriginal": "Schorderet Jules, jardinier. Prélaz Fontaine, ch. de Renens.",
        "sheet": "Prélaz",
        "year": 1951
      }
    },
    {
      "type": "Feature",
      "geometry": {
        "type": "Point",
        "coordinates": [
          6.613295,
          46.527088
        ]
      },
      "properties": {
        "address": "['rueCouchiraird 16']",
        "Nom": "Rue Couchirard",
        "Métier": "['épicerie']",
        "Classification": "proletaire",
        "LigneOriginal": "Anderegg-Domeni Ernest, épicerie, rueCouchiraird 16. M. av. France 80.T. 24 01 78.",
        "sheet": "Rue Couchirard",
        "year": 1951
      }
    },
    {
      "type": "Feature",
      "geometry": {
        "type": "Point",
        "coordinates": [
          6.612781,
          46.525581
        ]
      },
      "properties": {
        "address": "['rueCouchirard 3']",
        "Nom": "Rue Couchirard",
        "Métier": "['veuve']",
        "Classification": "inactif",
        "LigneOriginal": "Augsburger-Duret Jeanne, veuve, rueCouchirard 3.",
        "sheet": "Rue Couchirard",
        "year": 1951
      }
    },
    {
      "type": "Feature",
      "geometry": {
        "type": "Point",
        "coordinates": [
          6.612735,
          46.5258
        ]
      },
      "properties": {
        "address": "['rueCouchirard 13']",
        "Nom": "Rue Couchirard",
        "Métier": "['empi. T. L.']",
        "Classification": "proletaire",
        "LigneOriginal": "Bally-Junod Fernand, empi. T. L., rueCouchirard 13. T. 24 62 43.",
        "sheet": "Rue Couchirard",
        "year": 1951
      }
    },
    {
      "type": "Feature",
      "geometry": {
        "type": "Point",
        "coordinates": [
          6.612552,
          46.525585
        ]
      },
      "properties": {
        "address": "['rueCouchirard 5']",
        "Nom": "Rue Couchirard",
        "Métier": "['empi. CFF.']",
        "Classification": "intermediaire",
        "LigneOriginal": "Basset-Khalifa Louis, empi. CFF., rueCouchirard 5.",
        "sheet": "Rue Couchirard",
        "year": 1951
      }
    },
    {
      "type": "Feature",
      "geometry": {
        "type": "Point",
        "coordinates": [
          6.613295,
          46.527088
        ]
      },
      "properties": {
        "address": "['rueCouchirard 16']",
        "Nom": "Rue Couchirard",
        "Métier": "['parqueteur']",
        "Classification": "proletaire",
        "LigneOriginal": "Beand-Jonin Charles, parqueteur, rueCouchirard 16. T. 24 66 63.",
        "sheet": "Rue Couchirard",
        "year": 1951
      }
    },
    {
      "type": "Feature",
      "geometry": {
        "type": "Point",
        "coordinates": [
          6.612735,
          46.5258
        ]
      },
      "properties": {
        "address": "['rueCouchirard 13']",
        "Nom": "Rue Couchirard",
        "Métier": "['empi. TL']",
        "Classification": "intermediaire",
        "LigneOriginal": "Béguin-Grosjean Jean, empi. TL, rueCouchirard 13.",
        "sheet": "Rue Couchirard",
        "year": 1951
      }
    },
    {
      "type": "Feature",
      "geometry": {
        "type": "Point",
        "coordinates": [
          6.612263,
          46.525591
        ]
      },
      "properties": {
        "address": "['rue Couchirard 7']",
        "Nom": "Rue Couchirard",
        "Métier": "[]",
        "Classification": "",
        "LigneOriginal": "Benz-Bettex Octavie, rue Couchirard 7.",
        "sheet": "Rue Couchirard",
        "year": 1951
      }
    },
    {
      "type": "Feature",
      "geometry": {
        "type": "Point",
        "coordinates": [
          6.612552,
          46.525585
        ]
      },
      "properties": {
        "address": "['rueCouchirard 5']",
        "Nom": "Rue Couchirard",
        "Métier": "['chauff. de camion']",
        "Classification": "proletaire",
        "LigneOriginal": "— Giovanino, chauff. de camion, rueCouchirard 5.",
        "sheet": "Rue Couchirard",
        "year": 1951
      }
    },
    {
      "type": "Feature",
      "geometry": {
        "type": "Point",
        "coordinates": [
          6.612552,
          46.525585
        ]
      },
      "properties": {
        "address": "['rue Couchirard 5']",
        "Nom": "Rue Couchirard",
        "Métier": "['empi, bureau']",
        "Classification": "intermediaire",
        "LigneOriginal": "Berthoud-Rochat André, empi, bureau,rue Couchirard 5. T. 24 73 57.",
        "sheet": "Rue Couchirard",
        "year": 1951
      }
    },
    {
      "type": "Feature",
      "geometry": {
        "type": "Point",
        "coordinates": [
          6.613217,
          46.526734
        ]
      },
      "properties": {
        "address": "['rueCouchirard 12']",
        "Nom": "Rue Couchirard",
        "Métier": "['serrurier']",
        "Classification": "intermediaire",
        "LigneOriginal": "Borbœn-Villard Octave, serrurier, rueCouchirard 12. T. 24 65 54.",
        "sheet": "Rue Couchirard",
        "year": 1951
      }
    },
    {
      "type": "Feature",
      "geometry": {
        "type": "Point",
        "coordinates": [
          6.612015,
          46.525595
        ]
      },
      "properties": {
        "address": "['rue Couchirard 9']",
        "Nom": "Rue Couchirard",
        "Métier": "['empi. Abattoirs']",
        "Classification": "proletaire",
        "LigneOriginal": "Gachin-Tedeschi Jean, empi. Abattoirs,rue Couchirard 9. T. 24 40 03-",
        "sheet": "Rue Couchirard",
        "year": 1951
      }
    },
    {
      "type": "Feature",
      "geometry": {
        "type": "Point",
        "coordinates": [
          6.613289,
          46.526956
        ]
      },
      "properties": {
        "address": "['rueCouchirard 14']",
        "Nom": "Rue Couchirard",
        "Métier": "['veuve']",
        "Classification": "inactif",
        "LigneOriginal": "Candolfi-Candolfi Filomena, veuve, rueCouchirard 14.",
        "sheet": "Rue Couchirard",
        "year": 1951
      }
    },
    {
      "type": "Feature",
      "geometry": {
        "type": "Point",
        "coordinates": [
          6.613373,
          46.525807
        ]
      },
      "properties": {
        "address": "['rueCouchirard 4']",
        "Nom": "Rue Couchirard",
        "Métier": "['peintre']",
        "Classification": "proletaire",
        "LigneOriginal": "Candolii-Maigot Olympic, peintre, rueCouchirard 4.",
        "sheet": "Rue Couchirard",
        "year": 1951
      }
    },
    {
      "type": "Feature",
      "geometry": {
        "type": "Point",
        "coordinates": [
          6.613045,
          46.525676
        ]
      },
      "properties": {
        "address": "['rueCouchirard 5-']",
        "Nom": "Rue Couchirard",
        "Métier": "['mécan.']",
        "Classification": "intermediaire",
        "LigneOriginal": "Capré-Engemann Charles, mécan., rueCouchirard 5- T. 24 61 85.",
        "sheet": "Rue Couchirard",
        "year": 1951
      }
    },
    {
      "type": "Feature",
      "geometry": {
        "type": "Point",
        "coordinates": [
          6.613217,
          46.526734
        ]
      },
      "properties": {
        "address": "[',rue Couchirard 12']",
        "Nom": "Rue Couchirard",
        "Métier": "['mont, en chauff']",
        "Classification": "proletaire",
        "LigneOriginal": "Cardinaux-Roux Paul, mont, en chauff.,rue Couchirard 12.",
        "sheet": "Rue Couchirard",
        "year": 1951
      }
    },
    {
      "type": "Feature",
      "geometry": {
        "type": "Point",
        "coordinates": [
          6.612926,
          46.525353
        ]
      },
      "properties": {
        "address": "['rue Couchirard- 1']",
        "Nom": "Rue Couchirard",
        "Métier": "['man.']",
        "Classification": "proletaire",
        "LigneOriginal": "—• Alex, man., rue Couchirard- 1.",
        "sheet": "Rue Couchirard",
        "year": 1951
      }
    },
    {
      "type": "Feature",
      "geometry": {
        "type": "Point",
        "coordinates": [
          6.61287,
          46.525968
        ]
      },
      "properties": {
        "address": "['rueCouchirard 15']",
        "Nom": "Rue Couchirard",
        "Métier": "['serrurier']",
        "Classification": "intermediaire",
        "LigneOriginal": "Corbaz-Foretay Eugène, serrurier, rueCouchirard 15.",
        "sheet": "Rue Couchirard",
        "year": 1951
      }
    },
    {
      "type": "Feature",
      "geometry": {
        "type": "Point",
        "coordinates": [
          6.613217,
          46.526734
        ]
      },
      "properties": {
        "address": "['rueCouchirard 12']",
        "Nom": "Rue Couchirard",
        "Métier": "['préparateur']",
        "Classification": "proletaire",
        "LigneOriginal": "Gornn-Hans Edmond, préparateur, rueCouchirard 12.",
        "sheet": "Rue Couchirard",
        "year": 1951
      }
    },
    {
      "type": "Feature",
      "geometry": {
        "type": "Point",
        "coordinates": [
          6.612926,
          46.525353
        ]
      },
      "properties": {
        "address": "['rueCouchirard 1']",
        "Nom": "Rue Couchirard",
        "Métier": "['mécanicien']",
        "Classification": "intermediaire",
        "LigneOriginal": "Cnrtet-Françon André, mécanicien, rueCouchirard 1. T. 24 09 22.",
        "sheet": "Rue Couchirard",
        "year": 1951
      }
    },
    {
      "type": "Feature",
      "geometry": {
        "type": "Point",
        "coordinates": [
          6.612015,
          46.525595
        ]
      },
      "properties": {
        "address": "['rueCouchirard 9']",
        "Nom": "Rue Couchirard",
        "Métier": "['veuve']",
        "Classification": "inactif",
        "LigneOriginal": "Desarzens-Delacrétaz Alice, veuve, rueCouchirard 9.",
        "sheet": "Rue Couchirard",
        "year": 1951
      }
    },
    {
      "type": "Feature",
      "geometry": {
        "type": "Point",
        "coordinates": [
          6.612926,
          46.525353
        ]
      },
      "properties": {
        "address": "['rue Couchirard 1']",
        "Nom": "Rue Couchirard",
        "Métier": "['serrur.']",
        "Classification": "proletaire",
        "LigneOriginal": "Dormond-Lavanchy Louis, serrur. S. !..rue Couchirard 1 T. 24 65 75.",
        "sheet": "Rue Couchirard",
        "year": 1951
      }
    },
    {
      "type": "Feature",
      "geometry": {
        "type": "Point",
        "coordinates": [
          6.612781,
          46.525581
        ]
      },
      "properties": {
        "address": "['rueCouchirard 3']",
        "Nom": "Rue Couchirard",
        "Métier": "['chef pâtissier']",
        "Classification": "intermediaire",
        "LigneOriginal": "Dncret-Bedoy André, chef pâtissier, rueCouchirard 3.",
        "sheet": "Rue Couchirard",
        "year": 1951
      }
    },
    {
      "type": "Feature",
      "geometry": {
        "type": "Point",
        "coordinates": [
          6.612735,
          46.5258
        ]
      },
      "properties": {
        "address": "['rue Couchirard 13']",
        "Nom": "Rue Couchirard",
        "Métier": "[]",
        "Classification": "",
        "LigneOriginal": "— Jeanne, rue Couchirard 13.",
        "sheet": "Rue Couchirard",
        "year": 1951
      }
    },
    {
      "type": "Feature",
      "geometry": {
        "type": "Point",
        "coordinates": [
          6.613295,
          46.527088
        ]
      },
      "properties": {
        "address": "['rue Couchirard 16']",
        "Nom": "Rue Couchirard",
        "Métier": "['ouvr. de ville']",
        "Classification": "proletaire",
        "LigneOriginal": "Byacher-Basset René, ouvr. de ville,rue Couchirard 16.",
        "sheet": "Rue Couchirard",
        "year": 1951
      }
    },
    {
      "type": "Feature",
      "geometry": {
        "type": "Point",
        "coordinates": [
          6.612926,
          46.525353
        ]
      },
      "properties": {
        "address": "['rueCouchiraird 1']",
        "Nom": "Rue Couchirard",
        "Métier": "['inspect, assur']",
        "Classification": "intermediaire",
        "LigneOriginal": "Favrod-Gigon René, inspect, assur., rueCouchiraird 1. T. 24 46 39.",
        "sheet": "Rue Couchirard",
        "year": 1951
      }
    },
    {
      "type": "Feature",
      "geometry": {
        "type": "Point",
        "coordinates": [
          6.612926,
          46.525353
        ]
      },
      "properties": {
        "address": "['rue Couchirard 1']",
        "Nom": "Rue Couchirard",
        "Métier": "['manœuvre']",
        "Classification": "proletaire",
        "LigneOriginal": "Filliettaz-Lehmann Gaston, manœuvre,rue Couchirard 1.",
        "sheet": "Rue Couchirard",
        "year": 1951
      }
    },
    {
      "type": "Feature",
      "geometry": {
        "type": "Point",
        "coordinates": [
          6.613045,
          46.525676
        ]
      },
      "properties": {
        "address": "['rueCouchirard 9.']",
        "Nom": "Rue Couchirard",
        "Métier": "['peintre']",
        "Classification": "proletaire",
        "LigneOriginal": "Garbani-Marcantini Silvio, peintre, rueCouchirard 9. !T. 2414 08. Atelier:Pré-du-Marché 46.",
        "sheet": "Rue Couchirard",
        "year": 1951
      }
    },
    {
      "type": "Feature",
      "geometry": {
        "type": "Point",
        "coordinates": [
          6.613045,
          46.525676
        ]
      },
      "properties": {
        "address": "['rueCouchirard 15. M. An.']",
        "Nom": "Rue Couchirard",
        "Métier": "['laiterie']",
        "Classification": "proletaire",
        "LigneOriginal": "Gavillet-Crisinel Ernest, laiterie, rueCouchirard 15. M. An. T. 241358.",
        "sheet": "Rue Couchirard",
        "year": 1951
      }
    },
    {
      "type": "Feature",
      "geometry": {
        "type": "Point",
        "coordinates": [
          6.612263,
          46.525591
        ]
      },
      "properties": {
        "address": "['rueCouchirard 7']",
        "Nom": "Rue Couchirard",
        "Métier": "['Veuve']",
        "Classification": "inactif",
        "LigneOriginal": "Germann-Barrand Berthe. Veuve, rueCouchirard 7.",
        "sheet": "Rue Couchirard",
        "year": 1951
      }
    },
    {
      "type": "Feature",
      "geometry": {
        "type": "Point",
        "coordinates": [
          6.612552,
          46.525585
        ]
      },
      "properties": {
        "address": "['rue Couchirard 5']",
        "Nom": "Rue Couchirard",
        "Métier": "[]",
        "Classification": "",
        "LigneOriginal": "— Gabrielle, rue Couchirard 5.",
        "sheet": "Rue Couchirard",
        "year": 1951
      }
    },
    {
      "type": "Feature",
      "geometry": {
        "type": "Point",
        "coordinates": [
          6.612552,
          46.525585
        ]
      },
      "properties": {
        "address": "['rue Couchirard 5']",
        "Nom": "Rue Couchirard",
        "Métier": "['manœuvre']",
        "Classification": "proletaire",
        "LigneOriginal": "Jaqnenond-Margairaz Albert, manœuvre, rue Couchirard 5.",
        "sheet": "Rue Couchirard",
        "year": 1951
      }
    },
    {
      "type": "Feature",
      "geometry": {
        "type": "Point",
        "coordinates": [
          6.613217,
          46.526734
        ]
      },
      "properties": {
        "address": "['rue Couchirard 12']",
        "Nom": "Rue Couchirard",
        "Métier": "['droguiste']",
        "Classification": "intermediaire",
        "LigneOriginal": "— Jean-Pier.re. droguiste, rue Couchirard 12.",
        "sheet": "Rue Couchirard",
        "year": 1951
      }
    },
    {
      "type": "Feature",
      "geometry": {
        "type": "Point",
        "coordinates": [
          6.612015,
          46.525595
        ]
      },
      "properties": {
        "address": "['rueCouchirard 9']",
        "Nom": "Rue Couchirard",
        "Métier": "['serrurier']",
        "Classification": "intermediaire",
        "LigneOriginal": "Jauslin-George Roland, serrurier, rueCouchirard 9.",
        "sheet": "Rue Couchirard",
        "year": 1951
      }
    },
    {
      "type": "Feature",
      "geometry": {
        "type": "Point",
        "coordinates": [
          6.612552,
          46.525585
        ]
      },
      "properties": {
        "address": "['rueCouchirard 5']",
        "Nom": "Rue Couchirard",
        "Métier": "['cuisinière']",
        "Classification": "proletaire",
        "LigneOriginal": "Kimpe-Clot Henriette, cuisinière, rueCouchirard 5.",
        "sheet": "Rue Couchirard",
        "year": 1951
      }
    },
    {
      "type": "Feature",
      "geometry": {
        "type": "Point",
        "coordinates": [
          6.613289,
          46.526956
        ]
      },
      "properties": {
        "address": "['rue Couchirard 14']",
        "Nom": "Rue Couchirard",
        "Métier": "[]",
        "Classification": "",
        "LigneOriginal": "Knuchel-Bnrgisser Joséphine, rue Couchirard 14.",
        "sheet": "Rue Couchirard",
        "year": 1951
      }
    },
    {
      "type": "Feature",
      "geometry": {
        "type": "Point",
        "coordinates": [
          6.613195,
          46.526479
        ]
      },
      "properties": {
        "address": "['rue Couchirard 8']",
        "Nom": "Rue Couchirard",
        "Métier": "['chef de silo']",
        "Classification": "",
        "LigneOriginal": "Kunzle-Schnider Robert, chef de silo,rue Couchirard 8.",
        "sheet": "Rue Couchirard",
        "year": 1951
      }
    },
    {
      "type": "Feature",
      "geometry": {
        "type": "Point",
        "coordinates": [
          6.613045,
          46.525676
        ]
      },
      "properties": {
        "address": "['rueCouchirard 16. B. et Ap.']",
        "Nom": "Rue Couchirard",
        "Métier": "['transports']",
        "Classification": "???",
        "LigneOriginal": "Lanz-Bovard Ernest, transports, rueCouchirard 16. B. et Ap.",
        "sheet": "Rue Couchirard",
        "year": 1951
      }
    },
    {
      "type": "Feature",
      "geometry": {
        "type": "Point",
        "coordinates": [
          6.612015,
          46.525595
        ]
      },
      "properties": {
        "address": "['rue Couchirard 9']",
        "Nom": "Rue Couchirard",
        "Métier": "['instituteur']",
        "Classification": "élevé",
        "LigneOriginal": "Lavanchy-Toberer Edouard, instituteur,rue Couchirard 9. T 24 66 14.",
        "sheet": "Rue Couchirard",
        "year": 1951
      }
    },
    {
      "type": "Feature",
      "geometry": {
        "type": "Point",
        "coordinates": [
          6.612552,
          46.525585
        ]
      },
      "properties": {
        "address": "['rueCouchirard 5']",
        "Nom": "Rue Couchirard",
        "Métier": "[]",
        "Classification": "",
        "LigneOriginal": "Leconltre-Chardon Adrien, tailleur, rueCouchirard 5.",
        "sheet": "Rue Couchirard",
        "year": 1951
      }
    },
    {
      "type": "Feature",
      "geometry": {
        "type": "Point",
        "coordinates": [
          6.612926,
          46.525353
        ]
      },
      "properties": {
        "address": "['rue Couchirard 1']",
        "Nom": "Rue Couchirard",
        "Métier": "['ébéniste']",
        "Classification": "proletaire",
        "LigneOriginal": "Lenhardt-Ducommun Marcel, ébéniste,rue Couchirard 1.",
        "sheet": "Rue Couchirard",
        "year": 1951
      }
    },
    {
      "type": "Feature",
      "geometry": {
        "type": "Point",
        "coordinates": [
          6.613045,
          46.525676
        ]
      },
      "properties": {
        "address": "['rue Couchirard 14.T. 2419 30']",
        "Nom": "Rue Couchirard",
        "Métier": "[]",
        "Classification": "",
        "LigneOriginal": "Lomazzi Enrico, rue Couchirard 14.T. 2419 30.",
        "sheet": "Rue Couchirard",
        "year": 1951
      }
    },
    {
      "type": "Feature",
      "geometry": {
        "type": "Point",
        "coordinates": [
          6.612263,
          46.525591
        ]
      },
      "properties": {
        "address": "['rueCouchirard 7']",
        "Nom": "Rue Couchirard",
        "Métier": "['miroitier']",
        "Classification": "proletaire",
        "LigneOriginal": "Lomazzi-Gysler Robert, miroitier, rueCouchirard 7.",
        "sheet": "Rue Couchirard",
        "year": 1951
      }
    },
    {
      "type": "Feature",
      "geometry": {
        "type": "Point",
        "coordinates": [
          6.612263,
          46.525591
        ]
      },
      "properties": {
        "address": "['rueCouchirard 7']",
        "Nom": "Rue Couchirard",
        "Métier": "['serrurier']",
        "Classification": "intermediaire",
        "LigneOriginal": "Longhi-Zoppi Lorenzo, serrurier, rueCouchirard 7.",
        "sheet": "Rue Couchirard",
        "year": 1951
      }
    },
    {
      "type": "Feature",
      "geometry": {
        "type": "Point",
        "coordinates": [
          6.612735,
          46.5258
        ]
      },
      "properties": {
        "address": "['rueCouchirard 13']",
        "Nom": "Rue Couchirard",
        "Métier": "['jardinier']",
        "Classification": "proletaire",
        "LigneOriginal": "Londe-Rognoni Henri, jardinier, rueCouchirard 13. T. 24 6914.",
        "sheet": "Rue Couchirard",
        "year": 1951
      }
    },
    {
      "type": "Feature",
      "geometry": {
        "type": "Point",
        "coordinates": [
          6.612552,
          46.525585
        ]
      },
      "properties": {
        "address": "['rue Couchirard 5']",
        "Nom": "Rue Couchirard",
        "Métier": "['veuve']",
        "Classification": "inactif",
        "LigneOriginal": "Mages-Jaquier Alice, veuve, rue Couchirard 5. T. 24 77 02.",
        "sheet": "Rue Couchirard",
        "year": 1951
      }
    },
    {
      "type": "Feature",
      "geometry": {
        "type": "Point",
        "coordinates": [
          6.613045,
          46.525676
        ]
      },
      "properties": {
        "address": "['rueCouchirard 16. Gar', 'At. av. deMorges 58']",
        "Nom": "Rue Couchirard",
        "Métier": "['garagiste']",
        "Classification": "intermediaire",
        "LigneOriginal": "Mégroz-Bovard Edmond, garagiste, rueCouchirard 16. Gar. et At. av. deMorges 58. T. 24 02 58.",
        "sheet": "Rue Couchirard",
        "year": 1951
      }
    },
    {
      "type": "Feature",
      "geometry": {
        "type": "Point",
        "coordinates": [
          6.612552,
          46.525585
        ]
      },
      "properties": {
        "address": "[',rue Couchirard 5']",
        "Nom": "Rue Couchirard",
        "Métier": "['mécan. chauff']",
        "Classification": "proletaire",
        "LigneOriginal": "Michel-Baumeyer René, mécan. chauff.,rue Couchirard 5.",
        "sheet": "Rue Couchirard",
        "year": 1951
      }
    },
    {
      "type": "Feature",
      "geometry": {
        "type": "Point",
        "coordinates": [
          6.612781,
          46.525581
        ]
      },
      "properties": {
        "address": "['rueCouchirard 3']",
        "Nom": "Rue Couchirard",
        "Métier": "['représentant']",
        "Classification": "intermediaire",
        "LigneOriginal": "Nicond-ThBni David, représentant, rueCouchirard 3. T. 24 66 30.",
        "sheet": "Rue Couchirard",
        "year": 1951
      }
    },
    {
      "type": "Feature",
      "geometry": {
        "type": "Point",
        "coordinates": [
          6.612552,
          46.525585
        ]
      },
      "properties": {
        "address": "['rueCouchirard 5']",
        "Nom": "Rue Couchirard",
        "Métier": "['ébéniste']",
        "Classification": "proletaire",
        "LigneOriginal": "Nyffeler-Beyeler Ernest, ébéniste, rueCouchirard 5.",
        "sheet": "Rue Couchirard",
        "year": 1951
      }
    },
    {
      "type": "Feature",
      "geometry": {
        "type": "Point",
        "coordinates": [
          6.612263,
          46.525591
        ]
      },
      "properties": {
        "address": "['rueCouchirard 7']",
        "Nom": "Rue Couchirard",
        "Métier": "['comptable']",
        "Classification": "intermediaire",
        "LigneOriginal": "Pasche-Viret Georges, comptable, rueCouchirard 7.",
        "sheet": "Rue Couchirard",
        "year": 1951
      }
    },
    {
      "type": "Feature",
      "geometry": {
        "type": "Point",
        "coordinates": [
          6.613217,
          46.526734
        ]
      },
      "properties": {
        "address": "['rueCouchirard 12']",
        "Nom": "Rue Couchirard",
        "Métier": "['boulanger']",
        "Classification": "proletaire",
        "LigneOriginal": "Paux-Gaillachon Rémy. boulanger, rueCouchirard 12.",
        "sheet": "Rue Couchirard",
        "year": 1951
      }
    },
    {
      "type": "Feature",
      "geometry": {
        "type": "Point",
        "coordinates": [
          6.612781,
          46.525581
        ]
      },
      "properties": {
        "address": "['rueCouchirard 3']",
        "Nom": "Rue Couchirard",
        "Métier": "['serrurier']",
        "Classification": "intermediaire",
        "LigneOriginal": "Pavoni-Perrottet Emilio, serrurier, rueCouchirard 3.",
        "sheet": "Rue Couchirard",
        "year": 1951
      }
    },
    {
      "type": "Feature",
      "geometry": {
        "type": "Point",
        "coordinates": [
          6.613289,
          46.526956
        ]
      },
      "properties": {
        "address": "['menuisier.rue Couchirard 14']",
        "Nom": "Rue Couchirard",
        "Métier": "[]",
        "Classification": "",
        "LigneOriginal": "Pellegrinelli-Magnin Pierre, menuisier.rue Couchirard 14.",
        "sheet": "Rue Couchirard",
        "year": 1951
      }
    },
    {
      "type": "Feature",
      "geometry": {
        "type": "Point",
        "coordinates": [
          6.613045,
          46.525676
        ]
      },
      "properties": {
        "address": "['boulanger rueCouchirard 15. M. Ap.']",
        "Nom": "Rue Couchirard",
        "Métier": "[]",
        "Classification": "",
        "LigneOriginal": "Perret-Bezençon Robert, boulanger rueCouchirard 15. M. Ap. T. 241819.",
        "sheet": "Rue Couchirard",
        "year": 1951
      }
    },
    {
      "type": "Feature",
      "geometry": {
        "type": "Point",
        "coordinates": [
          6.612735,
          46.5258
        ]
      },
      "properties": {
        "address": "['rueCouchirard 13']",
        "Nom": "Rue Couchirard",
        "Métier": "['mécanicien']",
        "Classification": "intermediaire",
        "LigneOriginal": "Perret-Pasqnier Roger, mécanicien, rueCouchirard 13.",
        "sheet": "Rue Couchirard",
        "year": 1951
      }
    },
    {
      "type": "Feature",
      "geometry": {
        "type": "Point",
        "coordinates": [
          6.613295,
          46.527088
        ]
      },
      "properties": {
        "address": "['rueCouchirard 16']",
        "Nom": "Rue Couchirard",
        "Métier": "['emp. T. L.']",
        "Classification": "",
        "LigneOriginal": "Peyrin-Sangy Charles, emp. T. L., rueCouchirard 16. T. 24 16 74.",
        "sheet": "Rue Couchirard",
        "year": 1951
      }
    },
    {
      "type": "Feature",
      "geometry": {
        "type": "Point",
        "coordinates": [
          6.612781,
          46.525581
        ]
      },
      "properties": {
        "address": "['rueCouchirard 3']",
        "Nom": "Rue Couchirard",
        "Métier": "['commerç.']",
        "Classification": "proletaire",
        "LigneOriginal": "Pezzati-Chatelanat Jean, commerç., rueCouchirard 3.",
        "sheet": "Rue Couchirard",
        "year": 1951
      }
    },
    {
      "type": "Feature",
      "geometry": {
        "type": "Point",
        "coordinates": [
          6.61287,
          46.525968
        ]
      },
      "properties": {
        "address": "['rueCouchirard 15']",
        "Nom": "Rue Couchirard",
        "Métier": "['carrossier']",
        "Classification": "intermediaire",
        "LigneOriginal": "Piacenza-Costa Joseph, carrossier, rueCouchirard 15.",
        "sheet": "Rue Couchirard",
        "year": 1951
      }
    },
    {
      "type": "Feature",
      "geometry": {
        "type": "Point",
        "coordinates": [
          6.6132,
          46.526606
        ]
      },
      "properties": {
        "address": "['rue Couchirard 10']",
        "Nom": "Rue Couchirard",
        "Métier": "['chauffeur auto']",
        "Classification": "proletaire",
        "LigneOriginal": "Raymond-Krummenacher Ernest, chauffeur auto, rue Couchirard 10.",
        "sheet": "Rue Couchirard",
        "year": 1951
      }
    },
    {
      "type": "Feature",
      "geometry": {
        "type": "Point",
        "coordinates": [
          6.612263,
          46.525591
        ]
      },
      "properties": {
        "address": "['rue Couchirard 7']",
        "Nom": "Rue Couchirard",
        "Métier": "['représentant']",
        "Classification": "intermediaire",
        "LigneOriginal": "Redard-Hebert Armand, représentant,. rue Couchirard 7.",
        "sheet": "Rue Couchirard",
        "year": 1951
      }
    },
    {
      "type": "Feature",
      "geometry": {
        "type": "Point",
        "coordinates": [
          6.61287,
          46.525968
        ]
      },
      "properties": {
        "address": "['rueCouchirard 15']",
        "Nom": "Rue Couchirard",
        "Métier": "['man.']",
        "Classification": "proletaire",
        "LigneOriginal": "Redard-Honsberger Charles, man., rueCouchirard 15.",
        "sheet": "Rue Couchirard",
        "year": 1951
      }
    },
    {
      "type": "Feature",
      "geometry": {
        "type": "Point",
        "coordinates": [
          6.613289,
          46.526956
        ]
      },
      "properties": {
        "address": "['rueCouchirard 14']",
        "Nom": "Rue Couchirard",
        "Métier": "['empi. bur.']",
        "Classification": "intermediaire",
        "LigneOriginal": "Reybaz-Rochat Alois, empi. bur., rueCouchirard 14.",
        "sheet": "Rue Couchirard",
        "year": 1951
      }
    },
    {
      "type": "Feature",
      "geometry": {
        "type": "Point",
        "coordinates": [
          6.613289,
          46.526956
        ]
      },
      "properties": {
        "address": "['rue Couchirard 14']",
        "Nom": "Rue Couchirard",
        "Métier": "['tôlier']",
        "Classification": "proletaire",
        "LigneOriginal": "Roagna-Jossi Michel, tôlier, rue Couchirard 14.",
        "sheet": "Rue Couchirard",
        "year": 1951
      }
    },
    {
      "type": "Feature",
      "geometry": {
        "type": "Point",
        "coordinates": [
          6.613195,
          46.526479
        ]
      },
      "properties": {
        "address": "['rue Couchirard 8']",
        "Nom": "Rue Couchirard",
        "Métier": "[]",
        "Classification": "",
        "LigneOriginal": "Rohr-Brunner Frida, rue Couchirard 8",
        "sheet": "Rue Couchirard",
        "year": 1951
      }
    },
    {
      "type": "Feature",
      "geometry": {
        "type": "Point",
        "coordinates": [
          6.613289,
          46.526956
        ]
      },
      "properties": {
        "address": "['rueCouchirard 14']",
        "Nom": "Rue Couchirard",
        "Métier": "['représ']",
        "Classification": "intermediaire",
        "LigneOriginal": "Rohrmnller-Seydonx Louis, représ., rueCouchirard 14.",
        "sheet": "Rue Couchirard",
        "year": 1951
      }
    },
    {
      "type": "Feature",
      "geometry": {
        "type": "Point",
        "coordinates": [
          6.612735,
          46.5258
        ]
      },
      "properties": {
        "address": "['rue Couchirard 13']",
        "Nom": "Rue Couchirard",
        "Métier": "[]",
        "Classification": "",
        "LigneOriginal": "— Elise, rue Couchirard 13.",
        "sheet": "Rue Couchirard",
        "year": 1951
      }
    },
    {
      "type": "Feature",
      "geometry": {
        "type": "Point",
        "coordinates": [
          6.612263,
          46.525591
        ]
      },
      "properties": {
        "address": "['rueCouchirard 7']",
        "Nom": "Rue Couchirard",
        "Métier": "['serrurier']",
        "Classification": "intermediaire",
        "LigneOriginal": "Rossetti-Bnssy Isidore, serrurier, rueCouchirard 7. T. 2417 02",
        "sheet": "Rue Couchirard",
        "year": 1951
      }
    },
    {
      "type": "Feature",
      "geometry": {
        "type": "Point",
        "coordinates": [
          6.612015,
          46.525595
        ]
      },
      "properties": {
        "address": "['rueCouchirard 9']",
        "Nom": "Rue Couchirard",
        "Métier": "['chauffeur']",
        "Classification": "proletaire",
        "LigneOriginal": "Roniller-Wannaz Lucien, chauffeur, rueCouchirard 9.",
        "sheet": "Rue Couchirard",
        "year": 1951
      }
    },
    {
      "type": "Feature",
      "geometry": {
        "type": "Point",
        "coordinates": [
          6.612015,
          46.525595
        ]
      },
      "properties": {
        "address": "['■rue Couchirard 9']",
        "Nom": "Rue Couchirard",
        "Métier": "['cordonnier,']",
        "Classification": "proletaire",
        "LigneOriginal": "Savary-Barbey Edmond, cordonnier,■rue Couchirard 9. T. 24 79 97.",
        "sheet": "Rue Couchirard",
        "year": 1951
      }
    },
    {
      "type": "Feature",
      "geometry": {
        "type": "Point",
        "coordinates": [
          6.612781,
          46.525581
        ]
      },
      "properties": {
        "address": "['rueCouchirard 3']",
        "Nom": "Rue Couchirard",
        "Métier": "['emp. comm .']",
        "Classification": "intermediaire",
        "LigneOriginal": "Seebach-Clerc Louis, emp. comm . rueCouchirard 3.",
        "sheet": "Rue Couchirard",
        "year": 1951
      }
    },
    {
      "type": "Feature",
      "geometry": {
        "type": "Point",
        "coordinates": [
          6.612015,
          46.525595
        ]
      },
      "properties": {
        "address": "['rueCouchirard 9']",
        "Nom": "Rue Couchirard",
        "Métier": "['serrurier']",
        "Classification": "intermediaire",
        "LigneOriginal": "Spagnol-Barraud Denis, serrurier, rueCouchirard 9. T. 24 7517",
        "sheet": "Rue Couchirard",
        "year": 1951
      }
    },
    {
      "type": "Feature",
      "geometry": {
        "type": "Point",
        "coordinates": [
          6.612015,
          46.525595
        ]
      },
      "properties": {
        "address": "['rueCouchirard 9']",
        "Nom": "Rue Couchirard",
        "Métier": "['administr']",
        "Classification": "intermediaire",
        "LigneOriginal": "Spagnol-Zoppi Arthur, administr., rueCouchirard 9. T. 24 70 33",
        "sheet": "Rue Couchirard",
        "year": 1951
      }
    },
    {
      "type": "Feature",
      "geometry": {
        "type": "Point",
        "coordinates": [
          6.612735,
          46.5258
        ]
      },
      "properties": {
        "address": "['rueCouchirard 13']",
        "Nom": "Rue Couchirard",
        "Métier": "['manœuvre']",
        "Classification": "proletaire",
        "LigneOriginal": "Stoller-Delapierre René, manœuvre, rueCouchirard 13.",
        "sheet": "Rue Couchirard",
        "year": 1951
      }
    },
    {
      "type": "Feature",
      "geometry": {
        "type": "Point",
        "coordinates": [
          6.612926,
          46.525353
        ]
      },
      "properties": {
        "address": "['rueCouchirard 1']",
        "Nom": "Rue Couchirard",
        "Métier": "['emp. banque']",
        "Classification": "",
        "LigneOriginal": "Tenger-Rovelli Ivan. emp. banque, rueCouchirard 1.",
        "sheet": "Rue Couchirard",
        "year": 1951
      }
    },
    {
      "type": "Feature",
      "geometry": {
        "type": "Point",
        "coordinates": [
          6.612552,
          46.525585
        ]
      },
      "properties": {
        "address": "['chauffeur.rue Couchirard 5']",
        "Nom": "Rue Couchirard",
        "Métier": "[]",
        "Classification": "",
        "LigneOriginal": "Thévenaz-Birbanm Marcel, chauffeur.rue Couchirard 5.",
        "sheet": "Rue Couchirard",
        "year": 1951
      }
    },
    {
      "type": "Feature",
      "geometry": {
        "type": "Point",
        "coordinates": [
          6.612015,
          46.525595
        ]
      },
      "properties": {
        "address": "['rueCouchirard 9']",
        "Nom": "Rue Couchirard",
        "Métier": "['serrurier']",
        "Classification": "intermediaire",
        "LigneOriginal": "Veeser-Durussel Albert, serrurier, rueCouchirard 9.",
        "sheet": "Rue Couchirard",
        "year": 1951
      }
    },
    {
      "type": "Feature",
      "geometry": {
        "type": "Point",
        "coordinates": [
          6.612263,
          46.525591
        ]
      },
      "properties": {
        "address": "['rueCouchirard 7']",
        "Nom": "Rue Couchirard",
        "Métier": "['mécan.']",
        "Classification": "intermediaire",
        "LigneOriginal": "Veillard-Pelichet Charles, mécan., rueCouchirard 7.",
        "sheet": "Rue Couchirard",
        "year": 1951
      }
    },
    {
      "type": "Feature",
      "geometry": {
        "type": "Point",
        "coordinates": [
          6.612735,
          46.5258
        ]
      },
      "properties": {
        "address": "['rueCouchiirard 13']",
        "Nom": "Rue Couchirard",
        "Métier": "['employé T. L.']",
        "Classification": "intermediaire",
        "LigneOriginal": "VBgeli-Fuchs Henri, employé T. L., rueCouchiirard 13. T. 24 13 87.",
        "sheet": "Rue Couchirard",
        "year": 1951
      }
    },
    {
      "type": "Feature",
      "geometry": {
        "type": "Point",
        "coordinates": [
          6.613195,
          46.526479
        ]
      },
      "properties": {
        "address": "['n Pierre', 'rue Couchirard 8']",
        "Nom": "Rue Couchirard",
        "Métier": "['ajusteur CFF..']",
        "Classification": "intermediaire",
        "LigneOriginal": "Weiss-Bugno'n Pierre, ajusteur CFF..rue Couchirard 8.",
        "sheet": "Rue Couchirard",
        "year": 1951
      }
    },
    {
      "type": "Feature",
      "geometry": {
        "type": "Point",
        "coordinates": [
          6.613295,
          46.527088
        ]
      },
      "properties": {
        "address": "['technicien.rue Couchirard 16']",
        "Nom": "Rue Couchirard",
        "Métier": "[]",
        "Classification": "",
        "LigneOriginal": "Zaninetti-Rondolini Paolo, technicien.rue Couchirard 16. T. 24 4415.",
        "sheet": "Rue Couchirard",
        "year": 1951
      }
    },
    {
      "type": "Feature",
      "geometry": {
        "type": "Point",
        "coordinates": [
          6.617585,
          46.524028
        ]
      },
      "properties": {
        "address": "[',Terreaux 11. At. rue de Genève 10.T.']",
        "Nom": "Rue de Genève",
        "Métier": "['peintre-décor']",
        "Classification": "proletaire",
        "LigneOriginal": "Andersson-Vozy André, peintre-décor.,Terreaux 11. At. rue de Genève 10.T. 22 00 95.",
        "sheet": "Rue de Genève",
        "year": 1951
      }
    },
    {
      "type": "Feature",
      "geometry": {
        "type": "Point",
        "coordinates": [
          6.617585,
          46.524028
        ]
      },
      "properties": {
        "address": "['rue de Genève 66b']",
        "Nom": "Rue de Genève",
        "Métier": "['chauffeur']",
        "Classification": "proletaire",
        "LigneOriginal": "Bangneret-Fanchez Marius, chauffeur,rue de Genève 66b.",
        "sheet": "Rue de Genève",
        "year": 1951
      }
    },
    {
      "type": "Feature",
      "geometry": {
        "type": "Point",
        "coordinates": [
          6.609803,
          46.526002
        ]
      },
      "properties": {
        "address": "['Ap. et Atrue de Genève 5']",
        "Nom": "Rue de Genève",
        "Métier": "['relieur']",
        "Classification": "intermediaire",
        "LigneOriginal": "Bänninger Arnold, relieur, Ap. et Atrue de Genève 5.",
        "sheet": "Rue de Genève",
        "year": 1951
      }
    },
    {
      "type": "Feature",
      "geometry": {
        "type": "Point",
        "coordinates": [
          6.618489,
          46.524101
        ]
      },
      "properties": {
        "address": "['rue de Genève 56']",
        "Nom": "Rue de Genève",
        "Métier": "['ménag..']",
        "Classification": "proletaire",
        "LigneOriginal": "— Louise, ménag.. rue de Genève 56.",
        "sheet": "Rue de Genève",
        "year": 1951
      }
    },
    {
      "type": "Feature",
      "geometry": {
        "type": "Point",
        "coordinates": [
          6.61382,
          46.524694
        ]
      },
      "properties": {
        "address": "['La Pépinière, rue de Genève 79']",
        "Nom": "Rue de Genève",
        "Métier": "['jardinier']",
        "Classification": "proletaire",
        "LigneOriginal": "Barraud-Keusen Paul, jardinier. La Pépinière, rue de Genève 79.",
        "sheet": "Rue de Genève",
        "year": 1951
      }
    },
    {
      "type": "Feature",
      "geometry": {
        "type": "Point",
        "coordinates": [
          6.61176,
          46.525785
        ]
      },
      "properties": {
        "address": "['rue de Genève 94']",
        "Nom": "Rue de Genève",
        "Métier": "[]",
        "Classification": "",
        "LigneOriginal": "—• Jean-Paui, rue de Genève 94.",
        "sheet": "Rue de Genève",
        "year": 1951
      }
    },
    {
      "type": "Feature",
      "geometry": {
        "type": "Point",
        "coordinates": [
          6.61176,
          46.525785
        ]
      },
      "properties": {
        "address": "['rue de Genève 94']",
        "Nom": "Rue de Genève",
        "Métier": "[]",
        "Classification": "",
        "LigneOriginal": "— Pierre, rue de Genève 94.",
        "sheet": "Rue de Genève",
        "year": 1951
      }
    },
    {
      "type": "Feature",
      "geometry": {
        "type": "Point",
        "coordinates": [
          6.61176,
          46.525785
        ]
      },
      "properties": {
        "address": "['rue de Genève 94']",
        "Nom": "Rue de Genève",
        "Métier": "['ouv. de ville']",
        "Classification": "proletaire",
        "LigneOriginal": "Baud-Droz-Georget Paul, ouv. de ville,rue de Genève 94.",
        "sheet": "Rue de Genève",
        "year": 1951
      }
    },
    {
      "type": "Feature",
      "geometry": {
        "type": "Point",
        "coordinates": [
          6.612659,
          46.524976
        ]
      },
      "properties": {
        "address": "['rue de Genève 91']",
        "Nom": "Rue de Genève",
        "Métier": "[]",
        "Classification": "",
        "LigneOriginal": "-- Elisa, rue de Genève 91.",
        "sheet": "Rue de Genève",
        "year": 1951
      }
    },
    {
      "type": "Feature",
      "geometry": {
        "type": "Point",
        "coordinates": [
          6.617585,
          46.524028
        ]
      },
      "properties": {
        "address": "['Blanc-Dentan Marcel', 'Chêne-Vert, rue de Genève']",
        "Nom": "Rue de Genève",
        "Métier": "['emballeur']",
        "Classification": "proletaire",
        "LigneOriginal": "Blanc-Dentan Marcel, emballeur, Chêne-Vert, rue de Genève.",
        "sheet": "Rue de Genève",
        "year": 1951
      }
    },
    {
      "type": "Feature",
      "geometry": {
        "type": "Point",
        "coordinates": [
          6.617585,
          46.524028
        ]
      },
      "properties": {
        "address": "['La Rosée,rue de Genève']",
        "Nom": "Rue de Genève",
        "Métier": "['nég.']",
        "Classification": "proletaire",
        "LigneOriginal": "Boillat-Droz Eugène, nég., La Rosée,rue de Genève.",
        "sheet": "Rue de Genève",
        "year": 1951
      }
    },
    {
      "type": "Feature",
      "geometry": {
        "type": "Point",
        "coordinates": [
          6.611971,
          46.525781
        ]
      },
      "properties": {
        "address": "['rue de Genève 92']",
        "Nom": "Rue de Genève",
        "Métier": "['méc.-chauffeur,']",
        "Classification": "intermediaire",
        "LigneOriginal": "Caillet-Baverel Georges, méc.-chauffeur,rue de Genève 92.",
        "sheet": "Rue de Genève",
        "year": 1951
      }
    },
    {
      "type": "Feature",
      "geometry": {
        "type": "Point",
        "coordinates": [
          6.617585,
          46.524028
        ]
      },
      "properties": {
        "address": "['La Roséerue de Genève']",
        "Nom": "Rue de Genève",
        "Métier": "['Vve']",
        "Classification": "inactif",
        "LigneOriginal": "Campolo-Vachino Maria, Vve, La Roséerue de Genève.",
        "sheet": "Rue de Genève",
        "year": 1951
      }
    },
    {
      "type": "Feature",
      "geometry": {
        "type": "Point",
        "coordinates": [
          6.621438,
          46.523438
        ]
      },
      "properties": {
        "address": "['r. du Valentin 14', 'Al.rue de Genève 44']",
        "Nom": "Rue de Genève",
        "Métier": "['ébéniste']",
        "Classification": "proletaire",
        "LigneOriginal": "G ares lia-Tedeschi William, ébéniste,r. du Valentin 14. T. 23 79 67. Al.rue de Genève 44. T. 2419 66.",
        "sheet": "Rue de Genève",
        "year": 1951
      }
    },
    {
      "type": "Feature",
      "geometry": {
        "type": "Point",
        "coordinates": [
          6.617585,
          46.524028
        ]
      },
      "properties": {
        "address": "['rue de Genève 7ô']",
        "Nom": "Rue de Genève",
        "Métier": "[]",
        "Classification": "",
        "LigneOriginal": "Chevülard Jeanne, rue de Genève 7ô.",
        "sheet": "Rue de Genève",
        "year": 1951
      }
    },
    {
      "type": "Feature",
      "geometry": {
        "type": "Point",
        "coordinates": [
          6.614446,
          46.524812
        ]
      },
      "properties": {
        "address": "['rue de Genève 93']",
        "Nom": "Rue de Genève",
        "Métier": "[]",
        "Classification": "",
        "LigneOriginal": "laine 3, rue de Genève 93,",
        "sheet": "Rue de Genève",
        "year": 1951
      }
    },
    {
      "type": "Feature",
      "geometry": {
        "type": "Point",
        "coordinates": [
          6.611469,
          46.525838
        ]
      },
      "properties": {
        "address": "['appareilleurrue de Genève 96']",
        "Nom": "Rue de Genève",
        "Métier": "[]",
        "Classification": "",
        "LigneOriginal": "Croisier-Martinelli Georges, appareilleurrue de Genève 96.",
        "sheet": "Rue de Genève",
        "year": 1951
      }
    },
    {
      "type": "Feature",
      "geometry": {
        "type": "Point",
        "coordinates": [
          6.61176,
          46.525785
        ]
      },
      "properties": {
        "address": "['rue de Genève 94']",
        "Nom": "Rue de Genève",
        "Métier": "[]",
        "Classification": "",
        "LigneOriginal": "— Claude, rue de Genève 94.",
        "sheet": "Rue de Genève",
        "year": 1951
      }
    },
    {
      "type": "Feature",
      "geometry": {
        "type": "Point",
        "coordinates": [
          6.61176,
          46.525785
        ]
      },
      "properties": {
        "address": "['rue de Genève 94']",
        "Nom": "Rue de Genève",
        "Métier": "['ouvr. de ville']",
        "Classification": "proletaire",
        "LigneOriginal": "Destraz-Berthet Ulysse, ouvr. de ville,rue de Genève 94.",
        "sheet": "Rue de Genève",
        "year": 1951
      }
    },
    {
      "type": "Feature",
      "geometry": {
        "type": "Point",
        "coordinates": [
          6.611469,
          46.525838
        ]
      },
      "properties": {
        "address": "['rue de Genève 96']",
        "Nom": "Rue de Genève",
        "Métier": "['ouvr. à la voirie']",
        "Classification": "proletaire",
        "LigneOriginal": "Destraz-Decrind Ulysse, ouvr. à la voirie. rue de Genève 96.",
        "sheet": "Rue de Genève",
        "year": 1951
      }
    },
    {
      "type": "Feature",
      "geometry": {
        "type": "Point",
        "coordinates": [
          6.619945,
          46.523645
        ]
      },
      "properties": {
        "address": "['rue de Genève 50']",
        "Nom": "Rue de Genève",
        "Métier": "['menuisiers']",
        "Classification": "proletaire",
        "LigneOriginal": "Dnrianx 4 fils, menuisiers, rue de Genève 50. T. 24 79 01.",
        "sheet": "Rue de Genève",
        "year": 1951
      }
    },
    {
      "type": "Feature",
      "geometry": {
        "type": "Point",
        "coordinates": [
          6.615175,
          46.524846
        ]
      },
      "properties": {
        "address": "['rue de Genève 82']",
        "Nom": "Rue de Genève",
        "Métier": "[]",
        "Classification": "",
        "LigneOriginal": "Fromage Jura-Vandois S. A., rue de Genève 82. T. 22 14 72.",
        "sheet": "Rue de Genève",
        "year": 1951
      }
    },
    {
      "type": "Feature",
      "geometry": {
        "type": "Point",
        "coordinates": [
          6.617585,
          46.524028
        ]
      },
      "properties": {
        "address": "['rue de Genève 7.T']",
        "Nom": "Rue de Genève",
        "Métier": "[]",
        "Classification": "",
        "LigneOriginal": "Gazette de Lausanne, rue de Genève 7.T 22 84 04.",
        "sheet": "Rue de Genève",
        "year": 1951
      }
    },
    {
      "type": "Feature",
      "geometry": {
        "type": "Point",
        "coordinates": [
          6.609803,
          46.526002
        ]
      },
      "properties": {
        "address": "['rue de Genève 14']",
        "Nom": "Rue de Genève",
        "Métier": "['„ s.']",
        "Classification": "inactif",
        "LigneOriginal": "Gonella R„ s. à r. 1„ vins, rue de Genève 14. T. 22 83 99.",
        "sheet": "Rue de Genève",
        "year": 1951
      }
    },
    {
      "type": "Feature",
      "geometry": {
        "type": "Point",
        "coordinates": [
          6.617585,
          46.524028
        ]
      },
      "properties": {
        "address": "['rue de Genève 37', 'Gare du Flon']",
        "Nom": "Rue de Genève",
        "Métier": "['combustibles,', 'vieuxmétaux. Bur. et Chant']",
        "Classification": "proletaire",
        "LigneOriginal": "Goutte A. A Oie, combustibles, vieuxmétaux. Bur. et Chant, rue de Genève 37, Gare du Flon T. 22 33 94.",
        "sheet": "Rue de Genève",
        "year": 1951
      }
    },
    {
      "type": "Feature",
      "geometry": {
        "type": "Point",
        "coordinates": [
          6.627548,
          46.52178
        ]
      },
      "properties": {
        "address": "['rue de Genève 66', 'Atav. d’Echallens 21']",
        "Nom": "Rue de Genève",
        "Métier": "['radios']",
        "Classification": "???",
        "LigneOriginal": "— Roger, radios, rue de Genève 66. Atav. d’Echallens 21.",
        "sheet": "Rue de Genève",
        "year": 1951
      }
    },
    {
      "type": "Feature",
      "geometry": {
        "type": "Point",
        "coordinates": [
          6.614446,
          46.524812
        ]
      },
      "properties": {
        "address": "['rue de Genève 81']",
        "Nom": "Rue de Genève",
        "Métier": "['cuisinier']",
        "Classification": "proletaire",
        "LigneOriginal": "Guillod Geo-rgcs, cuisinier, rue de Genève 81.",
        "sheet": "Rue de Genève",
        "year": 1951
      }
    },
    {
      "type": "Feature",
      "geometry": {
        "type": "Point",
        "coordinates": [
          6.621754,
          46.523452
        ]
      },
      "properties": {
        "address": "['rue de Genève 42']",
        "Nom": "Rue de Genève",
        "Métier": "['fabrique d’aiguilles hypodermiques']",
        "Classification": "intermediaire",
        "LigneOriginal": "Guisan S. A., fabrique d’aiguilles hypodermiques, rue de Genève 42. Téléphone 2412 66. Bur. r. St-Pierre3. T. 22 02 20.",
        "sheet": "Rue de Genève",
        "year": 1951
      }
    },
    {
      "type": "Feature",
      "geometry": {
        "type": "Point",
        "coordinates": [
          6.627917,
          46.521691
        ]
      },
      "properties": {
        "address": "['chBonne-Espérance 12', 'rue de Genève 19']",
        "Nom": "Rue de Genève",
        "Métier": "['primeurs']",
        "Classification": "proletaire",
        "LigneOriginal": "Holzer-Wegmann Walter, primeurs, chBonne-Espérance 12. T. 28 07 34Caves rue de Genève 19",
        "sheet": "Rue de Genève",
        "year": 1951
      }
    },
    {
      "type": "Feature",
      "geometry": {
        "type": "Point",
        "coordinates": [
          6.61176,
          46.525785
        ]
      },
      "properties": {
        "address": "['rue de Genève 94']",
        "Nom": "Rue de Genève",
        "Métier": "['empi. TL..']",
        "Classification": "intermediaire",
        "LigneOriginal": "Jossevel Maurice, empi. TL.. rue de Genève 94.",
        "sheet": "Rue de Genève",
        "year": 1951
      }
    },
    {
      "type": "Feature",
      "geometry": {
        "type": "Point",
        "coordinates": [
          6.61176,
          46.525785
        ]
      },
      "properties": {
        "address": "['rue de Genève 94']",
        "Nom": "Rue de Genève",
        "Métier": "['manœuvre']",
        "Classification": "proletaire",
        "LigneOriginal": "Lambert-Jordan Casimir, manœuvre,rue de Genève 94.",
        "sheet": "Rue de Genève",
        "year": 1951
      }
    },
    {
      "type": "Feature",
      "geometry": {
        "type": "Point",
        "coordinates": [
          6.611971,
          46.525781
        ]
      },
      "properties": {
        "address": "['rue de Genève 92']",
        "Nom": "Rue de Genève",
        "Métier": "['camionneur']",
        "Classification": "proletaire",
        "LigneOriginal": "Ledermann-Dutoit Marius, camionneur,rue de Genève 92",
        "sheet": "Rue de Genève",
        "year": 1951
      }
    },
    {
      "type": "Feature",
      "geometry": {
        "type": "Point",
        "coordinates": [
          6.629542,
          46.52161
        ]
      },
      "properties": {
        "address": "['r. derue de Genève 6']",
        "Nom": "Rue de Genève",
        "Métier": "[\"Soc. suisse d'antisepsie\"]",
        "Classification": "",
        "LigneOriginal": "Lysoform, Soc. suisse d'antisepsie, r. derue de Genève 6. T. 22 90 75.",
        "sheet": "Rue de Genève",
        "year": 1951
      }
    },
    {
      "type": "Feature",
      "geometry": {
        "type": "Point",
        "coordinates": [
          6.612887,
          46.524922
        ]
      },
      "properties": {
        "address": "['rue de Genève 89']",
        "Nom": "Rue de Genève",
        "Métier": "[]",
        "Classification": "",
        "LigneOriginal": "Marazzi Luigia, rue de Genève 89.",
        "sheet": "Rue de Genève",
        "year": 1951
      }
    },
    {
      "type": "Feature",
      "geometry": {
        "type": "Point",
        "coordinates": [
          6.617585,
          46.524028
        ]
      },
      "properties": {
        "address": "['rue de Genève 77.T.']",
        "Nom": "Rue de Genève",
        "Métier": "['Cie S. A.', 'combustibles. mazout']",
        "Classification": "???",
        "LigneOriginal": "Martin André A Cie S. A., combustibles. mazout, rue de Genève 77.T. 24 85 34.",
        "sheet": "Rue de Genève",
        "year": 1951
      }
    },
    {
      "type": "Feature",
      "geometry": {
        "type": "Point",
        "coordinates": [
          6.613087,
          46.524875
        ]
      },
      "properties": {
        "address": "['rue de Genève 87']",
        "Nom": "Rue de Genève",
        "Métier": "['ouvrier voirie']",
        "Classification": "proletaire",
        "LigneOriginal": "Mayor-Cottier Edouard, ouvrier voirie,rue de Genève 87.",
        "sheet": "Rue de Genève",
        "year": 1951
      }
    },
    {
      "type": "Feature",
      "geometry": {
        "type": "Point",
        "coordinates": [
          6.612887,
          46.524922
        ]
      },
      "properties": {
        "address": "['rue de Genève 89']",
        "Nom": "Rue de Genève",
        "Métier": "[]",
        "Classification": "",
        "LigneOriginal": "— Joseph, rue de Genève 89.",
        "sheet": "Rue de Genève",
        "year": 1951
      }
    },
    {
      "type": "Feature",
      "geometry": {
        "type": "Point",
        "coordinates": [
          6.615175,
          46.524846
        ]
      },
      "properties": {
        "address": "['rue de Genève 82']",
        "Nom": "Rue de Genève",
        "Métier": "[]",
        "Classification": "",
        "LigneOriginal": "Mermond-Crnchon Charles, fromager,rue de Genève 82.",
        "sheet": "Rue de Genève",
        "year": 1951
      }
    },
    {
      "type": "Feature",
      "geometry": {
        "type": "Point",
        "coordinates": [
          6.618489,
          46.524101
        ]
      },
      "properties": {
        "address": "['rue de Genève 56']",
        "Nom": "Rue de Genève",
        "Métier": "['empi, bureau']",
        "Classification": "intermediaire",
        "LigneOriginal": "Montani-Pache Georges, empi, bureau,rue de Genève 56.",
        "sheet": "Rue de Genève",
        "year": 1951
      }
    },
    {
      "type": "Feature",
      "geometry": {
        "type": "Point",
        "coordinates": [
          6.615175,
          46.524846
        ]
      },
      "properties": {
        "address": "['rue de Genève 82']",
        "Nom": "Rue de Genève",
        "Métier": "[]",
        "Classification": "",
        "LigneOriginal": "— Daisy, rue de Genève 82.",
        "sheet": "Rue de Genève",
        "year": 1951
      }
    },
    {
      "type": "Feature",
      "geometry": {
        "type": "Point",
        "coordinates": [
          6.615175,
          46.524846
        ]
      },
      "properties": {
        "address": "['rue de Genève 82']",
        "Nom": "Rue de Genève",
        "Métier": "[]",
        "Classification": "",
        "LigneOriginal": "— Daniel, rue de Genève 82.",
        "sheet": "Rue de Genève",
        "year": 1951
      }
    },
    {
      "type": "Feature",
      "geometry": {
        "type": "Point",
        "coordinates": [
          6.618127,
          46.524197
        ]
      },
      "properties": {
        "address": "['pl.Chauderon 26', 'Dépôtrue de Genève 60']",
        "Nom": "Rue de Genève",
        "Métier": "['représentant']",
        "Classification": "intermediaire",
        "LigneOriginal": "Nell-Salomon Charles, représentant, pl.Chauderon 26. T. 24 64 15. Dépôtrue de Genève 60.",
        "sheet": "Rue de Genève",
        "year": 1951
      }
    },
    {
      "type": "Feature",
      "geometry": {
        "type": "Point",
        "coordinates": [
          6.617585,
          46.524028
        ]
      },
      "properties": {
        "address": "[',rue de Genève 66a']",
        "Nom": "Rue de Genève",
        "Métier": "['facteur post']",
        "Classification": "proletaire",
        "LigneOriginal": "Nicolas-Delacrétaz Albert, facteur post.,rue de Genève 66a.",
        "sheet": "Rue de Genève",
        "year": 1951
      }
    },
    {
      "type": "Feature",
      "geometry": {
        "type": "Point",
        "coordinates": [
          6.617703,
          46.524217
        ]
      },
      "properties": {
        "address": "['rue de Genève 66']",
        "Nom": "Rue de Genève",
        "Métier": "['g.-lai-tier']",
        "Classification": "proletaire",
        "LigneOriginal": "Ostermann-Kâsermann Auguste, g.-lai-tier, rue de Genève 66 h.",
        "sheet": "Rue de Genève",
        "year": 1951
      }
    },
    {
      "type": "Feature",
      "geometry": {
        "type": "Point",
        "coordinates": [
          6.618324,
          46.524559
        ]
      },
      "properties": {
        "address": "['rue de Genève 64']",
        "Nom": "Rue de Genève",
        "Métier": "['contremaître maçon']",
        "Classification": "proletaire",
        "LigneOriginal": "Passera-Toret Gaétan, contremaître maçon, rue de Genève 64.",
        "sheet": "Rue de Genève",
        "year": 1951
      }
    },
    {
      "type": "Feature",
      "geometry": {
        "type": "Point",
        "coordinates": [
          6.612887,
          46.524922
        ]
      },
      "properties": {
        "address": "['rue de Genève 89']",
        "Nom": "Rue de Genève",
        "Métier": "['veuve']",
        "Classification": "inactif",
        "LigneOriginal": "Pause-Grot Félise, veuve, rue de Genève 89.",
        "sheet": "Rue de Genève",
        "year": 1951
      }
    },
    {
      "type": "Feature",
      "geometry": {
        "type": "Point",
        "coordinates": [
          6.617585,
          46.524028
        ]
      },
      "properties": {
        "address": "['av. deMorges 153', 'rue de Genève 87.T.']",
        "Nom": "Rue de Genève",
        "Métier": "['menuisier']",
        "Classification": "proletaire",
        "LigneOriginal": "Pellet-Bourqui Peter, menuisier, av. deMorges 153. Al. rue de Genève 87.T. 24 07 56.",
        "sheet": "Rue de Genève",
        "year": 1951
      }
    },
    {
      "type": "Feature",
      "geometry": {
        "type": "Point",
        "coordinates": [
          6.627548,
          46.52178
        ]
      },
      "properties": {
        "address": "['av. Dcnt-d’Oche 3', 'Dépôtrue de Genève 21']",
        "Nom": "Rue de Genève",
        "Métier": "['spécialit. fourragères']",
        "Classification": "proletaire",
        "LigneOriginal": "Périllard-Hammel René, spécialit. fourragères, av. Dcnt-d’Oche 3. Dépôtrue de Genève 21.",
        "sheet": "Rue de Genève",
        "year": 1951
      }
    },
    {
      "type": "Feature",
      "geometry": {
        "type": "Point",
        "coordinates": [
          6.609803,
          46.526002
        ]
      },
      "properties": {
        "address": "['ch. Languedoc 17', 'rue de Genève 71']",
        "Nom": "Rue de Genève",
        "Métier": "['fond']",
        "Classification": "proletaire",
        "LigneOriginal": "Perret-Rochat Paul, fond., ch. Languedoc 17. T. 26 00 27. B. cl fonderie,rue de Genève 71. T. 2418 48.",
        "sheet": "Rue de Genève",
        "year": 1951
      }
    },
    {
      "type": "Feature",
      "geometry": {
        "type": "Point",
        "coordinates": [
          6.617585,
          46.524028
        ]
      },
      "properties": {
        "address": "['rue de Genève 91.T.']",
        "Nom": "Rue de Genève",
        "Métier": "['eaux minérales.Ap. et Bur']",
        "Classification": "???",
        "LigneOriginal": "Perrin-Henry André, eaux minérales.Ap. et Bur. : rue de Genève 91.T. 24 1295. Dépôt : av. Marge's-121.",
        "sheet": "Rue de Genève",
        "year": 1951
      }
    },
    {
      "type": "Feature",
      "geometry": {
        "type": "Point",
        "coordinates": [
          6.61176,
          46.525785
        ]
      },
      "properties": {
        "address": "['rue de Genève 94']",
        "Nom": "Rue de Genève",
        "Métier": "[]",
        "Classification": "",
        "LigneOriginal": "Pointet-Huber Marguerite, rue de Genève 94.",
        "sheet": "Rue de Genève",
        "year": 1951
      }
    },
    {
      "type": "Feature",
      "geometry": {
        "type": "Point",
        "coordinates": [
          6.628051,
          46.522006
        ]
      },
      "properties": {
        "address": "['rue de Genève 12']",
        "Nom": "Rue de Genève",
        "Métier": "['concierge']",
        "Classification": "proletaire",
        "LigneOriginal": "— Louis, concierge, rue de Genève 12.",
        "sheet": "Rue de Genève",
        "year": 1951
      }
    },
    {
      "type": "Feature",
      "geometry": {
        "type": "Point",
        "coordinates": [
          6.61176,
          46.525785
        ]
      },
      "properties": {
        "address": "[',rue de Genève 94']",
        "Nom": "Rue de Genève",
        "Métier": "['chauff.']",
        "Classification": "proletaire",
        "LigneOriginal": "Ranschert-Decnrnex Armand, chauff.,rue de Genève 94. T. 24 84 50.",
        "sheet": "Rue de Genève",
        "year": 1951
      }
    },
    {
      "type": "Feature",
      "geometry": {
        "type": "Point",
        "coordinates": [
          6.617585,
          46.524028
        ]
      },
      "properties": {
        "address": "['rue de Genève 70.B. At. et Ap.']",
        "Nom": "Rue de Genève",
        "Métier": "['fabrique de thermomètres métall']",
        "Classification": "intermediaire",
        "LigneOriginal": "Rueger Ernest, fabrique de thermomètres métall., rue de Genève 70.B. At. et Ap. T. 24 61 62.",
        "sheet": "Rue de Genève",
        "year": 1951
      }
    },
    {
      "type": "Feature",
      "geometry": {
        "type": "Point",
        "coordinates": [
          6.619059,
          46.523959
        ]
      },
      "properties": {
        "address": "['ch. de Boston 16', 'At.rue de Genève 52']",
        "Nom": "Rue de Genève",
        "Métier": "['meublesd occasion']",
        "Classification": "???",
        "LigneOriginal": "Ruffetta-Genevaz Giuseppe, meublesd occasion, ch. de Boston 16. At.rue de Genève 52. T. 24 4129.",
        "sheet": "Rue de Genève",
        "year": 1951
      }
    },
    {
      "type": "Feature",
      "geometry": {
        "type": "Point",
        "coordinates": [
          6.628503,
          46.521902
        ]
      },
      "properties": {
        "address": "['rue de Genève 10']",
        "Nom": "Rue de Genève",
        "Métier": "['représentations diverses']",
        "Classification": "intermediaire",
        "LigneOriginal": "Saric, s. à r. L, représentations diverses,rue de Genève 10. T 23 06 91.",
        "sheet": "Rue de Genève",
        "year": 1951
      }
    },
    {
      "type": "Feature",
      "geometry": {
        "type": "Point",
        "coordinates": [
          6.611971,
          46.525781
        ]
      },
      "properties": {
        "address": "['cond. T. L.rue de Genève 92']",
        "Nom": "Rue de Genève",
        "Métier": "[]",
        "Classification": "",
        "LigneOriginal": "Sanneon-Boerlond Rnhert, cond. T. L.rue de Genève 92.",
        "sheet": "Rue de Genève",
        "year": 1951
      }
    },
    {
      "type": "Feature",
      "geometry": {
        "type": "Point",
        "coordinates": [
          6.617703,
          46.524217
        ]
      },
      "properties": {
        "address": "['rue de Genève 66']",
        "Nom": "Rue de Genève",
        "Métier": "[]",
        "Classification": "",
        "LigneOriginal": "Schmidig-Gris Raymond, rue de Genève 66 a.",
        "sheet": "Rue de Genève",
        "year": 1951
      }
    },
    {
      "type": "Feature",
      "geometry": {
        "type": "Point",
        "coordinates": [
          6.627917,
          46.521691
        ]
      },
      "properties": {
        "address": "['rue de Genève 19']",
        "Nom": "Rue de Genève",
        "Métier": "['fournitures p. imprimeries']",
        "Classification": "proletaire",
        "LigneOriginal": "S.I.G. S.A., fournitures p. imprimeries,rue de Genève 19. T. 23 48 08.",
        "sheet": "Rue de Genève",
        "year": 1951
      }
    },
    {
      "type": "Feature",
      "geometry": {
        "type": "Point",
        "coordinates": [
          6.617585,
          46.524028
        ]
      },
      "properties": {
        "address": "['rue de Genève 18.T.']",
        "Nom": "Rue de Genève",
        "Métier": "[]",
        "Classification": "",
        "LigneOriginal": "Soc. des Entrepôts frigorifiques S. A.,Flon-Terreaux, rue de Genève 18.T. 22 95 78",
        "sheet": "Rue de Genève",
        "year": 1951
      }
    },
    {
      "type": "Feature",
      "geometry": {
        "type": "Point",
        "coordinates": [
          6.617585,
          46.524028
        ]
      },
      "properties": {
        "address": "['La Rosée, rue de Genève']",
        "Nom": "Rue de Genève",
        "Métier": "['maçon']",
        "Classification": "proletaire",
        "LigneOriginal": "Spozio-Rémy Gabriel, maçon, La Rosée, rue de Genève.",
        "sheet": "Rue de Genève",
        "year": 1951
      }
    },
    {
      "type": "Feature",
      "geometry": {
        "type": "Point",
        "coordinates": [
          6.617448,
          46.52441
        ]
      },
      "properties": {
        "address": "[',rue de Genève 70']",
        "Nom": "Rue de Genève",
        "Métier": "['ouvr. de fabr']",
        "Classification": "proletaire",
        "LigneOriginal": "Tardent-Laurent Vera, ouvr. de fabr.,rue de Genève 70.",
        "sheet": "Rue de Genève",
        "year": 1951
      }
    },
    {
      "type": "Feature",
      "geometry": {
        "type": "Point",
        "coordinates": [
          6.617585,
          46.524028
        ]
      },
      "properties": {
        "address": "['rue de Genève 66a']",
        "Nom": "Rue de Genève",
        "Métier": "[]",
        "Classification": "",
        "LigneOriginal": "Tarulfi-Barraud Eugénie, rue de Genève 66a.",
        "sheet": "Rue de Genève",
        "year": 1951
      }
    },
    {
      "type": "Feature",
      "geometry": {
        "type": "Point",
        "coordinates": [
          6.617703,
          46.524217
        ]
      },
      "properties": {
        "address": "[',rue de Genève 66']",
        "Nom": "Rue de Genève",
        "Métier": "['empi, de comm']",
        "Classification": "proletaire",
        "LigneOriginal": "Tarnifi-Haneter Jean, empi, de comm.,rue de Genève 66 a. T. 24 76 22.",
        "sheet": "Rue de Genève",
        "year": 1951
      }
    },
    {
      "type": "Feature",
      "geometry": {
        "type": "Point",
        "coordinates": [
          6.627548,
          46.52178
        ]
      },
      "properties": {
        "address": "['rue de Genève 21']",
        "Nom": "Rue de Genève",
        "Métier": "['S.A.. vins']",
        "Classification": "???",
        "LigneOriginal": "Tedeschi frères S.A.. vins, rue de Genève 21. T. 22 94 31.",
        "sheet": "Rue de Genève",
        "year": 1951
      }
    },
    {
      "type": "Feature",
      "geometry": {
        "type": "Point",
        "coordinates": [
          6.618489,
          46.524101
        ]
      },
      "properties": {
        "address": "['rue de Genève 56']",
        "Nom": "Rue de Genève",
        "Métier": "['emp. banque']",
        "Classification": "",
        "LigneOriginal": "Vhnillard-Villard Charles, emp. banque,rue de Genève 56. T. 24 76 31.",
        "sheet": "Rue de Genève",
        "year": 1951
      }
    },
    {
      "type": "Feature",
      "geometry": {
        "type": "Point",
        "coordinates": [
          6.609803,
          46.526002
        ]
      },
      "properties": {
        "address": "['rue de Genève 5']",
        "Nom": "Rue de Genève",
        "Métier": "[]",
        "Classification": "",
        "LigneOriginal": "Trullas & Cie (S.A.), primeurs en gros,rue de Genève 5 bis. T. 22 33 78Mag. ru» Centrale 1.",
        "sheet": "Rue de Genève",
        "year": 1951
      }
    },
    {
      "type": "Feature",
      "geometry": {
        "type": "Point",
        "coordinates": [
          6.628652,
          46.521595
        ]
      },
      "properties": {
        "address": "['rue de Genève 17']",
        "Nom": "Rue de Genève",
        "Métier": "['visit, aux douanes']",
        "Classification": "???",
        "LigneOriginal": "Vandrcz-Berger René, visit, aux douanes. rue de Genève 17.",
        "sheet": "Rue de Genève",
        "year": 1951
      }
    },
    {
      "type": "Feature",
      "geometry": {
        "type": "Point",
        "coordinates": [
          6.617585,
          46.524028
        ]
      },
      "properties": {
        "address": "['rue de Genève 62.T.']",
        "Nom": "Rue de Genève",
        "Métier": "['industriel']",
        "Classification": "???",
        "LigneOriginal": "— Henri, industriel, rue de Genève 62.T. 24 47 35",
        "sheet": "Rue de Genève",
        "year": 1951
      }
    },
    {
      "type": "Feature",
      "geometry": {
        "type": "Point",
        "coordinates": [
          6.618203,
          46.524151
        ]
      },
      "properties": {
        "address": "['rue de Genève 62']",
        "Nom": "Rue de Genève",
        "Métier": "['constructeurs']",
        "Classification": "proletaire",
        "LigneOriginal": "Viret & Oie, constructeurs, rue de Genève 62 T 24 47 35.",
        "sheet": "Rue de Genève",
        "year": 1951
      }
    },
    {
      "type": "Feature",
      "geometry": {
        "type": "Point",
        "coordinates": [
          6.612887,
          46.524922
        ]
      },
      "properties": {
        "address": "['rue de Genève 89']",
        "Nom": "Rue de Genève",
        "Métier": "[]",
        "Classification": "",
        "LigneOriginal": "— Hortense, rue de Genève 89.",
        "sheet": "Rue de Genève",
        "year": 1951
      }
    },
    {
      "type": "Feature",
      "geometry": {
        "type": "Point",
        "coordinates": [
          6.610647,
          46.531798
        ]
      },
      "properties": {
        "address": "['ferme de Valency']",
        "Nom": "Valency",
        "Métier": "[]",
        "Classification": "",
        "LigneOriginal": "—• Hermance, ferme de Valency.",
        "sheet": "Valency",
        "year": 1951
      }
    },
    {
      "type": "Feature",
      "geometry": {
        "type": "Point",
        "coordinates": [
          6.614048,
          46.527832
        ]
      },
      "properties": {
        "address": "['ch. du Parc deValency 19']",
        "Nom": "Valency",
        "Métier": "['manœuvre']",
        "Classification": "proletaire",
        "LigneOriginal": "— Maxime, manœuvre, ch. du Parc deValency 19.",
        "sheet": "Valency",
        "year": 1951
      }
    },
    {
      "type": "Feature",
      "geometry": {
        "type": "Point",
        "coordinates": [
          6.614048,
          46.527832
        ]
      },
      "properties": {
        "address": "['ch. duParc de Valency 19']",
        "Nom": "Valency",
        "Métier": "['veuve']",
        "Classification": "inactif",
        "LigneOriginal": "Bandère-Despont Angèle, veuve, ch. duParc de Valency 19.    <",
        "sheet": "Valency",
        "year": 1951
      }
    },
    {
      "type": "Feature",
      "geometry": {
        "type": "Point",
        "coordinates": [
          6.614048,
          46.527832
        ]
      },
      "properties": {
        "address": "['eh. duParc de Valency 19']",
        "Nom": "Valency",
        "Métier": "['cimenteur']",
        "Classification": "proletaire",
        "LigneOriginal": "Blaser-Blatter Henri, cimenteur, eh. duParc de Valency 19.",
        "sheet": "Valency",
        "year": 1951
      }
    },
    {
      "type": "Feature",
      "geometry": {
        "type": "Point",
        "coordinates": [
          6.615148,
          46.527168
        ]
      },
      "properties": {
        "address": "['ch. Parc deValency 3']",
        "Nom": "Valency",
        "Métier": "['ébéniste']",
        "Classification": "proletaire",
        "LigneOriginal": "Bnlgheroni René, ébéniste, ch. Parc deValency 3.",
        "sheet": "Valency",
        "year": 1951
      }
    },
    {
      "type": "Feature",
      "geometry": {
        "type": "Point",
        "coordinates": [
          6.615148,
          46.527168
        ]
      },
      "properties": {
        "address": "['ch.du Parc de Valency 3']",
        "Nom": "Valency",
        "Métier": "['maçon']",
        "Classification": "proletaire",
        "LigneOriginal": "Bulgheroni-Begué Santino, maçon, ch.du Parc de Valency 3.",
        "sheet": "Valency",
        "year": 1951
      }
    },
    {
      "type": "Feature",
      "geometry": {
        "type": "Point",
        "coordinates": [
          6.614583,
          46.527522
        ]
      },
      "properties": {
        "address": "['ch duParc de Valency 15']",
        "Nom": "Valency",
        "Métier": "['magasinier']",
        "Classification": "proletaire",
        "LigneOriginal": "Capt-Palaz Charles, magasinier, ch duParc de Valency 15.",
        "sheet": "Valency",
        "year": 1951
      }
    },
    {
      "type": "Feature",
      "geometry": {
        "type": "Point",
        "coordinates": [
          6.615148,
          46.527168
        ]
      },
      "properties": {
        "address": "['ch. du Parc-de-Valency 3']",
        "Nom": "Valency",
        "Métier": "['peintre']",
        "Classification": "proletaire",
        "LigneOriginal": "— Santino, peintre, ch. du Parc-de-Valency 3",
        "sheet": "Valency",
        "year": 1951
      }
    },
    {
      "type": "Feature",
      "geometry": {
        "type": "Point",
        "coordinates": [
          6.615148,
          46.527168
        ]
      },
      "properties": {
        "address": "['ch. duParc de Valency 3']",
        "Nom": "Valency",
        "Métier": "['empi. T.-L.,']",
        "Classification": "intermediaire",
        "LigneOriginal": "Cavin-Dutoit Henri, empi. T.-L., ch. duParc de Valency 3.",
        "sheet": "Valency",
        "year": 1951
      }
    },
    {
      "type": "Feature",
      "geometry": {
        "type": "Point",
        "coordinates": [
          6.61423,
          46.527356
        ]
      },
      "properties": {
        "address": "['ch. du Parcde Valency 9']",
        "Nom": "Valency",
        "Métier": "[]",
        "Classification": "",
        "LigneOriginal": "Chambettaz Alma-Cécile, ch. du Parcde Valency 9. T. 24 41 02.",
        "sheet": "Valency",
        "year": 1951
      }
    },
    {
      "type": "Feature",
      "geometry": {
        "type": "Point",
        "coordinates": [
          6.615148,
          46.527168
        ]
      },
      "properties": {
        "address": "['ch. Parc de Valency 3']",
        "Nom": "Valency",
        "Métier": "['garde']",
        "Classification": "proletaire",
        "LigneOriginal": "— Julie, garde, ch. Parc de Valency 3.",
        "sheet": "Valency",
        "year": 1951
      }
    },
    {
      "type": "Feature",
      "geometry": {
        "type": "Point",
        "coordinates": [
          6.60827,
          46.528816
        ]
      },
      "properties": {
        "address": "['ch. duParc de Valency 21']",
        "Nom": "Valency",
        "Métier": "['journalier']",
        "Classification": "proletaire",
        "LigneOriginal": "Chavan-Vuitel Henri, journalier, ch. duParc de Valency 21.",
        "sheet": "Valency",
        "year": 1951
      }
    },
    {
      "type": "Feature",
      "geometry": {
        "type": "Point",
        "coordinates": [
          6.60827,
          46.528816
        ]
      },
      "properties": {
        "address": "['ch. du l’arc îleValency 21']",
        "Nom": "Valency",
        "Métier": "[]",
        "Classification": "",
        "LigneOriginal": "Chollet-Gétaz Violette, ch. du l’arc îleValency 21.",
        "sheet": "Valency",
        "year": 1951
      }
    },
    {
      "type": "Feature",
      "geometry": {
        "type": "Point",
        "coordinates": [
          6.60827,
          46.528816
        ]
      },
      "properties": {
        "address": "['ch. du Parc deValency 21']",
        "Nom": "Valency",
        "Métier": "['techn. radio']",
        "Classification": "intermediaire",
        "LigneOriginal": "— Robert, techn. radio, ch. du Parc deValency 21.",
        "sheet": "Valency",
        "year": 1951
      }
    },
    {
      "type": "Feature",
      "geometry": {
        "type": "Point",
        "coordinates": [
          6.60827,
          46.528816
        ]
      },
      "properties": {
        "address": "['ch.du Parc-de-Valency 21']",
        "Nom": "Valency",
        "Métier": "['modiste']",
        "Classification": "intermediaire",
        "LigneOriginal": "Colliond-Fornachon Ruth, modiste, ch.du Parc-de-Valency 21.",
        "sheet": "Valency",
        "year": 1951
      }
    },
    {
      "type": "Feature",
      "geometry": {
        "type": "Point",
        "coordinates": [
          6.61423,
          46.527356
        ]
      },
      "properties": {
        "address": "['.. ch.Parc-de-Valency 9']",
        "Nom": "Valency",
        "Métier": "['emo. bur']",
        "Classification": "intermediaire",
        "LigneOriginal": "Colomb-Schmid Eugène, emo. bur.. ch.Parc-de-Valency 9.",
        "sheet": "Valency",
        "year": 1951
      }
    },
    {
      "type": "Feature",
      "geometry": {
        "type": "Point",
        "coordinates": [
          6.60827,
          46.528816
        ]
      },
      "properties": {
        "address": "['ch. du Parc de Valency 21']",
        "Nom": "Valency",
        "Métier": "['emp. hôtel']",
        "Classification": "intermediaire",
        "LigneOriginal": "Cotting-Morand Ferdinand, emp. hôtel,ch. du Parc de Valency 21.",
        "sheet": "Valency",
        "year": 1951
      }
    },
    {
      "type": "Feature",
      "geometry": {
        "type": "Point",
        "coordinates": [
          6.614048,
          46.527832
        ]
      },
      "properties": {
        "address": "['Parc deValency 19']",
        "Nom": "Valency",
        "Métier": "['maçon']",
        "Classification": "proletaire",
        "LigneOriginal": "Cransaz-Gilliand René, maçon. Parc deValency 19.",
        "sheet": "Valency",
        "year": 1951
      }
    },
    {
      "type": "Feature",
      "geometry": {
        "type": "Point",
        "coordinates": [
          6.614048,
          46.527832
        ]
      },
      "properties": {
        "address": "['ch. duParc-de-Valency 19']",
        "Nom": "Valency",
        "Métier": "['man']",
        "Classification": "proletaire",
        "LigneOriginal": "Cretignier-Padey Henri, man., ch. duParc-de-Valency 19.",
        "sheet": "Valency",
        "year": 1951
      }
    },
    {
      "type": "Feature",
      "geometry": {
        "type": "Point",
        "coordinates": [
          6.614792,
          46.527414
        ]
      },
      "properties": {
        "address": "['chemin du Parcde Valency 13']",
        "Nom": "Valency",
        "Métier": "['vendeuse']",
        "Classification": "proletaire",
        "LigneOriginal": "— Renée, vendeuse, chemin du Parcde Valency 13.",
        "sheet": "Valency",
        "year": 1951
      }
    },
    {
      "type": "Feature",
      "geometry": {
        "type": "Point",
        "coordinates": [
          6.614792,
          46.527414
        ]
      },
      "properties": {
        "address": "['ch. duParc de Valency 13']",
        "Nom": "Valency",
        "Métier": "['retraité']",
        "Classification": "inactif",
        "LigneOriginal": "Cruchon-Liaudet Paul, retraité, ch. duParc de Valency 13.",
        "sheet": "Valency",
        "year": 1951
      }
    },
    {
      "type": "Feature",
      "geometry": {
        "type": "Point",
        "coordinates": [
          6.615148,
          46.527168
        ]
      },
      "properties": {
        "address": "['ch. Parc-de-Valency 3']",
        "Nom": "Valency",
        "Métier": "['Veuve', 'modiste']",
        "Classification": "proletaire",
        "LigneOriginal": "Cnérel-Anchisi Pasqualine, Veuve, modiste, ch. Parc-de-Valency 3.",
        "sheet": "Valency",
        "year": 1951
      }
    },
    {
      "type": "Feature",
      "geometry": {
        "type": "Point",
        "coordinates": [
          6.615148,
          46.527168
        ]
      },
      "properties": {
        "address": "['ch. duParc de Valency 3']",
        "Nom": "Valency",
        "Métier": "['horloger']",
        "Classification": "intermediaire",
        "LigneOriginal": "Dagon-Bonrqui André, horloger, ch. duParc de Valency 3.",
        "sheet": "Valency",
        "year": 1951
      }
    },
    {
      "type": "Feature",
      "geometry": {
        "type": "Point",
        "coordinates": [
          6.61423,
          46.527356
        ]
      },
      "properties": {
        "address": "['■ ch. Parc de Valency 9']",
        "Nom": "Valency",
        "Métier": "['sous-direct. Union Vaudoise du Crédit,']",
        "Classification": "intermediaire",
        "LigneOriginal": "Decollogny-Chambettaz Adolphe, sous-direct. Union Vaudoise du Crédit,■ ch. Parc de Valency 9. T. 2415 22.",
        "sheet": "Valency",
        "year": 1951
      }
    },
    {
      "type": "Feature",
      "geometry": {
        "type": "Point",
        "coordinates": [
          6.615541,
          46.527093
        ]
      },
      "properties": {
        "address": "['ch. du Parc deValency 1']",
        "Nom": "Valency",
        "Métier": "['coutur.']",
        "Classification": "proletaire",
        "LigneOriginal": "— Suzanne, coutur., ch. du Parc deValency 1.",
        "sheet": "Valency",
        "year": 1951
      }
    },
    {
      "type": "Feature",
      "geometry": {
        "type": "Point",
        "coordinates": [
          6.615541,
          46.527093
        ]
      },
      "properties": {
        "address": "['ch.du Parc de Valency 1']",
        "Nom": "Valency",
        "Métier": "['chauffeur']",
        "Classification": "proletaire",
        "LigneOriginal": "Diserens-Buchs Francois, chauffeur, ch.du Parc de Valency 1",
        "sheet": "Valency",
        "year": 1951
      }
    },
    {
      "type": "Feature",
      "geometry": {
        "type": "Point",
        "coordinates": [
          6.614583,
          46.527522
        ]
      },
      "properties": {
        "address": "['ch. Parc de Valency 15']",
        "Nom": "Valency",
        "Métier": "['insp. assurances,']",
        "Classification": "intermediaire",
        "LigneOriginal": "Dovat-Gisclon René, insp. assurances,ch. Parc de Valency 15. T. 24 04 66.",
        "sheet": "Valency",
        "year": 1951
      }
    },
    {
      "type": "Feature",
      "geometry": {
        "type": "Point",
        "coordinates": [
          6.615148,
          46.527168
        ]
      },
      "properties": {
        "address": "['ch.Parc de Valency 3']",
        "Nom": "Valency",
        "Métier": "['Veuve']",
        "Classification": "inactif",
        "LigneOriginal": "Dubach-Pedrocca Angèle, Veuve, ch.Parc de Valency 3.",
        "sheet": "Valency",
        "year": 1951
      }
    },
    {
      "type": "Feature",
      "geometry": {
        "type": "Point",
        "coordinates": [
          6.610647,
          46.531798
        ]
      },
      "properties": {
        "address": "[\"c'n. Parcde Valency 15. At. Clochetons 4.T.\"]",
        "Nom": "Valency",
        "Métier": "['tapissier']",
        "Classification": "proletaire",
        "LigneOriginal": "Duc-Vadi Hermann, tapissier, c'n. Parcde Valency 15. At. Clochetons 4.T. 24 13 44.",
        "sheet": "Valency",
        "year": 1951
      }
    },
    {
      "type": "Feature",
      "geometry": {
        "type": "Point",
        "coordinates": [
          6.614048,
          46.527832
        ]
      },
      "properties": {
        "address": "['ch duParc de Valency 19']",
        "Nom": "Valency",
        "Métier": "['man.']",
        "Classification": "proletaire",
        "LigneOriginal": "Dumont-Meylan Henri, man., ch duParc de Valency 19.",
        "sheet": "Valency",
        "year": 1951
      }
    },
    {
      "type": "Feature",
      "geometry": {
        "type": "Point",
        "coordinates": [
          6.615148,
          46.527168
        ]
      },
      "properties": {
        "address": "['ch. Parc de Valencv 3']",
        "Nom": "Valency",
        "Métier": "['cond. d’autobus']",
        "Classification": "intermediaire",
        "LigneOriginal": "Favre-Corthay Henri, cond. d’autobus,ch. Parc de Valencv 3. T. 24 45 93 \"",
        "sheet": "Valency",
        "year": 1951
      }
    },
    {
      "type": "Feature",
      "geometry": {
        "type": "Point",
        "coordinates": [
          6.615541,
          46.527093
        ]
      },
      "properties": {
        "address": "['ch. du Parc deValency 1']",
        "Nom": "Valency",
        "Métier": "['institutrice']",
        "Classification": "élevé",
        "LigneOriginal": "— Elise, institutrice, ch. du Parc deValency 1.",
        "sheet": "Valency",
        "year": 1951
      }
    },
    {
      "type": "Feature",
      "geometry": {
        "type": "Point",
        "coordinates": [
          6.615541,
          46.527093
        ]
      },
      "properties": {
        "address": "['ch.du Parc de Valency 1']",
        "Nom": "Valency",
        "Métier": "['diaconesse']",
        "Classification": "intermediaire",
        "LigneOriginal": "Ballanti Elise-Juliette, diaconesse, ch.du Parc de Valency 1. T. 24 73 50.",
        "sheet": "Valency",
        "year": 1951
      }
    },
    {
      "type": "Feature",
      "geometry": {
        "type": "Point",
        "coordinates": [
          6.60827,
          46.528816
        ]
      },
      "properties": {
        "address": "['chemin du Parc-de-Valency 15.T. 24']",
        "Nom": "Valency",
        "Métier": "['empi, de bureau']",
        "Classification": "intermediaire",
        "LigneOriginal": "Girod-Jaques Albert, empi, de bureau,chemin du Parc-de-Valency 15.T. 24 08 55.",
        "sheet": "Valency",
        "year": 1951
      }
    },
    {
      "type": "Feature",
      "geometry": {
        "type": "Point",
        "coordinates": [
          6.614048,
          46.527832
        ]
      },
      "properties": {
        "address": "['chdu Parc de Valency 19']",
        "Nom": "Valency",
        "Métier": "['jardinier']",
        "Classification": "proletaire",
        "LigneOriginal": "Heyer-Tschumy Edouard, jardinier, chdu Parc de Valency 19.",
        "sheet": "Valency",
        "year": 1951
      }
    },
    {
      "type": "Feature",
      "geometry": {
        "type": "Point",
        "coordinates": [
          6.60827,
          46.528816
        ]
      },
      "properties": {
        "address": "['ch. du Parcde Valency 21']",
        "Nom": "Valency",
        "Métier": "['lingère']",
        "Classification": "proletaire",
        "LigneOriginal": "Huguelet Berthe, lingère, ch. du Parcde Valency 21.",
        "sheet": "Valency",
        "year": 1951
      }
    },
    {
      "type": "Feature",
      "geometry": {
        "type": "Point",
        "coordinates": [
          6.614583,
          46.527522
        ]
      },
      "properties": {
        "address": "['ch.du Parc de Valency 15']",
        "Nom": "Valency",
        "Métier": "['magasinier']",
        "Classification": "proletaire",
        "LigneOriginal": "Jaccoud-Hanser Eugène, magasinier, ch.du Parc de Valency 15.",
        "sheet": "Valency",
        "year": 1951
      }
    },
    {
      "type": "Feature",
      "geometry": {
        "type": "Point",
        "coordinates": [
          6.614583,
          46.527522
        ]
      },
      "properties": {
        "address": "['ch. Parc deValency 15']",
        "Nom": "Valency",
        "Métier": "['couturière']",
        "Classification": "proletaire",
        "LigneOriginal": "— Madeleine, couturière, ch. Parc deValency 15. T. 24 07 52.",
        "sheet": "Valency",
        "year": 1951
      }
    },
    {
      "type": "Feature",
      "geometry": {
        "type": "Point",
        "coordinates": [
          6.614583,
          46.527522
        ]
      },
      "properties": {
        "address": "['ch.du Parc de Valency 15']",
        "Nom": "Valency",
        "Métier": "['retraité S. I.']",
        "Classification": "inactif",
        "LigneOriginal": "Jaqnes-Bader Albert, retraité S. I., ch.du Parc de Valency 15.",
        "sheet": "Valency",
        "year": 1951
      }
    },
    {
      "type": "Feature",
      "geometry": {
        "type": "Point",
        "coordinates": [
          6.615148,
          46.527168
        ]
      },
      "properties": {
        "address": "['ch. du Parc de Valency 3']",
        "Nom": "Valency",
        "Métier": "['ag. dé police']",
        "Classification": "intermediaire",
        "LigneOriginal": "Jaquier-Stondmann René, ag. dé police,ch. du Parc de Valency 3.",
        "sheet": "Valency",
        "year": 1951
      }
    },
    {
      "type": "Feature",
      "geometry": {
        "type": "Point",
        "coordinates": [
          6.610647,
          46.531798
        ]
      },
      "properties": {
        "address": "['ch. du Parc-de-Valency 1.T.']",
        "Nom": "Valency",
        "Métier": "['profess,retraité']",
        "Classification": "",
        "LigneOriginal": "Jeanrichard-Guggisberg Marcel, profess,retraité, ch. du Parc-de-Valency 1.T. 24 76 71.",
        "sheet": "Valency",
        "year": 1951
      }
    },
    {
      "type": "Feature",
      "geometry": {
        "type": "Point",
        "coordinates": [
          6.614048,
          46.527832
        ]
      },
      "properties": {
        "address": "['ch. du Parc de Valencv 19']",
        "Nom": "Valency",
        "Métier": "['Vve', 'repasseuse']",
        "Classification": "proletaire",
        "LigneOriginal": "Jolliet-Lebet Emma, Vve. repasseuse,ch. du Parc de Valencv 19.",
        "sheet": "Valency",
        "year": 1951
      }
    },
    {
      "type": "Feature",
      "geometry": {
        "type": "Point",
        "coordinates": [
          6.61423,
          46.527356
        ]
      },
      "properties": {
        "address": "['ch. duParc-de-Valency 9']",
        "Nom": "Valency",
        "Métier": "['linotypiste']",
        "Classification": "proletaire",
        "LigneOriginal": "Karly-Pilet Marcel, linotypiste, ch. duParc-de-Valency 9. T. 24 61 47.",
        "sheet": "Valency",
        "year": 1951
      }
    },
    {
      "type": "Feature",
      "geometry": {
        "type": "Point",
        "coordinates": [
          6.615541,
          46.527093
        ]
      },
      "properties": {
        "address": "['ch.du Parc-de-Valency 1']",
        "Nom": "Valency",
        "Métier": "['mécanicien']",
        "Classification": "intermediaire",
        "LigneOriginal": "Käser-Reymond Otto, mécanicien, ch.du Parc-de-Valency 1. T. 2416 88.",
        "sheet": "Valency",
        "year": 1951
      }
    },
    {
      "type": "Feature",
      "geometry": {
        "type": "Point",
        "coordinates": [
          6.615541,
          46.527093
        ]
      },
      "properties": {
        "address": "[',ch. Parc-de-Valency 1']",
        "Nom": "Valency",
        "Métier": "['maître gymn.']",
        "Classification": "intermediaire",
        "LigneOriginal": "Lederrey-Gamon René, maître gymn.,ch. Parc-de-Valency 1. T. 241818.",
        "sheet": "Valency",
        "year": 1951
      }
    },
    {
      "type": "Feature",
      "geometry": {
        "type": "Point",
        "coordinates": [
          6.60827,
          46.528816
        ]
      },
      "properties": {
        "address": "['ch. du Parc-de-Valency 21']",
        "Nom": "Valency",
        "Métier": "['man']",
        "Classification": "proletaire",
        "LigneOriginal": "Lentwyler Robert, man., ch. du Parc-de-Valency 21.",
        "sheet": "Valency",
        "year": 1951
      }
    },
    {
      "type": "Feature",
      "geometry": {
        "type": "Point",
        "coordinates": [
          6.615541,
          46.527093
        ]
      },
      "properties": {
        "address": "['ch.du Parc de Valency 1']",
        "Nom": "Valency",
        "Métier": "['sœur visitante']",
        "Classification": "intermediaire",
        "LigneOriginal": "Macquat Blanche, sœur visitante, ch.du Parc de Valency 1.",
        "sheet": "Valency",
        "year": 1951
      }
    },
    {
      "type": "Feature",
      "geometry": {
        "type": "Point",
        "coordinates": [
          6.614048,
          46.527832
        ]
      },
      "properties": {
        "address": "['ch. du Parc-de-Valency 19']",
        "Nom": "Valency",
        "Métier": "[]",
        "Classification": "",
        "LigneOriginal": "— Guy, ch. du Parc-de-Valency 19.",
        "sheet": "Valency",
        "year": 1951
      }
    },
    {
      "type": "Feature",
      "geometry": {
        "type": "Point",
        "coordinates": [
          6.614048,
          46.527832
        ]
      },
      "properties": {
        "address": "['ch.du Parc de Valency 19']",
        "Nom": "Valency",
        "Métier": "['man']",
        "Classification": "proletaire",
        "LigneOriginal": "Magnin-Martinval Charles, man, ch.du Parc de Valency 19.",
        "sheet": "Valency",
        "year": 1951
      }
    },
    {
      "type": "Feature",
      "geometry": {
        "type": "Point",
        "coordinates": [
          6.61423,
          46.527356
        ]
      },
      "properties": {
        "address": "['ch. Parc deValency 9']",
        "Nom": "Valency",
        "Métier": "['mécan.. CFF']",
        "Classification": "intermediaire",
        "LigneOriginal": "— Ernest, mécan.. CFF. ch. Parc deValency 9.",
        "sheet": "Valency",
        "year": 1951
      }
    },
    {
      "type": "Feature",
      "geometry": {
        "type": "Point",
        "coordinates": [
          6.614583,
          46.527522
        ]
      },
      "properties": {
        "address": "['ch. du Parc-dc-Valency 15']",
        "Nom": "Valency",
        "Métier": "[]",
        "Classification": "",
        "LigneOriginal": "— Rolande, ch. du Parc-dc-Valency 15.",
        "sheet": "Valency",
        "year": 1951
      }
    },
    {
      "type": "Feature",
      "geometry": {
        "type": "Point",
        "coordinates": [
          6.614583,
          46.527522
        ]
      },
      "properties": {
        "address": "['ch. Parc de Valency 15']",
        "Nom": "Valency",
        "Métier": "['facteur retr']",
        "Classification": "proletaire",
        "LigneOriginal": "Martin-Amandrnz-Vontaz Julien, facteur retr., ch. Parc de Valency 15.",
        "sheet": "Valency",
        "year": 1951
      }
    },
    {
      "type": "Feature",
      "geometry": {
        "type": "Point",
        "coordinates": [
          6.610647,
          46.531798
        ]
      },
      "properties": {
        "address": "['ch. du Parc-de-Valency 3.T.']",
        "Nom": "Valency",
        "Métier": "['employé debureau,']",
        "Classification": "intermediaire",
        "LigneOriginal": "Noverraz-Roniger Pierre, employé debureau, ch. du Parc-de-Valency 3.T. 24 41 25.",
        "sheet": "Valency",
        "year": 1951
      }
    },
    {
      "type": "Feature",
      "geometry": {
        "type": "Point",
        "coordinates": [
          6.615148,
          46.527168
        ]
      },
      "properties": {
        "address": "['L.,ch. Parc de Valencv 3']",
        "Nom": "Valency",
        "Métier": "['serr. T.']",
        "Classification": "proletaire",
        "LigneOriginal": "Perrin-Andereggen Samuel, serr. T. L.,ch. Parc de Valencv 3. T. 24 4353.",
        "sheet": "Valency",
        "year": 1951
      }
    },
    {
      "type": "Feature",
      "geometry": {
        "type": "Point",
        "coordinates": [
          6.615148,
          46.527168
        ]
      },
      "properties": {
        "address": "['ch. duParc de Valency 3']",
        "Nom": "Valency",
        "Métier": "['commerçante']",
        "Classification": "proletaire",
        "LigneOriginal": "Pillionel Nelda, commerçante, ch. duParc de Valency 3",
        "sheet": "Valency",
        "year": 1951
      }
    },
    {
      "type": "Feature",
      "geometry": {
        "type": "Point",
        "coordinates": [
          6.615148,
          46.527168
        ]
      },
      "properties": {
        "address": "['ch. du Parc deValency 3']",
        "Nom": "Valency",
        "Métier": "[]",
        "Classification": "",
        "LigneOriginal": "Pillionel-Guillat Aline, ch. du Parc deValency 3.",
        "sheet": "Valency",
        "year": 1951
      }
    },
    {
      "type": "Feature",
      "geometry": {
        "type": "Point",
        "coordinates": [
          6.615148,
          46.527168
        ]
      },
      "properties": {
        "address": "['ch. Parc de Valency 3']",
        "Nom": "Valency",
        "Métier": "['inst.']",
        "Classification": "élevé",
        "LigneOriginal": "— Violette, inst., ch. Parc de Valency 3",
        "sheet": "Valency",
        "year": 1951
      }
    },
    {
      "type": "Feature",
      "geometry": {
        "type": "Point",
        "coordinates": [
          6.61423,
          46.527356
        ]
      },
      "properties": {
        "address": "['. Parc de Valency 9']",
        "Nom": "Valency",
        "Métier": "['mécan. C. F. F.,ch']",
        "Classification": "intermediaire",
        "LigneOriginal": "Progin-Kohli Louis, mécan. C. F. F.,ch. Parc de Valency 9.",
        "sheet": "Valency",
        "year": 1951
      }
    },
    {
      "type": "Feature",
      "geometry": {
        "type": "Point",
        "coordinates": [
          6.615541,
          46.527093
        ]
      },
      "properties": {
        "address": "['ch. Parc-de-Valency 1']",
        "Nom": "Valency",
        "Métier": "[]",
        "Classification": "",
        "LigneOriginal": "— Maurice, ch. Parc-de-Valency 1.",
        "sheet": "Valency",
        "year": 1951
      }
    },
    {
      "type": "Feature",
      "geometry": {
        "type": "Point",
        "coordinates": [
          6.615148,
          46.527168
        ]
      },
      "properties": {
        "address": "['ch. du Parc deValency 3']",
        "Nom": "Valency",
        "Métier": "[]",
        "Classification": "",
        "LigneOriginal": "Robert-Rognon Marie, ch. du Parc deValency 3.",
        "sheet": "Valency",
        "year": 1951
      }
    },
    {
      "type": "Feature",
      "geometry": {
        "type": "Point",
        "coordinates": [
          6.614046,
          46.5274
        ]
      },
      "properties": {
        "address": "['ch. du Parc-de-Valency 11']",
        "Nom": "Valency",
        "Métier": "[]",
        "Classification": "",
        "LigneOriginal": "Schneeberger Elisabeth, ch. du Parc-de-Valency 11.",
        "sheet": "Valency",
        "year": 1951
      }
    },
    {
      "type": "Feature",
      "geometry": {
        "type": "Point",
        "coordinates": [
          6.610647,
          46.531798
        ]
      },
      "properties": {
        "address": "['ch. du Parc de Valency 11.T']",
        "Nom": "Valency",
        "Métier": "['technicien']",
        "Classification": "intermediaire",
        "LigneOriginal": "Schneeberger-Décosterd Armand, technicien, ch. du Parc de Valency 11.T 24 16 78",
        "sheet": "Valency",
        "year": 1951
      }
    },
    {
      "type": "Feature",
      "geometry": {
        "type": "Point",
        "coordinates": [
          6.614048,
          46.527832
        ]
      },
      "properties": {
        "address": "['chdu Parc de Valency 19']",
        "Nom": "Valency",
        "Métier": "['Vve']",
        "Classification": "inactif",
        "LigneOriginal": "Schneeberger-Jollien Emma. Vve. chdu Parc de Valency 19",
        "sheet": "Valency",
        "year": 1951
      }
    },
    {
      "type": "Feature",
      "geometry": {
        "type": "Point",
        "coordinates": [
          6.60827,
          46.528816
        ]
      },
      "properties": {
        "address": "['ch. de Valency 21']",
        "Nom": "Valency",
        "Métier": "['emnl. commerce']",
        "Classification": "intermediaire",
        "LigneOriginal": "Sciboz-Fiaux Maxime, emnl. commerce,ch. de Valency 21.",
        "sheet": "Valency",
        "year": 1951
      }
    },
    {
      "type": "Feature",
      "geometry": {
        "type": "Point",
        "coordinates": [
          6.60827,
          46.528816
        ]
      },
      "properties": {
        "address": "['chParc-de-Valency 3', 'Salon r. Haldimand 2']",
        "Nom": "Valency",
        "Métier": "['coiffeur']",
        "Classification": "proletaire",
        "LigneOriginal": "Stebler-Dnbach Frédéric, coiffeur, chParc-de-Valency 3 T. 24 87 22. Salon r. Haldimand 2. T. 23 67 18.",
        "sheet": "Valency",
        "year": 1951
      }
    },
    {
      "type": "Feature",
      "geometry": {
        "type": "Point",
        "coordinates": [
          6.615148,
          46.527168
        ]
      },
      "properties": {
        "address": "['ch. duParc de Valency 3']",
        "Nom": "Valency",
        "Métier": "['man.']",
        "Classification": "proletaire",
        "LigneOriginal": "Storrer-Fontanellaz Jean, man., ch. duParc de Valency 3.",
        "sheet": "Valency",
        "year": 1951
      }
    },
    {
      "type": "Feature",
      "geometry": {
        "type": "Point",
        "coordinates": [
          6.61423,
          46.527356
        ]
      },
      "properties": {
        "address": "['ch. du Parc-de-Valency 9']",
        "Nom": "Valency",
        "Métier": "[]",
        "Classification": "",
        "LigneOriginal": "— Marie, ch. du Parc-de-Valency 9.",
        "sheet": "Valency",
        "year": 1951
      }
    },
    {
      "type": "Feature",
      "geometry": {
        "type": "Point",
        "coordinates": [
          6.614583,
          46.527522
        ]
      },
      "properties": {
        "address": "['chdu Pnrc-de-Valency 15']",
        "Nom": "Valency",
        "Métier": "['charpentier']",
        "Classification": "proletaire",
        "LigneOriginal": "Vaucher-Conus Louis, charpentier, chdu Pnrc-de-Valency 15.",
        "sheet": "Valency",
        "year": 1951
      }
    },
    {
      "type": "Feature",
      "geometry": {
        "type": "Point",
        "coordinates": [
          6.615541,
          46.527093
        ]
      },
      "properties": {
        "address": "['ch. duParc-de-Valency 1']",
        "Nom": "Valency",
        "Métier": "['empi, postal']",
        "Classification": "proletaire",
        "LigneOriginal": "Viiet-Baïone Louis, empi, postal, ch. duParc-de-Valency 1 T. 24 62 18.",
        "sheet": "Valency",
        "year": 1951
      }
    },
    {
      "type": "Feature",
      "geometry": {
        "type": "Point",
        "coordinates": [
          6.60827,
          46.528816
        ]
      },
      "properties": {
        "address": "['ch. du Parc-de-Valency 21']",
        "Nom": "Valency",
        "Métier": "['encaisseur']",
        "Classification": "proletaire",
        "LigneOriginal": "— Roger, encaisseur, ch. du Parc-de-Valency 21.",
        "sheet": "Valency",
        "year": 1951
      }
    },
    {
      "type": "Feature",
      "geometry": {
        "type": "Point",
        "coordinates": [
          6.60827,
          46.528816
        ]
      },
      "properties": {
        "address": "['ch. du Parc-de Valency 21']",
        "Nom": "Valency",
        "Métier": "['A', ':', 've']",
        "Classification": "inactif",
        "LigneOriginal": "VSgeli-Gnignard Elisa, A:ve, ch. du Parc-de Valency 21.",
        "sheet": "Valency",
        "year": 1951
      }
    },
    {
      "type": "Feature",
      "geometry": {
        "type": "Point",
        "coordinates": [
          6.614046,
          46.5274
        ]
      },
      "properties": {
        "address": "['ch. du Parc-de-Valency 11']",
        "Nom": "Valency",
        "Métier": "[]",
        "Classification": "",
        "LigneOriginal": "— Louise, ch. du Parc-de-Valency 11.",
        "sheet": "Valency",
        "year": 1951
      }
    },
    {
      "type": "Feature",
      "geometry": {
        "type": "Point",
        "coordinates": [
          6.614046,
          46.5274
        ]
      },
      "properties": {
        "address": "['ch. duParc-de-Valency 11']",
        "Nom": "Valency",
        "Métier": "['Vve']",
        "Classification": "inactif",
        "LigneOriginal": "Vulliemin-Cavin Louise, Vve, ch. duParc-de-Valency 11.",
        "sheet": "Valency",
        "year": 1951
      }
    },
    {
      "type": "Feature",
      "geometry": {
        "type": "Point",
        "coordinates": [
          6.614792,
          46.527414
        ]
      },
      "properties": {
        "address": "['chemin duParc de Valency 13']",
        "Nom": "Valency",
        "Métier": "['emp. banque']",
        "Classification": "",
        "LigneOriginal": "— Charlotte, emp. banque, chemin duParc de Valency 13.",
        "sheet": "Valency",
        "year": 1951
      }
    },
    {
      "type": "Feature",
      "geometry": {
        "type": "Point",
        "coordinates": [
          6.614792,
          46.527414
        ]
      },
      "properties": {
        "address": "['ch. Parc-de-Valency 13']",
        "Nom": "Valency",
        "Métier": "['brigad. police']",
        "Classification": "intermediaire",
        "LigneOriginal": "Widmer-Etendu Charles, brigad. police,ch. Parc-de-Valency 13.",
        "sheet": "Valency",
        "year": 1951
      }
    },
    {
      "type": "Feature",
      "geometry": {
        "type": "Point",
        "coordinates": [
          6.60827,
          46.528816
        ]
      },
      "properties": {
        "address": "['chemin duParc de Valency 21']",
        "Nom": "Valency",
        "Métier": "['ouv. fahr']",
        "Classification": "intermediaire",
        "LigneOriginal": "Zeiter Yvonne, ouv. fahr., chemin duParc de Valency 21.",
        "sheet": "Valency",
        "year": 1951
      }
    },
    {
      "type": "Feature",
      "geometry": {
        "type": "Point",
        "coordinates": [
          6.622636,
          46.523549
        ]
      },
      "properties": {
        "address": "['chemin de Boston 7']",
        "Nom": "chemin de Boston",
        "Métier": "['sommelière']",
        "Classification": "intermediaire",
        "LigneOriginal": "— Yvonne, sommelière, chemin de Boston 7.",
        "sheet": "chemin de Boston",
        "year": 1951
      }
    },
    {
      "type": "Feature",
      "geometry": {
        "type": "Point",
        "coordinates": [
          6.622365,
          46.523569
        ]
      },
      "properties": {
        "address": "['chemin de Boston 9']",
        "Nom": "chemin de Boston",
        "Métier": "['instrum. dechirurgie']",
        "Classification": "élevé",
        "LigneOriginal": "Kroger-Gutknecht William, instrum. dechirurgie, chemin de Boston 9 a.T. 24 04 32.",
        "sheet": "chemin de Boston",
        "year": 1951
      }
    },
    {
      "type": "Feature",
      "geometry": {
        "type": "Point",
        "coordinates": [
          6.619949,
          46.523955
        ]
      },
      "properties": {
        "address": "['chemin de Boston 12']",
        "Nom": "chemin de Boston",
        "Métier": "[]",
        "Classification": "",
        "LigneOriginal": "Meyer-Peyronel Albert, chemin de Boston 12.",
        "sheet": "chemin de Boston",
        "year": 1951
      }
    },
    {
      "type": "Feature",
      "geometry": {
        "type": "Point",
        "coordinates": [
          6.618683,
          46.524412
        ]
      },
      "properties": {
        "address": "['chemin de Boston 9 b.T. 24']",
        "Nom": "chemin de Boston",
        "Métier": "['chauffeurmécan.']",
        "Classification": "intermediaire",
        "LigneOriginal": "Nonnenmacker-Ulrîch Willy, chauffeurmécan., chemin de Boston 9 b.T. 24 73 65.",
        "sheet": "chemin de Boston",
        "year": 1951
      }
    },
    {
      "type": "Feature",
      "geometry": {
        "type": "Point",
        "coordinates": [
          6.619503,
          46.524035
        ]
      },
      "properties": {
        "address": "['chemin de Boston 16']",
        "Nom": "chemin de Boston",
        "Métier": "['chauffeur']",
        "Classification": "proletaire",
        "LigneOriginal": "Portenier-Poyet Julien, chauffeur, chemin de Boston 16. T. 24 73 71.",
        "sheet": "chemin de Boston",
        "year": 1951
      }
    },
    {
      "type": "Feature",
      "geometry": {
        "type": "Point",
        "coordinates": [
          6.622365,
          46.523569
        ]
      },
      "properties": {
        "address": "['chemin de Boston 9']",
        "Nom": "chemin de Boston",
        "Métier": "['magasinier']",
        "Classification": "proletaire",
        "LigneOriginal": "Renevey-Kruger Paul, magasinier, chemin de Boston 9 a.",
        "sheet": "chemin de Boston",
        "year": 1951
      }
    },
    {
      "type": "Feature",
      "geometry": {
        "type": "Point",
        "coordinates": [
          6.62303,
          46.523529
        ]
      },
      "properties": {
        "address": "['chemin de Boston 3']",
        "Nom": "chemin de Boston",
        "Métier": "[]",
        "Classification": "",
        "LigneOriginal": "— Jean, chemin de Boston 3.",
        "sheet": "chemin de Boston",
        "year": 1951
      }
    },
    {
      "type": "Feature",
      "geometry": {
        "type": "Point",
        "coordinates": [
          6.61984,
          46.525504
        ]
      },
      "properties": {
        "address": "['chemin des Clochetons 29.T']",
        "Nom": "chemin des Clochetons",
        "Métier": "['chef contrôleurCFF.']",
        "Classification": "",
        "LigneOriginal": "Coithésv-Détiaz Louis, chef contrôleurCFF., chemin des Clochetons 29.T 2416 87.",
        "sheet": "chemin des Clochetons",
        "year": 1951
      }
    },
    {
      "type": "Feature",
      "geometry": {
        "type": "Point",
        "coordinates": [
          6.617876,
          46.526408
        ]
      },
      "properties": {
        "address": "['chemin des Clochetons 6']",
        "Nom": "chemin des Clochetons",
        "Métier": "['emp. bur']",
        "Classification": "intermediaire",
        "LigneOriginal": "— Roger, emp. bur.. chemin des Clochetons 6. T. 24 16 92.",
        "sheet": "chemin des Clochetons",
        "year": 1951
      }
    },
    {
      "type": "Feature",
      "geometry": {
        "type": "Point",
        "coordinates": [
          6.61991,
          46.525269
        ]
      },
      "properties": {
        "address": "['chemin des Clochetons 5']",
        "Nom": "chemin des Clochetons",
        "Métier": "['Berlha', 'veuve']",
        "Classification": "inactif",
        "LigneOriginal": "Kaufmann-Métry, Berlha. veuve, chemin des Clochetons 5.",
        "sheet": "chemin des Clochetons",
        "year": 1951
      }
    },
    {
      "type": "Feature",
      "geometry": {
        "type": "Point",
        "coordinates": [
          6.61984,
          46.525504
        ]
      },
      "properties": {
        "address": "['chemin des Clochetons 25.T.']",
        "Nom": "chemin des Clochetons",
        "Métier": "[]",
        "Classification": "",
        "LigneOriginal": "—• Nelly, chemin des Clochetons 25.T. 24 62 87.",
        "sheet": "chemin des Clochetons",
        "year": 1951
      }
    },
    {
      "type": "Feature",
      "geometry": {
        "type": "Point",
        "coordinates": [
          6.61984,
          46.525504
        ]
      },
      "properties": {
        "address": "['chemin des Clochetons 25T.']",
        "Nom": "chemin des Clochetons",
        "Métier": "['empi, commerce']",
        "Classification": "intermediaire",
        "LigneOriginal": "Locher-Schneeberger Jean, empi, commerce, chemin des Clochetons 25T. 24 64 54.",
        "sheet": "chemin des Clochetons",
        "year": 1951
      }
    },
    {
      "type": "Feature",
      "geometry": {
        "type": "Point",
        "coordinates": [
          6.617533,
          46.526757
        ]
      },
      "properties": {
        "address": "['chemin des Clochetons 14']",
        "Nom": "chemin des Clochetons",
        "Métier": "['caissière']",
        "Classification": "proletaire",
        "LigneOriginal": "Ruetschi-Michon Alice, caissière, chemin des Clochetons 14.",
        "sheet": "chemin des Clochetons",
        "year": 1951
      }
    },
    {
      "type": "Feature",
      "geometry": {
        "type": "Point",
        "coordinates": [
          6.61984,
          46.525504
        ]
      },
      "properties": {
        "address": "['chemin des Clochetons 9T.']",
        "Nom": "chemin des Clochetons",
        "Métier": "['empi, debanoue,']",
        "Classification": "intermediaire",
        "LigneOriginal": "Savonrey-Pythond Armand, empi, debanoue, chemin des Clochetons 9T. 2414 20.",
        "sheet": "chemin des Clochetons",
        "year": 1951
      }
    },
    {
      "type": "Feature",
      "geometry": {
        "type": "Point",
        "coordinates": [
          6.61991,
          46.525269
        ]
      },
      "properties": {
        "address": "['chemin des Clochetons 5']",
        "Nom": "chemin des Clochetons",
        "Métier": "['emp. C.G.N.']",
        "Classification": "intermediaire",
        "LigneOriginal": "— Paul, emp. C.G.N., chemin des Clochetons 5. T. 24 74 66",
        "sheet": "chemin des Clochetons",
        "year": 1951
      }
    },
    {
      "type": "Feature",
      "geometry": {
        "type": "Point",
        "coordinates": [
          6.614894,
          46.525162
        ]
      },
      "properties": {
        "address": "['chemin des Retraites 6']",
        "Nom": "chemin des Retraites",
        "Métier": "['Emile,.plâtr.-peintre.']",
        "Classification": "proletaire",
        "LigneOriginal": "— Emile,.plâtr.-peintre. chemin des Retraites 6. T. 24 65 53.",
        "sheet": "chemin des Retraites",
        "year": 1951
      }
    },
    {
      "type": "Feature",
      "geometry": {
        "type": "Point",
        "coordinates": [
          6.61437,
          46.525338
        ]
      },
      "properties": {
        "address": "['chemin des Retraites 5']",
        "Nom": "chemin des Retraites",
        "Métier": "['veuve']",
        "Classification": "inactif",
        "LigneOriginal": "Riddey-Pasche Valentine, veuve, chemin des Retraites 5.",
        "sheet": "chemin des Retraites",
        "year": 1951
      }
    },
    {
      "type": "Feature",
      "geometry": {
        "type": "Point",
        "coordinates": [
          6.614894,
          46.525162
        ]
      },
      "properties": {
        "address": "['chemin des Retraites 6']",
        "Nom": "chemin des Retraites",
        "Métier": "['cuisinier']",
        "Classification": "proletaire",
        "LigneOriginal": "Mennier-Masson Alfred, cuisinier, chemin des Retraites 6.",
        "sheet": "chemin des Retraites",
        "year": 1951
      }
    },
    {
      "type": "Feature",
      "geometry": {
        "type": "Point",
        "coordinates": [
          6.614159,
          46.5252
        ]
      },
      "properties": {
        "address": "['chemin des Retraites 2']",
        "Nom": "chemin des Retraites",
        "Métier": "['forgeron']",
        "Classification": "intermediaire",
        "LigneOriginal": "Michellod-Raemy Paul, forgeron, chemin des Retraites 2.",
        "sheet": "chemin des Retraites",
        "year": 1951
      }
    }
  ]
}